step,type,amount,oldbalanceOrg,newbalanceOrig,oldbalanceDest,newbalanceDest,isFraud
1,TRANSFER,2473.33,81965.02,57349.64,26099.72,28226.0,0
1,PAYMENT,13819.75,5968.5,3423.94,35537.63,42252.11,0
1,CASH_IN,2614.02,8721.57,6682.07,35112.72,36963.88,0
1,TRANSFER,855.97,37622.56,24561.13,12083.15,12426.58,0
1,TRANSFER,12057.96,16774.15,10482.52,3905.22,5376.89,1
1,CASH_OUT,27988.71,34478.35,19406.03,17379.03,31556.46,0
1,DEBIT,2819.5,1910.43,1158.58,31641.64,32348.0,0
1,CASH_OUT,3733.34,16234.65,9407.68,58020.87,60487.32,0
1,TRANSFER,2399.75,968.56,536.07,19592.74,21310.38,0
1,TRANSFER,866.03,15005.41,12569.75,30035.55,30399.62,0
1,CASH_IN,3488.82,4465.78,3503.52,11393.93,14668.65,0
1,PAYMENT,14437.36,51956.31,39136.82,7400.79,11081.99,0
1,DEBIT,34072.36,12518.02,10825.5,35837.4,55223.98,0
1,CASH_OUT,9137.7,17796.96,6223.04,15481.4,18588.06,0
1,PAYMENT,751.66,55227.4,49533.04,7638.83,7789.95,0
1,CASH_IN,1416.59,1395.26,1255.14,6590.35,7884.81,0
1,DEBIT,5850.98,1359.18,1154.26,14865.46,20689.45,0
1,TRANSFER,2193.6,107781.32,84551.78,16075.4,16555.78,0
1,TRANSFER,1826.17,990.54,766.25,12783.7,14504.65,0
1,TRANSFER,734.5,6298.05,5168.25,9333.35,9645.52,0
1,CASH_IN,985.0,13742.76,11433.91,2588.29,3463.34,0
1,CASH_OUT,572.35,9271.99,6750.57,2416.54,2901.85,0
1,TRANSFER,2067.89,10785.47,8488.89,1739.44,3370.46,0
1,CASH_OUT,858.56,5143.46,5061.41,2933.2,3180.23,0
1,PAYMENT,1294.01,2453.59,1725.92,17363.29,18537.0,0
1,PAYMENT,11325.28,6881.86,5660.29,12835.68,23357.37,0
1,CASH_OUT,1795.66,5726.68,4480.16,34416.28,35940.38,0
1,TRANSFER,8153.35,2626.0,1778.3,2751.94,4475.11,0
1,CASH_IN,1080.86,2192.11,1600.75,19676.44,20429.17,0
1,CASH_IN,3981.25,12451.29,7276.56,4031.05,7365.38,0
1,CASH_OUT,37877.0,3112.54,2709.92,31799.43,61534.07,1
1,PAYMENT,4576.09,5502.2,4492.33,10091.32,14001.89,0
1,DEBIT,3886.85,12097.81,10164.3,13584.83,14227.23,0
1,PAYMENT,11555.33,3170.75,2722.87,9748.26,18869.55,0
1,TRANSFER,703.26,3541.46,2274.91,4144.41,4472.98,0
1,CASH_OUT,2803.06,5892.69,3316.73,8546.82,11207.03,0
1,CASH_OUT,35443.31,20289.55,15386.63,7272.75,42156.81,0
1,CASH_OUT,981.31,3651.92,2791.03,7216.83,7685.66,0
1,CASH_OUT,6721.77,9383.97,8521.64,25393.67,28386.34,0
1,CASH_OUT,6739.01,16071.47,11557.4,5641.24,6398.11,0
1,PAYMENT,1128.43,8440.95,7811.57,28606.97,28911.21,0
1,CASH_IN,2802.15,12839.49,10076.93,76717.16,78973.44,0
1,CASH_OUT,893.54,44267.86,35387.94,10889.51,11007.64,0
1,PAYMENT,502.34,7564.4,6401.03,42840.17,42924.14,0
1,CASH_IN,9534.47,2164.47,1813.8,8467.82,13777.05,0
1,CASH_IN,7818.05,1830.98,1171.71,16722.28,19414.34,0
1,CASH_OUT,2744.69,3193.92,2398.78,17432.64,18753.41,0
1,CASH_IN,2814.57,4342.95,3401.2,13837.71,14690.85,0
1,CASH_OUT,18913.51,34702.12,18839.65,9533.31,13181.32,1
1,DEBIT,1496.32,6571.68,5498.24,19880.37,20704.89,0
1,PAYMENT,6794.46,9767.62,5988.73,18798.96,21021.53,0
1,CASH_IN,2013.84,15162.38,12050.59,10703.47,10973.7,0
1,CASH_OUT,2986.43,3394.42,3044.64,13202.17,15846.97,0
1,DEBIT,2135.72,202926.01,92541.85,12098.23,13193.83,0
1,TRANSFER,1496.19,36761.78,31162.28,7039.85,8293.02,0
1,PAYMENT,4994.1,14748.38,10433.53,13907.16,18119.25,0
1,PAYMENT,188.36,3256.78,2832.24,6318.04,6338.69,0
1,TRANSFER,15502.61,17656.73,7880.21,15658.9,22586.07,1
1,PAYMENT,4688.36,4060.82,2731.21,17426.91,20490.02,0
1,PAYMENT,1129.49,4713.06,3281.17,4493.95,4785.88,0
1,PAYMENT,2240.55,27949.99,22037.75,3421.36,4067.07,0
1,CASH_OUT,1822.9,1083.37,432.98,20322.77,21357.22,0
1,CASH_IN,3328.96,1784.32,1526.16,5082.12,7314.09,0
1,CASH_IN,274.67,872.31,646.34,15342.19,15400.11,0
1,PAYMENT,3422.02,3808.02,2368.53,15163.24,16658.54,0
1,PAYMENT,12110.58,18814.8,14818.17,7756.99,12476.05,0
1,CASH_IN,7961.27,12698.91,7242.14,20504.73,23418.08,0
1,CASH_OUT,1486.56,1655.49,1439.4,18786.7,20236.42,0
1,DEBIT,3304.56,29509.84,24603.02,13099.61,15625.31,0
1,CASH_IN,716.53,35602.58,21494.47,3490.19,4102.46,0
1,CASH_IN,4805.72,25688.88,21813.34,31213.2,32770.54,0
1,PAYMENT,648.63,9015.67,8337.81,43832.6,44391.43,0
1,TRANSFER,339.64,3446.51,1932.17,3617.41,3817.09,0
1,TRANSFER,49940.89,11306.88,9762.83,12637.3,49112.72,1
1,CASH_IN,10657.3,33202.64,27924.18,32829.86,38359.8,0
1,CASH_OUT,1211.36,24581.17,15075.53,4219.9,5066.01,0
1,PAYMENT,2036.19,6340.8,4145.63,3561.66,4568.3,0
1,PAYMENT,3427.8,17631.75,13348.31,15753.18,19063.57,0
1,CASH_IN,26022.55,3267.06,2599.77,29422.28,38650.01,0
1,PAYMENT,5239.88,38844.83,36717.75,29337.11,31107.78,0
1,PAYMENT,739.95,2565.39,2080.42,44661.75,45232.42,0
1,CASH_OUT,1547.51,10484.49,8695.71,18861.76,19587.87,0
1,TRANSFER,981.48,1367.34,768.78,33672.31,34563.65,0
1,TRANSFER,3219.18,13742.84,10672.16,81494.46,83612.06,0
1,TRANSFER,3501.09,13213.96,11154.27,8872.85,11237.69,0
1,TRANSFER,7065.89,24403.97,18478.47,21575.9,23717.7,0
1,PAYMENT,773.22,4300.64,3747.37,20567.56,20662.29,0
1,CASH_OUT,244.39,765.04,407.1,5061.24,5160.3,0
1,TRANSFER,5656.26,3464.9,2941.95,8369.73,11730.78,0
1,CASH_OUT,3312.01,863.25,817.66,14588.73,15717.45,0
1,TRANSFER,320.42,15568.54,14304.18,15539.39,15571.83,0
1,TRANSFER,5053.44,11811.48,7529.87,2309.19,5037.21,0
1,CASH_OUT,1372.44,5379.46,4810.71,6389.39,7589.33,0
1,DEBIT,1606.55,5524.31,4260.82,26509.34,27116.85,0
1,TRANSFER,2634.09,2504.48,1999.87,10277.52,11559.25,0
1,PAYMENT,10536.64,17842.07,12605.63,9212.49,13531.75,0
1,DEBIT,5197.26,5416.19,3077.59,3251.03,8154.58,0
1,PAYMENT,2970.98,1292.92,1086.54,9142.92,9974.38,0
1,CASH_OUT,4383.33,14884.17,13812.08,9149.13,11669.25,0
1,PAYMENT,2353.94,29529.95,25801.97,8013.53,8281.87,0
1,PAYMENT,1315.87,32348.36,23886.24,19703.7,20801.92,0
1,PAYMENT,124.34,19516.97,13900.32,9561.72,9662.14,0
1,TRANSFER,3513.11,2967.58,2042.02,2864.67,5895.5,0
1,PAYMENT,3331.42,26315.26,18672.07,13226.8,14700.52,0
1,CASH_IN,4310.03,36409.56,32140.43,6236.05,7392.45,0
1,TRANSFER,7648.68,636.79,448.44,28536.87,35739.15,0
1,CASH_IN,8451.35,2930.11,2407.03,106200.56,113148.41,0
1,PAYMENT,14012.54,8644.66,7067.87,4904.01,8321.85,0
1,DEBIT,1984.54,33404.31,30460.05,9192.97,9517.18,0
1,PAYMENT,24677.03,5451.39,3883.21,13522.56,22780.5,0
1,TRANSFER,1495.65,6705.19,3656.87,7578.56,8526.58,0
1,CASH_OUT,2419.11,14060.08,7330.37,19007.49,20986.08,0
1,TRANSFER,777.1,5886.25,3883.47,26690.37,27410.36,0
1,PAYMENT,2719.87,2414.92,2223.58,8992.08,10083.19,0
1,CASH_OUT,21868.2,12094.96,9478.81,5971.46,16379.38,0
1,PAYMENT,4119.56,13656.77,7729.17,9094.15,9553.7,0
1,DEBIT,3196.73,13846.64,9542.8,11300.39,13116.95,0
1,PAYMENT,8079.1,16021.36,11709.97,1409.24,7790.09,0
1,PAYMENT,10702.24,17724.41,14766.69,55045.13,56382.5,0
1,CASH_OUT,1932.38,8299.38,5754.98,13120.26,14892.76,0
1,TRANSFER,1475.99,2932.2,1647.03,9671.47,10056.94,0
1,TRANSFER,1756.02,4325.17,2757.22,4357.88,5868.69,0
1,PAYMENT,15849.31,1381.06,696.76,8044.08,22356.67,0
1,CASH_IN,6074.17,7273.93,5772.73,13201.41,14401.29,0
1,TRANSFER,1246.77,513.86,343.04,7212.27,8088.15,0
1,CASH_OUT,2425.34,3146.64,2710.87,153914.1,154446.81,0
1,CASH_IN,8857.25,11667.57,5673.2,2063.27,10016.68,0
1,TRANSFER,1001.01,7278.56,5754.84,7392.04,7879.24,0
1,CASH_OUT,6629.68,51873.21,49326.3,8261.1,14713.34,0
1,PAYMENT,562.57,1910.55,845.94,6327.63,6842.89,0
1,CASH_IN,3430.3,18630.61,12505.89,13321.02,16177.89,0
1,CASH_IN,10436.57,6229.9,5560.42,12877.9,18557.94,0
1,PAYMENT,2529.36,11447.68,8409.93,29434.34,30985.84,0
1,PAYMENT,6678.94,21720.19,20541.3,17884.08,21822.68,0
1,PAYMENT,3038.81,7413.19,5221.51,6242.53,8744.74,0
1,TRANSFER,3514.3,8257.31,6613.74,17029.38,18669.07,0
1,PAYMENT,21473.1,14281.54,9334.39,25112.54,35405.37,0
1,CASH_IN,3005.55,5193.49,3186.58,2442.23,3616.98,0
1,CASH_OUT,207.7,3076.39,2013.77,6112.19,6159.35,0
1,CASH_OUT,5152.49,1776.31,1545.76,5585.88,7180.96,0
1,PAYMENT,27950.37,14288.66,10796.69,2145.86,16667.45,0
1,CASH_OUT,2148.58,1419.73,718.36,48802.4,49209.12,0
1,CASH_IN,3300.95,2823.46,2576.88,19514.88,20266.97,0
1,PAYMENT,3382.87,37868.06,16682.22,19069.2,22092.68,0
1,CASH_IN,3722.35,9408.15,9158.22,24402.8,26427.1,0
1,CASH_OUT,2578.55,3376.86,2783.3,5308.11,6760.51,0
1,CASH_OUT,572.53,8943.99,5134.33,6581.59,6820.82,0
1,CASH_OUT,9227.86,3743.85,2095.53,22564.5,28630.16,0
1,CASH_OUT,23103.51,3639.51,2410.03,14282.2,16745.8,1
1,PAYMENT,23097.06,86416.58,79632.2,3890.75,14029.72,0
1,CASH_OUT,4899.01,2559.79,2018.41,3526.08,7811.25,0
1,CASH_OUT,13373.64,9418.05,4821.48,37800.32,48956.7,0
1,TRANSFER,1023.71,5075.0,4100.16,5260.88,5454.74,0
1,TRANSFER,2456.03,24795.26,16790.11,5172.47,6039.85,0
1,TRANSFER,2295.83,10305.45,9298.89,10187.09,11827.32,0
1,TRANSFER,951.72,9623.17,7704.75,4764.82,4976.22,0
1,CASH_IN,2511.18,37272.64,33321.27,3334.6,3653.34,0
1,PAYMENT,4956.41,49214.4,43668.98,81361.72,85390.12,0
1,PAYMENT,11400.99,9011.08,8582.85,29996.26,36405.66,0
1,CASH_IN,708.53,4600.02,4027.4,3321.01,3639.45,0
1,CASH_OUT,536.01,1177.85,913.09,9221.92,9325.65,0
1,CASH_OUT,1415.51,2673.9,2321.05,16830.36,17265.76,0
1,PAYMENT,1892.16,11262.55,10085.46,22878.72,24421.7,0
1,PAYMENT,3560.65,10108.48,9144.9,16794.4,19767.95,0
1,CASH_OUT,5815.14,16068.8,15112.59,9122.73,14931.87,0
1,CASH_OUT,5475.55,2973.16,2133.42,26036.02,29745.99,0
1,TRANSFER,9559.8,9792.72,8587.26,39649.18,46958.52,0
1,PAYMENT,683.46,4861.43,4084.14,5262.14,5387.84,0
1,CASH_OUT,3548.65,7901.02,4993.34,6760.67,8264.66,0
1,CASH_IN,18052.15,9799.55,8294.21,18509.79,23766.98,0
1,PAYMENT,6290.9,6276.84,4847.35,4181.2,8151.2,0
1,PAYMENT,4974.97,15514.25,10909.73,2003.0,3224.81,0
1,CASH_OUT,11066.65,10259.12,7333.91,5325.08,13263.13,0
1,CASH_OUT,1415.21,8634.2,6500.64,1160.37,1912.74,0
1,CASH_IN,2315.67,1553.76,1464.93,11422.07,12297.17,0
1,CASH_OUT,8829.91,1411.05,1159.81,6776.28,8127.48,0
1,PAYMENT,1237.18,997.17,768.7,3909.89,4525.5,0
1,CASH_OUT,6022.4,7828.84,6886.04,9130.33,12685.78,0
1,TRANSFER,1705.05,32941.6,23810.78,14642.67,15999.27,0
1,CASH_OUT,8455.42,28438.79,20300.41,8952.56,10790.11,0
1,CASH_OUT,8832.12,7441.11,5909.61,16405.71,18189.65,0
1,TRANSFER,4084.05,10925.11,8767.79,7491.41,7900.66,0
2,PAYMENT,904.53,4205.04,3186.42,5411.01,6016.56,0
2,CASH_OUT,34449.38,69850.3,42308.14,22951.36,30285.95,1
2,CASH_IN,977.99,1854.46,1160.37,10334.09,11116.41,0
2,TRANSFER,15635.22,9022.9,5902.0,17099.17,23608.39,1
2,CASH_IN,4734.52,3024.26,2889.74,23250.61,26232.17,0
2,TRANSFER,3460.38,2561.62,1971.7,5884.56,8028.31,0
2,TRANSFER,465.49,2429.23,1399.86,10538.78,10953.47,0
2,TRANSFER,973.67,21360.03,19859.28,5655.67,6309.24,0
2,CASH_IN,4131.95,5073.56,4425.88,2881.33,6390.66,0
2,PAYMENT,6033.35,7378.41,5786.98,3531.48,4309.43,0
2,PAYMENT,3235.57,2156.87,1683.16,28501.29,29964.04,0
2,TRANSFER,12487.67,6633.11,4292.74,9251.75,11559.33,0
2,CASH_OUT,2604.94,11930.67,11441.02,4425.91,5952.35,0
2,TRANSFER,17364.51,4535.57,2804.15,15259.96,28751.69,0
2,CASH_OUT,1221.47,2205.46,1435.76,8248.36,8427.67,0
2,CASH_IN,6259.0,15845.73,8479.44,23647.5,25155.32,0
2,PAYMENT,1294.5,7892.42,6721.36,5641.0,6646.74,0
2,CASH_OUT,6288.99,2599.53,2016.78,8087.32,13185.34,0
2,CASH_OUT,1290.57,15739.48,10409.3,10264.1,11214.54,0
2,TRANSFER,9489.31,8709.53,7764.7,23596.08,30182.05,0
2,CASH_OUT,487.06,7755.47,4766.94,41214.34,41318.05,0
2,CASH_OUT,1505.95,20355.61,18775.33,14607.52,15808.65,0
2,CASH_IN,8905.94,10839.78,7942.19,35538.12,43508.76,0
2,TRANSFER,348.68,32149.25,23842.01,20858.38,21137.2,0
2,CASH_IN,1173.66,6635.47,5196.45,6116.64,7189.95,0
2,DEBIT,13357.76,82872.78,67951.69,94479.89,96958.69,0
2,TRANSFER,4737.36,2314.58,1654.75,7968.04,9661.46,0
2,PAYMENT,2353.09,2712.07,2099.07,13167.23,14203.48,0
2,PAYMENT,2374.57,1284.09,766.36,4410.82,5895.92,0
2,CASH_IN,1783.55,2893.34,2258.06,12080.44,13766.88,0
2,TRANSFER,3183.89,12420.51,6643.27,8580.48,9810.72,0
2,CASH_IN,1029.37,20491.22,14047.27,16206.23,16897.23,0
2,TRANSFER,517.05,5073.72,4535.94,14554.72,14749.48,0
2,TRANSFER,8195.15,56654.41,44375.38,4799.17,9363.58,0
2,DEBIT,4655.19,12805.35,8995.03,16941.1,18034.09,0
2,CASH_OUT,1148.05,3684.21,2385.6,9855.92,10887.51,0
2,CASH_OUT,591.18,6359.33,4502.69,1955.1,2411.5,0
2,TRANSFER,2455.28,3341.15,2138.99,4938.46,6328.07,0
2,CASH_OUT,2983.38,88506.83,59326.06,27133.01,29615.53,0
2,CASH_OUT,1356.92,16169.2,12836.14,53114.49,53511.47,0
2,CASH_OUT,4397.12,41368.54,29921.99,7806.72,9953.18,0
2,PAYMENT,6554.0,784.93,301.99,7876.43,8977.55,0
2,PAYMENT,3227.52,4547.24,3419.35,5856.37,9003.28,0
2,CASH_IN,11767.62,6075.26,3845.71,10874.2,16794.03,0
2,PAYMENT,2741.04,1184.12,1149.88,12735.94,15110.32,0
2,TRANSFER,1648.21,9384.97,5405.56,33349.27,34058.6,0
2,PAYMENT,3177.06,6071.59,5017.07,8489.31,9443.8,0
2,PAYMENT,2276.83,7647.16,6365.85,16015.04,17101.11,0
2,DEBIT,8608.22,10323.55,8420.65,22310.42,24676.36,0
2,TRANSFER,20769.09,11873.31,9569.08,34836.89,53766.98,0
2,CASH_OUT,6612.63,4413.48,2481.04,97427.46,99919.55,0
2,CASH_IN,7301.5,17610.12,6428.45,28523.19,29257.55,0
2,CASH_IN,4916.61,1569.86,1271.19,36518.28,40094.8,0
2,PAYMENT,1899.45,5171.55,3771.06,4479.99,5584.8,0
2,CASH_OUT,2536.72,2234.35,1685.41,1569.42,2503.99,0
2,CASH_IN,3470.41,14338.94,12848.03,1091.44,2400.39,0
2,PAYMENT,10017.68,6201.97,3944.88,370.12,7220.68,0
2,PAYMENT,1674.68,9613.65,8612.97,12277.89,12652.31,0
2,CASH_IN,1936.56,29094.01,23692.0,2826.91,4253.28,0
2,PAYMENT,1224.3,754.82,389.49,14223.72,15310.69,0
2,TRANSFER,390.43,3393.06,2211.45,4015.82,4359.34,0
2,PAYMENT,1264.58,10933.42,9865.91,6890.41,7662.93,0
2,CASH_OUT,12178.25,6749.79,2979.03,16562.57,22184.88,0
2,TRANSFER,45261.87,8842.34,7871.41,7951.62,24968.81,1
2,PAYMENT,2901.38,7619.95,4056.05,60302.17,60856.71,0
2,CASH_IN,1496.9,35364.87,26640.48,24349.24,24813.34,0
2,DEBIT,337.27,6341.44,4272.73,1397.19,1729.26,0
2,TRANSFER,1944.56,16806.62,9681.02,9372.71,11104.79,0
2,TRANSFER,10957.37,6370.95,3909.13,10713.63,16453.22,0
2,TRANSFER,5514.66,2062.7,2008.91,20294.27,23763.21,0
2,CASH_OUT,27730.31,2655.58,2196.79,698.39,23947.2,0
2,PAYMENT,1159.03,4248.08,2610.91,28370.85,28543.78,0
2,CASH_OUT,6609.56,3464.15,2147.51,18620.77,24875.3,0
2,CASH_OUT,4312.22,9728.72,4162.4,10570.82,13620.17,0
2,TRANSFER,731.68,1398.54,983.61,9857.89,10123.43,0
2,CASH_OUT,5045.49,11821.19,10891.14,8796.0,13590.3,0
2,TRANSFER,9121.49,3386.63,1798.39,9376.31,11388.1,0
2,PAYMENT,2324.18,5303.69,4399.92,13955.35,14249.58,0
2,TRANSFER,2825.56,4809.61,3255.96,12840.16,13555.99,0
2,CASH_OUT,1216.42,2384.81,2053.75,17728.32,18542.18,0
2,TRANSFER,6132.52,13023.33,10954.72,3981.31,9674.67,0
2,TRANSFER,654.44,2157.22,1406.55,6312.12,6599.93,0
2,PAYMENT,3148.55,197.39,75.65,7695.22,8388.46,0
2,CASH_OUT,8203.68,8207.96,6279.07,109171.91,110230.75,0
2,CASH_IN,104.06,24319.17,21966.16,4264.27,4277.89,0
2,CASH_OUT,6860.25,6745.49,5000.36,3347.99,9387.14,0
2,TRANSFER,8121.22,20189.74,15876.21,14224.51,20169.6,0
2,TRANSFER,1486.84,2967.53,1999.92,28646.32,29287.59,0
2,PAYMENT,1735.41,4875.43,1709.27,11498.01,13092.17,0
2,TRANSFER,12482.47,9559.13,7144.97,5037.56,15876.33,1
2,TRANSFER,9388.98,548.25,197.27,10960.78,18727.77,0
2,CASH_OUT,4354.64,2706.37,2106.75,5102.07,6977.78,0
2,TRANSFER,14332.37,35932.95,32360.94,27114.95,38557.96,0
2,PAYMENT,4610.09,6904.6,5511.5,28417.04,29410.17,0
2,TRANSFER,9591.17,4445.89,3116.88,5767.03,10187.01,0
2,CASH_OUT,2294.94,2541.34,1917.9,5637.77,7909.46,0
2,CASH_OUT,4547.23,1153.48,596.14,18467.87,20740.78,0
2,PAYMENT,3021.11,20369.36,10887.7,21735.65,23687.04,0
2,PAYMENT,2989.93,64250.36,38601.33,8909.1,10305.28,0
2,CASH_IN,3288.0,83585.22,52667.04,23603.06,25732.8,0
2,CASH_IN,6016.43,11958.72,7168.17,2611.6,3349.92,0
2,TRANSFER,1789.21,1364.03,769.2,28621.41,29007.49,0
2,TRANSFER,253.53,4610.8,3399.6,30373.94,30571.95,0
2,PAYMENT,2631.57,27435.97,25776.83,9673.4,11474.44,0
2,DEBIT,2410.35,12258.11,11986.28,29068.64,31047.67,0
2,TRANSFER,1267.48,8826.65,6039.69,20811.39,21958.37,0
2,TRANSFER,1123.33,53108.31,42984.99,8994.95,9873.54,0
2,TRANSFER,3836.85,10666.66,9905.22,12561.2,15252.96,0
2,PAYMENT,994.27,29822.68,24072.58,4565.29,5254.12,0
2,CASH_OUT,5106.6,14502.78,11799.1,4059.1,8265.81,0
2,TRANSFER,1988.54,31942.07,23214.79,2657.23,4548.64,0
2,PAYMENT,1141.3,4257.13,3797.56,5995.1,6589.13,0
2,TRANSFER,2910.75,41485.03,39558.39,9727.21,12313.89,0
2,PAYMENT,3037.45,5073.23,3453.44,8493.11,9576.48,0
2,PAYMENT,4500.53,3698.69,3117.51,25474.04,27916.03,0
2,PAYMENT,14363.48,30371.17,23757.78,13476.96,22551.36,0
2,CASH_OUT,6643.85,3057.17,2703.5,7123.22,10061.62,0
2,TRANSFER,5457.29,13326.73,9180.31,39542.82,44585.93,0
2,CASH_OUT,3478.48,7717.33,5831.6,10049.38,12200.13,0
2,DEBIT,13067.37,3476.5,3348.66,1446.12,9556.49,0
2,TRANSFER,2330.25,8801.9,7638.78,3381.83,4388.77,0
2,PAYMENT,1087.05,8010.7,5114.53,10169.39,10518.3,0
2,TRANSFER,2806.7,7135.21,6064.47,11505.83,13803.54,0
2,PAYMENT,10515.25,1028.94,810.39,6468.71,10499.72,0
2,PAYMENT,9615.52,18239.35,17299.24,16661.71,21757.71,0
2,PAYMENT,456.75,20621.89,14341.31,18070.15,18147.61,0
2,PAYMENT,3604.41,4823.3,4623.39,54271.89,55539.49,0
2,TRANSFER,1486.61,29342.61,23455.28,12819.4,13213.23,0
2,PAYMENT,42848.71,27101.4,9260.27,12760.89,21368.69,0
2,PAYMENT,2851.3,19346.27,16874.36,39728.44,41828.39,0
2,PAYMENT,871.43,11904.3,8090.51,15887.29,16520.06,0
2,TRANSFER,964.75,4516.21,3600.32,1886.58,2121.7,0
2,CASH_OUT,213.48,8389.83,7254.36,6550.65,6622.09,0
2,CASH_OUT,607.94,24419.86,14740.54,52384.79,52582.07,0
2,TRANSFER,1898.43,33169.24,21108.59,2638.43,3453.89,0
2,TRANSFER,3842.19,12584.77,11536.22,41069.6,41524.97,0
2,CASH_OUT,1502.2,19893.27,15221.99,95870.49,96314.77,0
2,PAYMENT,15155.91,17685.28,11553.74,9422.62,24508.62,0
2,PAYMENT,4888.83,6620.16,2208.75,8600.65,10260.73,0
2,PAYMENT,2608.22,19139.42,11340.15,17470.8,19407.96,0
2,CASH_OUT,868.95,455.58,370.29,1503.66,2224.4,0
2,PAYMENT,532.25,6323.48,3946.02,24517.87,24694.33,0
2,PAYMENT,1438.49,18294.78,16616.64,31343.47,31853.87,0
2,PAYMENT,2957.91,10105.95,6108.73,4051.54,4484.22,0
2,PAYMENT,12696.7,10369.82,9249.18,49706.36,55053.43,0
2,TRANSFER,9043.29,74954.17,43874.06,89651.7,90652.4,0
2,CASH_OUT,598.43,23163.42,16121.92,93983.71,94138.23,0
2,TRANSFER,896.39,15475.99,11264.33,12215.92,12728.73,0
2,CASH_OUT,34286.32,3245.65,2896.29,5252.56,28596.25,1
2,CASH_OUT,1275.79,6079.63,5460.25,22216.48,23148.96,0
2,PAYMENT,27991.97,5959.07,5156.21,9472.23,25972.67,0
2,CASH_IN,2366.55,4910.52,2967.97,10652.1,12587.42,0
2,CASH_OUT,5409.0,34791.25,23461.85,90490.12,92404.07,0
2,CASH_IN,4871.04,17865.46,12034.46,43627.77,48288.11,0
2,CASH_IN,26508.64,7131.85,6268.05,4085.8,15504.18,0
2,CASH_OUT,7979.9,6043.39,3743.73,22366.99,23746.86,0
2,CASH_OUT,1409.79,27899.54,22771.01,44623.06,45574.57,0
2,CASH_IN,1626.15,13588.73,8176.17,27385.54,27860.36,0
2,CASH_OUT,2033.93,50471.79,27145.42,4307.62,6336.88,0
2,CASH_OUT,20888.8,2387.33,1696.8,26383.63,36407.15,1
2,CASH_OUT,1471.42,5720.55,5265.95,23070.91,23229.15,0
2,CASH_OUT,3784.8,3028.43,2705.36,8058.2,8892.22,0
2,CASH_IN,152.54,1940.0,1693.02,7564.35,7692.6,0
2,TRANSFER,14679.13,3748.8,1690.4,50134.05,63349.05,0
2,CASH_OUT,5682.96,68426.64,38810.4,25656.23,26670.17,0
2,PAYMENT,5124.97,4483.07,2997.45,10440.27,14561.73,0
2,PAYMENT,5535.01,6010.95,5779.14,13571.64,19039.24,0
2,TRANSFER,1246.71,828.15,526.99,17943.7,18346.87,0
2,PAYMENT,3044.12,10948.94,8109.89,6293.2,9279.13,0
2,PAYMENT,1712.75,5365.33,4696.86,14454.12,15650.93,0
2,TRANSFER,4368.84,3752.06,2014.45,19154.78,21630.27,0
2,CASH_IN,549.86,2378.31,1324.75,8895.14,9092.65,0
2,CASH_IN,13107.49,46798.95,31870.81,70997.67,73182.07,0
2,PAYMENT,2882.42,44561.16,21568.92,13183.53,13973.02,0
2,PAYMENT,1231.83,12754.26,9577.55,3451.3,4578.13,0
2,CASH_IN,5299.36,7535.95,4413.32,26968.75,29330.26,0
2,CASH_IN,298.15,8117.38,4031.4,10905.97,11020.29,0
2,PAYMENT,22988.41,14750.9,7660.79,5951.34,21435.98,0
2,TRANSFER,3929.54,4935.8,4025.78,17043.08,19677.74,0
2,CASH_IN,1833.43,4751.99,3957.15,3320.43,3786.12,0
2,PAYMENT,9406.68,10164.11,6870.06,88069.15,90381.88,0
2,PAYMENT,491.62,11324.58,9433.95,11365.23,11654.51,0
2,CASH_OUT,1140.32,19576.43,12109.55,13532.37,14586.82,0
2,CASH_OUT,2169.41,5047.78,3919.29,5462.89,6454.97,0
2,DEBIT,6545.8,10921.61,4749.68,38325.73,43149.16,0
2,CASH_OUT,8512.31,55459.55,41980.4,7350.47,12219.91,0
2,CASH_OUT,4825.21,8234.57,4354.01,12560.21,16474.77,0
2,CASH_OUT,504.29,9076.84,6727.37,21848.91,22243.17,0
2,PAYMENT,26406.75,29382.89,14166.49,4950.05,11514.82,0
2,CASH_OUT,2873.81,4070.86,2456.94,5363.43,6292.69,0
2,PAYMENT,9026.09,2683.78,2469.72,4673.89,6046.93,0
2,PAYMENT,4064.79,22398.17,10010.03,9478.27,12530.61,0
2,CASH_IN,527.63,5119.29,2616.39,8060.07,8509.89,0
2,CASH_OUT,2634.12,13485.56,11498.37,4206.05,6182.09,0
3,PAYMENT,2065.88,2482.74,2216.43,9862.98,10693.11,0
3,PAYMENT,1895.59,11555.13,8200.05,32107.72,32590.8,0
3,PAYMENT,884.5,46576.56,37358.25,6078.51,6800.49,0
3,PAYMENT,7950.82,14240.06,7972.49,2462.84,5885.2,0
3,TRANSFER,4746.64,6813.33,6676.65,18070.24,20121.22,0
3,CASH_OUT,3938.69,59648.82,37742.69,4217.18,8064.07,0
3,PAYMENT,5612.54,2008.66,1986.38,3633.27,5573.54,0
3,PAYMENT,2234.08,17690.81,16389.15,8217.21,9048.78,0
3,CASH_OUT,3923.87,3518.57,2459.11,4330.88,6935.88,0
3,PAYMENT,10634.85,604.23,546.07,20550.71,26395.1,0
3,CASH_IN,575.7,6276.14,5281.3,10516.14,10830.53,0
3,PAYMENT,15848.51,2370.72,1933.88,7189.58,11625.67,0
3,PAYMENT,2032.07,13484.77,11096.2,18983.43,20848.95,0
3,TRANSFER,2983.02,20790.06,16203.48,7593.89,8494.87,0
3,PAYMENT,5579.76,6885.35,6485.76,15102.25,18228.3,0
3,CASH_OUT,22035.43,44699.57,26040.45,8382.7,19235.01,1
3,TRANSFER,32371.68,5844.28,5675.76,13521.24,21440.8,0
3,TRANSFER,5100.59,11163.13,8633.18,13823.32,17449.15,0
3,CASH_OUT,7511.33,7022.09,6134.92,28584.72,34912.35,0
3,CASH_OUT,5734.41,7327.02,3289.45,20170.99,22485.05,0
3,CASH_IN,4448.56,4736.09,3877.34,6133.54,10108.13,0
3,CASH_OUT,891.16,54288.55,49126.42,25813.41,26619.53,0
3,PAYMENT,1939.46,1335.45,1108.96,4522.64,4748.75,0
3,CASH_OUT,1346.85,9900.17,7890.78,26037.64,26921.2,0
3,CASH_OUT,5062.04,3991.56,3046.25,38686.01,39355.33,0
3,PAYMENT,1344.54,5152.44,5080.46,26052.69,26954.13,0
3,CASH_IN,4965.89,2626.39,1607.57,4445.19,6942.5,0
3,TRANSFER,21251.25,43295.29,40501.48,23104.47,34006.38,0
3,DEBIT,6514.8,26749.67,26297.3,58384.91,63213.17,0
3,PAYMENT,463.98,5504.0,4417.43,13081.54,13295.54,0
3,CASH_OUT,5644.38,78877.32,74750.42,16134.57,20543.06,0
3,PAYMENT,10477.57,14353.46,8340.96,101564.64,108411.43,0
3,TRANSFER,4454.63,5904.19,3744.2,2380.73,4153.85,0
3,CASH_IN,6688.03,1925.72,1362.98,4558.09,7680.06,0
3,CASH_IN,497.87,37374.17,31057.45,11707.54,11964.49,0
3,PAYMENT,3183.26,150734.01,147698.2,9405.97,10409.11,0
3,TRANSFER,8603.8,5797.26,3922.17,6073.54,9305.49,0
3,PAYMENT,2872.39,31475.65,16100.47,25484.66,27255.43,0
3,CASH_IN,2307.79,1873.9,1343.62,7280.03,9465.47,0
3,DEBIT,11027.96,6926.89,4827.21,62146.52,66018.93,0
3,DEBIT,2279.8,12020.91,11436.19,32387.37,34082.13,0
3,TRANSFER,858.27,9432.42,5730.59,28623.31,29127.1,0
3,PAYMENT,2793.63,4278.29,1954.75,17582.1,18859.54,0
3,TRANSFER,407.82,7638.48,6990.73,23343.66,23466.96,0
3,PAYMENT,2401.11,22949.25,22277.67,11723.78,13231.59,0
3,PAYMENT,1655.49,10562.87,9465.38,7603.56,8477.57,0
3,TRANSFER,3718.81,5183.02,3555.09,1467.95,2244.06,0
3,PAYMENT,7654.74,53828.9,33217.97,24384.52,25324.83,0
3,PAYMENT,7119.63,11068.83,8724.8,9735.41,13520.18,0
3,CASH_OUT,995.84,5633.48,4885.33,17479.0,18030.12,0
3,CASH_IN,1815.85,19446.15,8317.03,3375.12,4204.3,0
3,CASH_OUT,2461.51,6184.14,5478.22,14681.47,16845.8,0
3,CASH_OUT,2549.95,4905.0,4441.37,22660.42,23591.52,0
3,PAYMENT,3796.7,8515.29,5976.21,27804.38,29045.33,0
3,CASH_IN,1069.35,12013.58,7394.36,26209.41,26360.71,0
3,CASH_IN,3625.7,21214.7,17991.65,18397.4,20181.54,0
3,TRANSFER,4877.99,4489.81,3324.75,13087.89,16580.01,0
3,PAYMENT,3245.51,18202.69,12097.41,15709.25,17075.69,0
3,TRANSFER,8750.24,10403.61,9262.37,10493.44,17245.99,0
3,CASH_OUT,3936.72,12208.09,7583.93,17448.85,17858.4,0
3,CASH_OUT,1254.52,16931.33,3421.97,46849.07,47957.64,0
3,TRANSFER,5353.98,2775.86,2031.43,9892.94,14112.68,0
3,DEBIT,13324.8,6515.16,4694.75,15276.86,24405.83,0
3,CASH_OUT,2452.46,4304.29,3870.27,32956.22,33280.01,0
3,TRANSFER,26138.13,4302.22,2486.13,28473.24,44473.47,0
3,PAYMENT,6038.79,5765.13,3030.05,11106.73,14491.71,0
3,PAYMENT,7195.78,4595.06,2793.1,20924.74,26855.59,0
3,CASH_OUT,3886.78,40653.46,33803.35,18601.87,20675.95,0
3,CASH_OUT,536.92,4496.83,3348.35,4573.84,4695.0,0
3,PAYMENT,3071.78,106187.14,94124.79,22663.46,23282.62,0
3,CASH_OUT,3314.5,3207.3,2982.34,10303.84,11117.95,0
3,TRANSFER,1259.93,4126.93,3295.91,16031.3,16666.28,0
3,PAYMENT,22988.42,6916.19,4050.61,22465.2,28100.42,0
3,PAYMENT,6843.7,9048.44,5693.01,65023.1,66519.9,0
3,DEBIT,642.85,17629.27,15731.75,34653.77,34838.35,0
3,DEBIT,13968.48,2823.07,1476.41,7443.02,11054.54,0
3,PAYMENT,271.1,2563.47,2336.62,4096.14,4361.0,0
3,CASH_IN,16410.24,9765.09,6931.16,82201.39,95772.63,0
3,PAYMENT,911.4,7045.6,5838.21,29790.76,30472.04,0
3,CASH_IN,10778.58,35643.77,30965.67,43445.99,49298.31,0
3,TRANSFER,1157.2,77682.26,28070.96,48041.63,48889.36,0
3,CASH_OUT,16347.05,77739.37,37283.19,12451.85,27777.97,1
3,CASH_OUT,3697.47,5961.47,4463.3,9305.92,9791.97,0
3,CASH_IN,4367.62,9130.84,5644.03,39474.04,42749.7,0
3,TRANSFER,929.71,11098.63,10747.5,3402.03,4110.28,0
3,PAYMENT,1919.8,6685.36,5249.64,10543.0,11979.26,0
3,CASH_OUT,145.68,8668.81,7879.04,6069.14,6140.02,0
3,CASH_OUT,1149.93,55044.44,28948.08,13103.51,14004.11,0
3,CASH_OUT,4820.29,3672.13,2856.18,1516.5,3458.47,0
3,CASH_OUT,2500.4,12285.92,8361.35,25484.13,26749.34,0
3,PAYMENT,911.08,7786.11,4511.12,24224.93,24998.22,0
3,PAYMENT,2562.27,15771.21,7746.4,17685.73,18519.99,0
3,PAYMENT,7044.35,22984.19,15457.47,9822.89,12464.76,0
3,CASH_OUT,50137.17,3743.53,3201.19,2094.69,25114.84,1
3,CASH_OUT,2172.95,747.39,520.62,7901.14,8599.21,0
3,DEBIT,2226.78,10161.86,9336.8,39971.54,41614.71,0
3,PAYMENT,2692.86,15978.77,13811.67,3162.81,4519.59,0
3,DEBIT,4962.35,3397.94,2372.42,10414.68,13184.54,0
3,CASH_OUT,1731.5,6070.09,3704.08,8327.25,8926.04,0
3,CASH_OUT,3594.73,9545.61,5859.23,30043.57,31460.19,0
3,TRANSFER,873.87,4451.31,4254.08,8228.05,8707.19,0
3,TRANSFER,970.33,13860.11,6365.57,29022.66,29318.02,0
3,CASH_OUT,1526.71,5075.53,4637.16,17195.95,17630.69,0
3,PAYMENT,6999.91,11783.77,9464.32,6488.17,8754.75,0
3,PAYMENT,571.86,3199.66,2980.48,23437.5,23939.13,0
3,PAYMENT,18987.36,2197.93,1876.33,17715.09,31932.2,0
3,CASH_IN,13351.43,901.12,704.53,8883.34,20409.44,0
3,PAYMENT,1725.55,4209.99,3461.13,5162.51,6650.18,0
3,CASH_IN,18120.28,13129.79,9845.84,1664.42,4187.23,0
3,CASH_OUT,19214.48,12059.18,8178.61,7217.22,16150.6,0
3,CASH_OUT,7765.64,5423.93,3786.89,51478.81,55149.01,0
3,DEBIT,2125.1,5241.51,2489.12,6471.23,7150.51,0
3,CASH_OUT,4809.4,7709.2,5493.44,15288.58,20079.59,0
3,PAYMENT,1452.05,6493.13,5239.19,4781.04,6052.42,0
3,CASH_OUT,588.52,29873.97,25463.76,4076.64,4373.85,0
3,PAYMENT,8232.23,9008.65,6806.86,10630.24,13728.61,0
3,DEBIT,2406.52,2764.37,1319.67,4188.29,6022.58,0
3,TRANSFER,2061.21,49451.2,42860.76,31539.31,32357.78,0
3,PAYMENT,20489.82,1452.83,1058.69,2240.34,21539.71,0
3,PAYMENT,3010.22,13963.51,11525.32,74864.61,75539.07,0
3,CASH_IN,672.35,5604.37,4212.13,17275.99,17468.5,0
3,PAYMENT,1432.83,17331.37,10543.22,3638.93,4918.15,0
3,CASH_OUT,2989.39,4203.75,3764.53,10692.54,12073.66,0
3,CASH_OUT,2979.3,1483.11,1055.85,13657.06,15853.39,0
3,TRANSFER,1657.27,17314.18,14268.39,6269.5,7699.38,0
3,TRANSFER,1679.91,7624.71,6813.11,11010.67,12522.13,0
3,CASH_IN,1242.75,4780.06,3860.92,13682.98,13823.44,0
3,CASH_OUT,1530.43,13669.18,13067.06,4125.69,4782.05,0
3,TRANSFER,4954.93,12687.3,10263.15,31790.4,34602.54,0
3,PAYMENT,4104.59,484.53,336.15,4850.35,7294.98,0
3,TRANSFER,18532.47,13111.35,6277.81,777.43,17397.9,1
3,TRANSFER,3147.73,7632.23,5113.25,11957.64,12332.39,0
3,PAYMENT,6854.22,15174.52,10521.22,8427.34,11931.6,0
3,TRANSFER,1298.43,12856.07,10521.62,3465.04,4518.68,0
3,TRANSFER,11475.28,4106.63,2336.21,5258.93,8397.42,1
3,CASH_OUT,3868.39,6409.36,4351.38,18833.04,19889.83,0
3,CASH_OUT,655.76,34568.26,32755.16,15946.61,16453.05,0
3,CASH_IN,452.71,1545.45,1214.61,221164.54,221446.96,0
3,TRANSFER,577.59,10014.25,9534.06,17239.03,17411.14,0
3,CASH_OUT,2189.86,6851.67,5082.46,29806.36,30571.28,0
3,TRANSFER,10152.69,13199.29,10709.2,39906.46,48682.18,0
3,TRANSFER,20029.62,4364.66,2728.18,9199.81,11488.36,0
3,PAYMENT,4368.8,7523.13,4055.73,26385.3,26897.43,0
3,PAYMENT,13661.03,10010.38,8160.28,15115.53,22223.96,0
3,PAYMENT,3669.98,4945.46,3810.34,68449.52,68950.95,0
3,CASH_IN,3065.29,67510.67,65100.78,17956.66,18909.3,0
3,PAYMENT,589.38,9177.27,7851.67,40202.41,40664.01,0
3,TRANSFER,2482.65,3950.54,3237.04,35990.53,36859.25,0
3,PAYMENT,6494.23,19973.21,14581.27,40095.56,42614.02,0
3,PAYMENT,750.94,21080.69,13038.6,19647.42,20104.76,0
3,PAYMENT,680.99,6708.5,5938.64,6410.32,6975.37,0
3,CASH_OUT,2373.13,5020.8,4491.58,10209.8,10888.06,0
3,CASH_OUT,2235.57,2928.19,1995.74,1399.58,3145.79,0
3,TRANSFER,5500.56,88302.29,42380.83,8712.65,13254.2,0
3,TRANSFER,8963.17,2946.17,2636.53,7915.79,16108.9,0
3,CASH_OUT,3023.89,2082.85,1792.11,33223.21,36200.67,0
3,TRANSFER,645.04,914.08,834.93,11709.43,12141.47,0
3,CASH_OUT,1672.82,15776.06,13892.63,4241.15,4665.76,0
3,TRANSFER,3362.81,6836.48,3263.47,147931.72,150487.73,0
3,PAYMENT,2337.11,3939.27,3031.85,5015.28,5482.21,0
3,CASH_OUT,794.19,95456.15,92339.16,12739.34,13145.66,0
3,CASH_OUT,3625.96,2828.41,1641.22,7753.31,9402.88,0
3,PAYMENT,1785.66,4676.22,3950.23,3034.43,3339.61,0
3,DEBIT,3422.35,3890.47,2248.89,2779.51,5190.18,0
3,CASH_OUT,1339.17,7561.75,6944.34,2839.04,3930.28,0
3,CASH_IN,1253.19,2725.08,2592.87,7306.96,8205.52,0
3,CASH_OUT,3922.66,6832.74,4763.93,5964.8,8704.19,0
3,CASH_IN,5886.3,38601.38,37948.48,3042.99,5286.72,0
3,TRANSFER,1782.96,8612.19,7139.02,2981.79,4352.5,0
3,PAYMENT,5477.85,5420.62,3465.21,2563.51,6153.85,0
3,CASH_OUT,7621.48,11988.64,9188.81,27931.81,34233.28,0
3,PAYMENT,5424.5,4894.49,3927.54,72035.92,76728.97,0
3,CASH_OUT,616.19,12854.71,9341.0,6538.83,6724.55,0
3,PAYMENT,27624.41,18289.68,12590.75,14735.17,40107.82,0
3,TRANSFER,3185.07,50413.54,39058.53,45416.06,47445.88,0
3,CASH_OUT,7033.81,34660.04,29381.6,16208.93,19524.7,0
3,PAYMENT,13979.65,7936.3,6280.79,19576.93,23639.52,0
3,PAYMENT,9911.58,13674.79,12294.55,43232.75,50758.22,0
3,CASH_OUT,989.4,1484.16,722.92,10283.11,10393.04,0
3,PAYMENT,719.32,1496.92,1247.48,6994.43,7243.85,0
3,CASH_OUT,522.29,7413.71,3852.05,11876.09,12297.15,0
3,PAYMENT,1341.97,7469.25,4555.05,19132.83,20130.5,0
3,PAYMENT,1429.63,4060.54,3985.54,13668.47,14283.96,0
3,CASH_IN,1435.56,87862.84,55974.48,4493.86,4925.4,0
3,CASH_OUT,11431.59,49795.97,37108.28,11464.71,19619.33,1
3,PAYMENT,5160.49,2617.39,2359.13,9691.34,14358.47,0
3,CASH_OUT,4782.43,6595.9,3975.11,13611.4,15750.06,0
3,CASH_OUT,1254.79,2035.81,1870.07,7623.08,8222.25,0
3,PAYMENT,8699.99,2931.16,1967.69,8907.2,10171.68,0
3,CASH_OUT,1421.18,2540.02,1450.1,8165.94,9355.45,0
3,PAYMENT,681.61,1327.25,1230.59,1383.49,1800.52,0
3,TRANSFER,2093.79,9715.19,8530.14,19610.85,20133.85,0
3,DEBIT,2075.9,15606.88,11402.27,5523.71,6483.4,0
3,PAYMENT,12017.35,3106.76,2826.76,6578.24,16819.86,0
3,CASH_OUT,2948.38,26912.35,22501.0,44272.86,45789.23,0
3,TRANSFER,1212.58,1806.48,1057.73,3268.17,4186.89,0
3,CASH_OUT,1775.27,4523.13,3098.51,6572.26,7171.47,0
3,CASH_IN,3711.21,12423.92,11192.45,19468.11,22284.14,0
3,CASH_OUT,2228.48,5750.84,2359.69,9738.53,11527.43,0
3,TRANSFER,1153.63,23906.85,17834.81,21530.35,22356.96,0
4,TRANSFER,8350.45,16557.15,14220.83,60516.22,67815.46,0
4,PAYMENT,586.47,10721.14,7300.83,2101.36,2309.03,0
4,PAYMENT,3197.43,16789.58,11099.25,2747.5,3424.01,0
4,PAYMENT,20928.41,23499.11,20762.09,50482.16,61533.24,0
4,TRANSFER,5467.41,16698.95,13295.43,31588.66,34160.96,0
4,CASH_IN,5399.72,218522.31,199663.88,1620.78,5363.25,0
4,PAYMENT,15345.91,75009.56,53948.03,15463.75,27177.71,0
4,PAYMENT,6866.14,1757.83,606.03,30000.69,32720.11,0
4,CASH_OUT,10197.2,12447.52,7125.16,23213.65,28207.31,0
4,CASH_OUT,1213.57,9031.82,5284.37,5504.9,5754.93,0
4,PAYMENT,1265.13,63564.0,56758.88,6318.0,6588.45,0
4,PAYMENT,2483.19,26298.82,23539.54,23981.55,24712.95,0
4,CASH_OUT,416.7,23105.87,21127.58,27004.54,27245.83,0
4,PAYMENT,529.57,2829.59,2006.61,3051.45,3537.19,0
4,PAYMENT,2829.23,33153.91,16713.47,5149.38,5450.91,0
4,TRANSFER,3743.5,6493.88,6109.42,92408.65,94508.18,0
4,CASH_IN,6033.45,24433.72,16928.18,20715.99,22904.63,0
4,DEBIT,2141.89,7189.09,5439.5,16480.66,16867.18,0
4,CASH_OUT,6160.25,9966.09,7932.4,40844.31,42700.53,0
4,PAYMENT,1050.59,2485.91,1645.51,15331.36,15783.6,0
4,CASH_OUT,2075.01,10370.12,7874.77,12770.73,13815.15,0
4,TRANSFER,7741.22,973.23,586.89,21019.59,27753.32,0
4,CASH_OUT,2590.84,3107.8,2335.11,8204.64,10269.25,0
4,CASH_OUT,2364.57,2493.29,2246.08,31100.67,32480.12,0
4,PAYMENT,1710.75,6036.62,5305.61,14228.16,15873.8,0
4,TRANSFER,814.42,6138.73,4062.34,5937.38,6353.13,0
4,CASH_OUT,1848.81,36698.63,29360.52,9502.84,10618.3,0
4,CASH_IN,4522.3,12641.51,10236.1,81610.27,84104.71,0
4,PAYMENT,16511.13,1813.72,1388.12,18071.05,31431.32,0
4,PAYMENT,4705.29,5102.62,3082.31,3803.37,4352.8,0
4,PAYMENT,4793.58,22065.68,14703.26,12398.85,15448.19,0
4,CASH_OUT,1656.79,6470.63,5127.58,8528.01,9395.64,0
4,PAYMENT,5360.94,6270.18,2490.43,4049.2,4752.16,0
4,TRANSFER,2267.72,6754.94,5371.13,21914.47,24152.93,0
4,CASH_OUT,11417.44,6212.36,4447.83,14311.17,20432.29,0
4,TRANSFER,2424.89,2067.2,894.7,1249.71,3396.6,0
4,PAYMENT,3903.8,3885.82,2515.4,12651.91,15354.24,0
4,TRANSFER,1119.93,22322.6,17619.61,12648.4,12857.85,0
4,DEBIT,3199.6,7005.44,6295.0,26911.98,29824.95,0
4,CASH_IN,1093.75,21826.29,12975.42,14589.45,15185.7,0
4,TRANSFER,2764.88,7623.81,5610.04,19108.45,21237.06,0
4,CASH_OUT,9876.82,1446.73,1195.68,11945.46,15604.49,0
4,PAYMENT,4482.39,17904.02,16431.43,51455.03,52233.18,0
4,CASH_OUT,3596.06,7260.54,5270.72,55130.58,55837.38,0
4,PAYMENT,6696.02,22067.18,15554.01,10397.62,16399.34,0
4,CASH_OUT,7549.07,3750.07,2737.59,14554.1,18119.13,0
4,PAYMENT,5502.88,1726.39,1142.93,2695.74,8012.85,0
4,PAYMENT,2752.15,10309.32,4085.01,14848.22,16001.18,0
4,PAYMENT,4600.38,30452.61,23769.92,89291.37,92675.85,0
4,PAYMENT,71538.01,31444.87,28909.3,18219.31,67554.09,0
4,CASH_OUT,6539.77,25551.0,19355.99,18596.76,24248.13,0
4,PAYMENT,3691.44,6549.84,4215.33,123038.93,124160.91,0
4,PAYMENT,4334.53,25755.81,16055.35,28149.79,30542.71,0
4,CASH_IN,1081.17,14535.33,12538.36,16860.94,17850.99,0
4,PAYMENT,11326.11,25795.23,20181.88,6535.34,13435.98,0
4,TRANSFER,4041.94,7502.34,3343.9,22185.33,24320.85,0
4,CASH_IN,33497.95,19898.65,16314.13,4302.88,28269.71,0
4,DEBIT,2395.67,2103.48,1903.02,5702.91,6325.78,0
4,CASH_IN,4174.06,6970.78,5753.76,5612.02,6095.57,0
4,PAYMENT,1994.99,3496.22,3094.45,38090.67,38687.89,0
4,CASH_OUT,40001.27,7458.08,6476.52,44990.21,58189.37,1
4,PAYMENT,3053.6,13265.07,11608.01,19207.91,21309.11,0
4,TRANSFER,3993.08,15735.6,12252.95,10118.69,13334.57,0
4,TRANSFER,17633.5,16352.59,8680.43,8191.45,19294.27,0
4,CASH_OUT,287.34,2914.95,2037.4,8491.52,8664.28,0
4,CASH_OUT,27188.21,2290.45,1024.77,10690.83,32667.08,0
4,CASH_OUT,4446.25,93021.5,75129.42,5298.52,9318.59,0
4,PAYMENT,678.89,3708.58,3573.04,43160.36,43314.71,0
4,PAYMENT,2471.92,28812.39,21730.28,6863.32,7681.92,0
4,CASH_OUT,508.06,5923.63,5812.14,25715.88,25973.41,0
4,CASH_OUT,1253.82,1658.05,1576.47,10944.49,11156.34,0
4,PAYMENT,418.36,23377.88,9800.16,6506.32,6608.57,0
4,PAYMENT,3115.36,12419.84,9618.27,27187.56,27877.66,0
4,TRANSFER,1450.41,6560.23,5227.04,10457.61,11634.46,0
4,CASH_OUT,283.11,61380.19,41267.42,6743.25,6862.17,0
4,TRANSFER,5225.01,7789.31,4966.48,6952.41,8830.62,0
4,CASH_OUT,4029.53,17152.49,16049.73,22708.74,25782.78,0
4,TRANSFER,8940.39,32644.01,20987.03,10774.49,14541.78,0
4,CASH_OUT,1057.57,27909.57,23247.17,29386.19,30032.06,0
4,CASH_OUT,660.2,10821.88,7630.33,7945.03,8485.51,0
4,PAYMENT,6382.61,7165.03,5607.93,24438.2,26375.59,0
4,PAYMENT,2846.84,30027.56,21667.87,11787.54,13825.39,0
4,CASH_OUT,22620.22,10264.17,9705.38,27848.1,33105.88,0
4,TRANSFER,138.79,1331.15,1251.97,5925.88,5965.49,0
4,PAYMENT,152.78,1345.1,1225.94,12173.96,12312.38,0
4,TRANSFER,2191.94,30073.36,11578.31,51921.55,52419.05,0
4,DEBIT,4502.82,1845.69,1653.78,700000.0,702426.13,0
4,CASH_OUT,9774.41,9218.9,5225.7,8985.39,16280.2,0
4,TRANSFER,2121.35,2332.73,1437.3,14905.22,15842.36,0
4,DEBIT,376.72,1530.29,1437.07,16095.24,16298.58,0
4,PAYMENT,1167.23,29713.25,22500.21,14404.19,14661.96,0
4,CASH_IN,623.93,7244.48,6177.45,4655.28,4862.63,0
4,CASH_OUT,2590.39,21264.11,13502.65,1708.31,3743.4,0
4,CASH_OUT,2060.36,915.22,553.47,8000.54,9928.64,0
4,CASH_OUT,15254.12,2612.82,1659.4,21354.75,27555.66,0
4,TRANSFER,1135.15,4070.22,3403.05,2897.48,3941.49,0
4,CASH_IN,9814.89,37085.5,36343.72,29045.78,37456.11,0
4,CASH_IN,1833.87,1244.12,632.57,58692.24,60405.51,0
4,PAYMENT,29562.95,6503.31,4981.38,41508.11,52891.82,0
4,PAYMENT,3865.66,4319.98,3242.55,9621.23,10050.55,0
4,TRANSFER,1286.23,20817.65,14091.65,12744.24,13499.64,0
4,PAYMENT,3308.91,3745.69,2628.27,2491.07,2836.12,0
4,PAYMENT,2862.09,5106.45,3381.44,73576.91,75772.85,0
4,PAYMENT,13059.13,17736.52,9751.45,11645.87,15003.73,0
4,TRANSFER,9501.69,12405.79,11067.44,36456.23,44913.52,0
4,CASH_OUT,46427.84,3268.54,1312.73,14288.25,56297.43,0
4,PAYMENT,34276.23,19537.47,17595.97,5606.67,21078.67,0
4,CASH_OUT,23217.11,25882.24,16403.44,58413.33,65203.59,0
4,CASH_IN,1984.23,14439.2,12589.62,14984.31,15273.49,0
4,CASH_OUT,5053.2,37910.05,28255.33,10977.73,14581.46,0
4,CASH_IN,8497.71,2178.95,1658.9,12046.12,20017.57,0
4,CASH_OUT,931.53,6448.23,3818.32,7660.69,8442.8,0
4,CASH_OUT,3481.66,15606.85,10843.59,17899.77,18815.84,0
4,PAYMENT,88891.19,3627.02,2041.99,14504.45,38486.35,0
4,CASH_IN,1067.27,16067.6,7735.12,12751.87,12883.92,0
4,CASH_IN,1262.59,1371.73,1188.35,6126.24,7061.17,0
4,CASH_IN,1110.55,6627.57,5623.37,9132.66,9313.19,0
4,CASH_OUT,23696.01,5919.77,4889.32,9362.23,23513.01,0
4,TRANSFER,109943.73,10023.98,6246.59,6524.3,42284.07,0
4,CASH_IN,363.45,14204.75,12768.77,8441.8,8583.91,0
4,CASH_IN,647.3,3398.83,2404.18,4653.46,5067.49,0
4,TRANSFER,11646.24,5906.62,4985.69,41017.64,52486.61,1
4,TRANSFER,9307.3,1193.56,1034.2,8262.94,11211.55,0
4,CASH_IN,317.57,529.87,441.74,14633.91,14827.64,0
4,PAYMENT,5106.0,2230.59,2009.16,5084.82,9195.08,0
4,PAYMENT,1079.75,17011.04,11531.55,4859.08,5125.03,0
4,TRANSFER,2041.51,3996.18,2815.38,13627.14,15144.43,0
4,TRANSFER,1389.25,3383.02,2597.46,7467.31,8612.86,0
4,CASH_OUT,2363.06,1913.15,1279.47,5030.62,5423.82,0
4,PAYMENT,1290.14,8186.44,7250.14,22827.98,23218.48,0
4,CASH_OUT,806.89,24005.45,13222.36,92774.24,92857.65,0
4,PAYMENT,9791.39,502.84,458.48,15297.55,16815.2,0
4,TRANSFER,11399.98,39204.21,29728.66,3990.77,14861.54,0
4,CASH_OUT,12213.33,11541.5,8054.42,7122.32,15089.67,1
4,TRANSFER,3777.63,2824.93,2224.32,7190.53,8437.44,0
4,PAYMENT,1553.3,62377.18,43790.63,47297.9,47518.76,0
4,PAYMENT,1327.16,11483.3,5280.49,8844.46,9888.18,0
4,CASH_OUT,1134.38,1693.0,1253.88,41232.44,41989.82,0
4,CASH_IN,2047.08,25221.25,18731.56,7696.61,8471.81,0
4,CASH_IN,424.04,8503.46,5751.4,11647.72,12004.88,0
4,PAYMENT,6537.03,4604.22,4467.5,11560.4,16599.01,0
4,CASH_OUT,1809.33,4974.87,2538.8,7723.02,8590.94,0
4,CASH_IN,2310.95,19865.41,19077.92,4727.54,6138.58,0
4,CASH_OUT,835.92,2499.59,2282.19,3433.27,3657.13,0
4,CASH_IN,1603.11,26895.84,18380.95,6883.09,8314.62,0
4,CASH_OUT,2404.69,6261.71,5721.92,54604.58,55742.67,0
4,PAYMENT,9931.82,8106.13,5947.81,4080.49,9151.27,0
4,CASH_OUT,19804.07,49095.48,46294.82,2860.9,12151.85,1
4,CASH_IN,560.56,19568.19,13782.2,4153.29,4624.65,0
4,PAYMENT,1013.24,24964.35,10764.42,8128.66,9063.35,0
4,CASH_OUT,939.57,8329.46,7337.02,6094.48,6541.62,0
4,PAYMENT,30608.97,49553.32,33136.47,37489.18,49279.57,0
4,CASH_OUT,3433.45,5063.99,3830.48,9622.32,9996.75,0
4,CASH_OUT,1896.86,1449.0,1326.8,22048.99,22829.34,0
4,PAYMENT,7308.88,1902.72,1658.88,9349.97,10238.53,0
4,CASH_OUT,1763.68,5525.6,3549.37,7106.81,7759.25,0
4,CASH_OUT,2752.09,4405.65,3510.5,9815.46,10184.63,0
4,CASH_OUT,18401.72,2357.34,2007.15,16770.43,23234.94,0
4,PAYMENT,2867.78,3773.64,2417.34,12207.96,12575.49,0
4,CASH_OUT,440.58,3540.33,1224.68,54687.54,54896.85,0
4,PAYMENT,5239.05,2581.44,2312.5,26618.01,28104.65,0
4,DEBIT,1593.88,2648.55,1425.57,2120.23,2564.69,0
4,TRANSFER,3756.98,13077.7,8876.6,3787.13,4386.81,0
4,CASH_IN,16300.54,4057.27,2941.43,21186.18,23763.03,0
4,CASH_OUT,1722.21,49263.23,40336.68,8926.46,9174.77,0
4,CASH_OUT,2234.1,15958.05,13537.61,34841.22,36739.66,0
4,PAYMENT,8813.26,23470.97,14413.98,18475.29,24331.5,0
4,PAYMENT,1341.98,18653.04,16217.98,10784.29,11365.6,0
4,CASH_OUT,2835.88,11194.57,10518.23,22063.47,24433.16,0
4,PAYMENT,3809.86,7245.29,5210.5,7272.53,8362.76,0
4,CASH_OUT,6946.69,29322.69,27305.53,15517.39,21132.73,0
4,TRANSFER,4824.68,17059.42,10310.23,9567.23,13431.35,0
4,TRANSFER,3522.83,1276.67,1148.91,9521.14,13029.17,0
4,TRANSFER,2463.32,1307.64,1221.27,66817.39,67927.06,0
4,CASH_OUT,3193.52,1933.09,1357.65,52991.04,55190.26,0
4,PAYMENT,1872.13,14186.31,8638.31,9724.69,11154.29,0
4,PAYMENT,9946.34,3185.12,2191.99,21646.06,26668.37,0
4,PAYMENT,3538.34,6123.99,3879.64,10854.53,11328.93,0
4,TRANSFER,15872.6,11854.46,7249.06,92635.55,97458.49,0
4,TRANSFER,4887.31,3221.69,2035.73,4752.44,7451.99,0
4,TRANSFER,8783.16,7670.09,5217.73,25933.63,33208.19,0
4,TRANSFER,3031.17,19089.69,10696.81,19877.99,21474.05,0
4,CASH_OUT,8379.28,1613.79,1153.19,18564.09,25322.67,0
4,PAYMENT,3638.08,6477.22,6066.77,11393.06,13013.63,0
4,CASH_OUT,1718.7,5321.99,2977.58,3890.67,5286.23,0
4,PAYMENT,2590.4,6496.79,5068.82,12328.29,12899.08,0
4,PAYMENT,6468.93,22058.08,17333.77,13177.76,18550.12,0
4,DEBIT,9910.95,34851.16,10879.47,20034.36,22773.34,0
4,CASH_IN,3589.76,4233.06,2487.65,3382.19,3793.49,0
4,TRANSFER,7136.05,32153.44,20317.54,38804.57,40114.96,0
4,CASH_OUT,19630.89,4953.05,3856.02,4712.09,17562.26,1
4,TRANSFER,8785.88,2954.65,1138.1,7109.46,10545.29,0
4,DEBIT,6865.52,3649.5,2815.96,6217.4,11592.95,0
4,PAYMENT,3701.59,41576.15,26942.87,24147.03,25849.19,0
4,CASH_OUT,31409.88,1490.5,971.41,4294.93,25872.02,0
4,PAYMENT,22578.41,2529.06,1920.7,6804.82,23696.75,0
4,CASH_OUT,10494.26,7001.93,5595.58,8743.59,18003.0,0
4,PAYMENT,930.61,5543.82,3551.74,9043.89,9340.94,0
4,TRANSFER,3809.71,3221.54,2616.24,19739.34,22093.22,0
4,CASH_OUT,3671.22,8021.94,6627.22,40458.32,42536.54,0
4,TRANSFER,2862.4,2785.69,1377.14,29322.46,32141.33,0
4,CASH_IN,50.29,24654.3,18911.16,3199.46,3235.65,0
4,PAYMENT,895.1,7615.97,4179.91,3461.81,4071.87,0
4,DEBIT,10048.17,16940.45,9913.48,5592.52,10292.27,0
4,CASH_OUT,806.27,10840.4,9395.67,8309.86,8937.67,0
4,CASH_OUT,7388.13,6154.28,5476.22,20333.61,22215.0,0
4,PAYMENT,1657.02,1703.82,1306.04,19591.07,20832.0,0
4,PAYMENT,4842.97,10172.15,9581.13,7416.27,10877.37,0
4,CASH_OUT,2260.76,18497.16,13928.66,4010.55,4984.49,0
4,CASH_IN,215.16,5870.88,3862.98,2947.76,2974.94,0
4,TRANSFER,3609.41,6054.27,4623.89,2184.19,4724.33,0
4,TRANSFER,2386.28,650.19,561.71,5625.05,6776.13,0
4,PAYMENT,5504.96,5805.52,4551.18,32721.48,36845.23,0
4,CASH_IN,1465.78,20122.49,16531.23,59816.48,60296.69,0
4,CASH_IN,4528.29,4346.96,4180.66,14961.37,16542.84,0
4,CASH_OUT,2320.67,11581.99,8924.31,11267.92,12351.16,0
4,CASH_IN,1378.89,52576.25,49816.26,4335.08,5392.91,0
4,DEBIT,27169.88,5159.28,3348.77,10840.14,37492.25,0
5,TRANSFER,10968.12,4677.92,3728.45,6496.75,16323.01,0
5,CASH_OUT,2626.6,6022.83,4877.57,3666.4,5184.55,0
5,PAYMENT,415.4,1632.32,1443.18,32577.71,32783.48,0
5,CASH_OUT,2190.84,20363.91,14369.27,34704.74,35437.52,0
5,CASH_OUT,684.64,20460.19,15257.44,16903.85,17469.47,0
5,CASH_IN,1706.44,25797.25,20275.64,15305.94,16397.1,0
5,CASH_OUT,1624.63,12188.5,1596.18,16230.91,17767.7,0
5,CASH_OUT,1737.87,6870.0,5568.81,22086.66,23558.26,0
5,PAYMENT,1108.11,3217.75,2238.66,3342.5,4304.4,0
5,TRANSFER,46587.25,12344.55,9115.17,8798.36,55233.53,0
5,DEBIT,1006.71,57662.08,39299.72,3459.11,4275.35,0
5,PAYMENT,4660.46,22445.07,18085.77,4356.96,5303.03,0
5,TRANSFER,514.01,26710.07,20336.11,9412.37,9539.82,0
5,CASH_OUT,233.07,6040.79,5153.57,41204.62,41435.9,0
5,PAYMENT,1967.39,26249.39,14012.28,8845.83,10022.45,0
5,TRANSFER,5466.84,7557.81,4624.23,7575.56,11404.9,0
5,TRANSFER,426.43,2744.45,2674.58,13029.06,13257.48,0
5,TRANSFER,3505.99,11008.42,8596.49,1106.34,1837.51,0
5,DEBIT,1468.64,1403.21,853.23,21801.69,22094.37,0
5,DEBIT,3703.15,7130.1,6061.4,12470.8,12988.03,0
5,PAYMENT,6765.43,5030.18,4817.71,5124.72,10415.24,0
5,CASH_OUT,1165.95,39524.19,34785.94,28643.98,29270.76,0
5,TRANSFER,4891.82,2783.36,2124.23,19539.4,22482.63,0
5,CASH_IN,4829.18,26942.1,17953.04,9213.7,12510.92,0
5,TRANSFER,974.42,1551.61,1433.2,11474.66,12135.66,0
5,CASH_IN,9867.71,25335.86,17015.33,9492.42,13133.15,0
5,PAYMENT,1310.97,1768.97,1110.6,5799.42,6370.94,0
5,PAYMENT,1105.96,6356.17,5791.63,109546.27,110005.98,0
5,PAYMENT,6850.2,49102.63,31510.98,46593.46,50749.86,0
5,DEBIT,6804.12,6474.58,6124.72,6000.04,6815.8,0
5,PAYMENT,2769.31,13007.78,10229.84,2653.84,3610.13,0
5,PAYMENT,10023.13,7517.12,7490.78,30940.11,35805.79,0
5,PAYMENT,1176.78,8745.8,7294.3,9711.52,10763.02,0
5,DEBIT,9170.58,21597.39,20435.48,25504.47,34024.77,0
5,PAYMENT,897.84,3745.37,3304.63,25194.67,25982.17,0
5,CASH_IN,1835.42,70829.19,58729.31,15139.36,15848.43,0
5,PAYMENT,876.33,4780.29,2372.28,29374.53,29670.13,0
5,CASH_OUT,2829.94,9500.29,4345.21,16298.94,17181.52,0
5,CASH_IN,1224.5,9055.58,4628.95,25462.99,26020.28,0
5,DEBIT,9292.7,14967.57,8894.75,24865.96,33805.56,0
5,PAYMENT,1924.64,7225.66,5570.47,28840.47,30026.06,0
5,PAYMENT,2972.19,15300.43,9095.58,15841.48,18004.04,0
5,CASH_IN,828.19,101952.89,96986.21,64904.3,65437.43,0
5,CASH_OUT,1838.87,1321.08,1006.27,10570.63,11071.16,0
5,TRANSFER,5323.04,9426.34,8052.85,8670.96,12181.67,0
5,CASH_OUT,2619.01,2483.77,1472.58,19115.63,19763.69,0
5,PAYMENT,1429.42,1610.88,964.99,7023.42,7881.15,0
5,TRANSFER,1333.76,9094.81,7152.89,22376.18,23182.81,0
5,TRANSFER,6393.7,15008.96,11364.27,123383.11,129519.0,0
5,TRANSFER,2381.36,6181.48,3760.26,56625.56,56917.39,0
5,CASH_OUT,709.64,4405.13,3109.35,22698.09,23263.18,0
5,CASH_OUT,2601.36,4707.64,4105.14,3326.29,4777.61,0
5,PAYMENT,654.58,6716.27,5838.54,10237.5,10866.88,0
5,PAYMENT,4479.53,7177.7,3552.72,31214.8,32694.02,0
5,TRANSFER,62551.2,32650.53,20354.72,5142.9,20789.84,1
5,CASH_IN,2144.97,39823.78,28991.43,4546.45,6146.6,0
5,PAYMENT,1691.69,11046.67,10596.75,2955.76,4258.32,0
5,CASH_OUT,3368.62,8741.92,5897.45,35623.82,38307.28,0
5,PAYMENT,4674.7,2986.06,2238.6,1202.92,3621.0,0
5,PAYMENT,3621.02,1632.01,1441.67,27137.49,29836.1,0
5,PAYMENT,965.03,7926.75,5820.15,5005.73,5548.19,0
5,PAYMENT,16085.61,5649.11,3009.84,16479.14,24238.23,0
5,CASH_OUT,8585.23,2303.46,1554.51,5564.28,13861.08,0
5,CASH_OUT,16679.5,12579.76,10247.79,26342.06,32506.61,0
5,PAYMENT,4474.45,11828.84,7040.77,25942.71,27751.35,0
5,PAYMENT,1271.71,1864.46,1353.0,110558.33,111815.53,0
5,CASH_OUT,1887.66,41594.88,30559.26,24278.5,24602.58,0
5,TRANSFER,2270.22,7313.92,6401.32,50411.45,51360.29,0
5,TRANSFER,3384.67,5453.37,3647.87,7127.83,9862.82,0
5,PAYMENT,648.26,4321.82,3064.07,10835.69,11046.64,0
5,PAYMENT,2180.77,5173.28,4346.48,12333.77,13823.66,0
5,PAYMENT,352.41,5798.42,4776.89,8375.75,8623.01,0
5,TRANSFER,4158.56,6484.93,5541.79,9187.54,13274.05,0
5,CASH_OUT,1292.66,12686.67,10928.51,5382.76,5799.23,0
5,TRANSFER,2918.53,22878.14,16114.15,10092.47,12828.56,0
5,PAYMENT,3685.11,23371.54,18039.11,2167.69,5717.62,0
5,DEBIT,2252.0,10647.04,5198.93,50434.19,51191.38,0
5,PAYMENT,11732.95,3201.94,1632.37,6242.71,16608.69,0
5,TRANSFER,1755.76,5779.87,5310.88,16015.32,17139.62,0
5,TRANSFER,971.17,11705.13,9712.85,5255.37,6207.35,0
5,TRANSFER,1298.52,3476.94,2755.07,10151.71,10513.44,0
5,CASH_OUT,6201.66,2734.4,2249.05,31420.23,36561.08,0
5,CASH_OUT,6409.35,18617.99,18082.62,6883.32,7889.43,0
5,CASH_OUT,4637.77,773.24,484.59,25359.5,28631.48,0
5,CASH_IN,3141.21,938.86,767.93,7031.83,9086.76,0
5,CASH_OUT,4251.28,30353.87,14282.56,9192.89,11855.19,0
5,CASH_OUT,1939.76,89350.46,68892.62,12036.33,12722.94,0
5,CASH_OUT,1892.21,8029.47,5344.36,4741.18,6134.99,0
5,CASH_OUT,4931.72,9045.02,7434.95,1557.63,5262.01,0
5,PAYMENT,2891.03,16526.7,10917.67,5703.23,8124.16,0
5,CASH_IN,2371.96,100166.77,61555.72,10671.36,11776.11,0
5,CASH_IN,2451.16,27006.82,24401.91,16305.71,16879.25,0
5,CASH_IN,9733.66,10850.68,8211.29,11131.24,14121.48,0
5,CASH_IN,8935.25,12389.19,10477.83,2324.45,4117.65,0
5,PAYMENT,1542.34,1175.69,1005.06,43644.57,44136.56,0
5,PAYMENT,1927.95,8188.28,6349.29,11365.16,12070.54,0
5,PAYMENT,3227.82,6583.7,4896.29,16036.37,17251.37,0
5,CASH_IN,329.16,24150.77,15156.67,21657.89,21708.7,0
5,PAYMENT,3489.1,23047.15,22542.27,6501.95,8460.0,0
5,CASH_IN,2335.17,15060.36,14135.59,14309.81,15197.79,0
5,CASH_OUT,13787.91,20795.44,17390.06,5724.23,11780.26,0
5,PAYMENT,1646.5,10642.17,7955.54,11570.74,12664.45,0
5,CASH_OUT,7766.91,53863.15,50478.09,17406.34,20228.44,0
5,CASH_OUT,936.0,7158.16,5733.28,7187.7,7614.23,0
5,PAYMENT,400.27,1949.09,1867.91,7143.09,7381.03,0
5,PAYMENT,1300.48,4577.7,3093.63,15320.93,15802.75,0
5,TRANSFER,1525.38,4061.95,2506.1,3694.77,4178.07,0
5,CASH_OUT,2628.09,6523.99,5615.65,19406.56,19763.78,0
5,TRANSFER,13433.05,49490.09,38906.43,21170.51,32865.65,0
5,PAYMENT,2789.33,18301.7,11965.88,4650.92,5809.49,0
5,TRANSFER,10495.3,16759.86,12130.29,10775.43,20045.6,1
5,TRANSFER,1773.18,6335.54,5300.01,18980.94,20362.01,0
5,PAYMENT,2054.92,1677.14,663.21,3411.96,3698.99,0
5,TRANSFER,18056.38,901.11,666.87,14455.12,16507.66,0
5,CASH_OUT,4556.27,19672.06,17794.85,14730.12,18946.83,0
5,PAYMENT,2014.65,3999.6,3236.04,5281.24,6225.66,0
5,TRANSFER,10055.68,27968.49,22858.19,22920.94,32308.67,0
5,CASH_OUT,1325.54,54291.47,44398.21,26498.0,27419.63,0
5,CASH_OUT,1159.6,6083.87,5422.97,21491.36,21681.87,0
5,CASH_IN,2395.45,8749.88,5987.19,27580.42,28815.8,0
5,TRANSFER,1078.19,1212.53,1008.06,3831.95,3958.83,0
5,CASH_IN,40440.83,4741.66,3749.7,50153.45,67881.49,0
5,TRANSFER,2523.9,1317.16,1195.73,53750.21,55492.25,0
5,CASH_OUT,3487.1,7734.75,6938.51,6533.65,7666.34,0
5,PAYMENT,10851.8,5084.79,3398.3,3339.27,7332.6,0
5,CASH_OUT,1772.06,6600.5,4504.13,19784.65,20017.45,0
5,TRANSFER,9716.02,23031.06,18938.39,2094.93,11454.55,0
5,DEBIT,18834.73,3447.7,2168.38,35583.43,53078.07,0
5,PAYMENT,771.5,25399.0,21072.25,3229.38,3514.38,0
5,CASH_OUT,4365.44,29465.74,22579.54,7707.35,9304.61,0
5,TRANSFER,4919.23,41928.61,39627.86,17328.54,22197.36,0
5,PAYMENT,4134.85,5625.34,3025.37,18874.02,21078.8,0
5,PAYMENT,19392.84,9837.08,9670.88,9004.2,13975.1,0
5,TRANSFER,2789.89,7271.72,4648.86,3436.16,4477.49,0
5,PAYMENT,3228.75,17628.83,13175.54,5074.04,5603.14,0
5,PAYMENT,3172.22,11182.75,6497.8,10599.25,11738.04,0
5,TRANSFER,14209.5,5644.48,5116.67,33208.94,36452.15,1
5,TRANSFER,2266.56,20102.84,18170.42,25989.82,26854.78,0
5,CASH_OUT,7869.39,3009.09,2331.72,24339.4,30693.71,0
5,CASH_OUT,11997.99,77794.3,57519.38,26926.51,29428.2,0
5,TRANSFER,3231.86,70907.04,56769.65,370755.69,372505.09,0
5,PAYMENT,13066.55,4499.74,3645.23,7977.13,9803.5,0
5,CASH_OUT,3535.89,12845.95,7603.1,7638.11,9533.91,0
5,CASH_OUT,4803.87,35008.77,25794.94,35892.63,37592.6,0
5,CASH_IN,1283.25,12242.38,10654.54,25404.37,25933.65,0
5,CASH_OUT,9469.2,7134.21,6092.53,82049.29,88015.1,0
5,PAYMENT,1786.75,1703.52,1512.46,5265.4,6353.93,0
5,DEBIT,1265.46,4057.41,3590.71,30553.42,30814.6,0
5,TRANSFER,1767.28,74582.3,40357.6,2738.44,3079.59,0
5,CASH_OUT,1636.13,8738.73,7012.94,19738.99,20531.72,0
5,DEBIT,3192.34,4882.67,3905.44,1205.59,4179.6,0
5,CASH_OUT,1253.79,5566.64,4521.49,20054.69,20182.25,0
5,TRANSFER,1408.92,27150.14,17572.18,40874.04,41075.19,0
5,PAYMENT,8337.29,14483.71,13544.81,10646.54,14908.42,0
5,TRANSFER,22504.57,23352.11,19811.09,66315.96,69033.33,0
5,CASH_OUT,4270.04,1278.54,1219.91,4079.17,4825.11,0
5,PAYMENT,2796.95,7558.52,6636.24,34867.64,36553.25,0
5,TRANSFER,2186.7,3408.48,2650.6,13810.45,14254.52,0
5,CASH_OUT,737.11,1321.91,809.59,38433.47,39125.12,0
5,CASH_OUT,416.67,15011.05,11472.06,15972.57,16200.48,0
5,TRANSFER,674.4,5439.24,3631.25,14001.97,14495.35,0
5,PAYMENT,17349.0,36059.14,33202.55,48636.71,65777.3,0
5,TRANSFER,2676.16,30805.71,28099.99,11828.35,12663.89,0
5,TRANSFER,3848.54,3733.57,2179.54,3551.97,5362.51,0
5,PAYMENT,4724.51,32660.71,28244.31,8686.65,10943.09,0
5,CASH_OUT,3944.71,5976.28,4658.88,24920.88,27454.1,0
5,TRANSFER,2036.66,12430.6,9019.87,10970.38,11974.11,0
5,PAYMENT,1156.7,6044.19,4844.24,30931.22,31070.09,0
5,CASH_OUT,502.15,17099.51,15894.88,1962.05,2451.61,0
5,CASH_IN,424.31,1402.93,773.08,2035.54,2113.34,0
5,CASH_OUT,14522.89,768.95,729.36,5195.36,7936.0,0
5,DEBIT,751.68,32194.59,32176.42,33975.32,34142.73,0
5,PAYMENT,6636.28,10372.29,8605.47,16534.9,22249.89,0
5,PAYMENT,4493.9,4314.6,3660.08,9586.13,11584.23,0
5,CASH_OUT,998.58,13219.34,8777.2,30232.86,30428.31,0
5,TRANSFER,2475.03,10650.48,7103.84,19104.04,21282.47,0
5,CASH_OUT,1922.84,16578.01,14893.11,8892.87,9806.1,0
5,TRANSFER,2758.48,16925.49,9471.79,2214.36,3495.01,0
5,CASH_OUT,1002.04,12593.29,10253.04,15115.82,15879.84,0
5,PAYMENT,4083.69,14112.63,10421.51,14679.88,17131.2,0
5,TRANSFER,3525.83,2849.63,2699.63,20755.23,23808.94,0
5,CASH_OUT,28001.05,4163.07,2569.06,3241.61,12613.13,0
5,CASH_OUT,1862.68,4092.76,3040.49,22143.58,22778.81,0
5,PAYMENT,1640.31,8646.36,6159.86,49343.43,50891.4,0
5,PAYMENT,1294.69,2946.78,1975.11,8908.25,9705.34,0
5,CASH_IN,3272.63,19250.91,14902.92,28748.12,31239.81,0
5,TRANSFER,3371.91,50235.27,37358.47,7831.67,8721.3,0
5,PAYMENT,11395.06,31740.44,30390.25,4789.34,12627.44,0
5,CASH_OUT,6234.18,19605.63,9348.25,37993.12,39850.85,0
5,DEBIT,23290.35,4972.8,3535.37,11441.07,27794.82,0
5,PAYMENT,4032.78,4786.56,4589.03,34342.65,37817.51,0
5,CASH_OUT,4511.11,10895.73,9282.82,4049.66,8218.08,0
5,CASH_IN,2161.28,12073.74,4241.17,2704.73,3547.78,0
5,CASH_OUT,16730.0,12895.99,12310.14,19798.89,34257.87,1
5,CASH_OUT,6044.07,3487.67,2156.14,4680.57,7837.93,0
5,CASH_OUT,18576.77,6141.33,5648.59,2131.37,16269.35,1
5,CASH_OUT,2732.48,4949.8,4464.11,18657.5,19665.29,0
5,PAYMENT,1124.65,12814.34,9905.84,124821.77,125901.07,0
5,PAYMENT,5188.17,12647.86,10743.81,26313.38,28634.05,0
5,CASH_OUT,8155.42,16224.99,12837.97,1786.09,5921.23,0
5,PAYMENT,3905.49,15526.88,12271.38,5247.01,8198.15,0
5,TRANSFER,5781.05,5454.68,4604.27,18748.93,23401.23,0
5,PAYMENT,5540.78,19161.45,8407.91,29148.22,32875.35,0
5,CASH_IN,16580.76,4423.57,3716.71,7905.71,10056.84,0
5,TRANSFER,866.16,7814.91,4947.38,6291.42,6484.82,0
5,CASH_IN,493.17,85567.93,79419.35,4278.98,4617.23,0
5,PAYMENT,4136.47,15222.4,11546.81,128783.73,131622.47,0
5,PAYMENT,366.65,1759.82,940.88,48385.33,48590.02,0
5,CASH_OUT,1648.73,7347.11,6073.0,2878.58,3252.64,0
5,DEBIT,598.07,4308.84,2554.75,16185.69,16680.54,0
5,CASH_OUT,1730.67,8686.03,6075.09,6868.1,8169.41,0
5,TRANSFER,4603.32,71816.34,43467.66,5011.84,5967.53,0
5,CASH_IN,24483.03,10896.06,8162.05,2960.09,22582.59,0
5,TRANSFER,1610.53,3293.68,2007.68,6735.26,7543.93,0
5,CASH_IN,30386.77,4732.82,4352.26,6410.84,16305.04,0
6,TRANSFER,744.4,2151.81,1184.26,5368.8,5528.84,0
6,CASH_OUT,7206.82,4130.28,2771.86,16098.94,22178.99,0
6,PAYMENT,1064.33,1661.56,1447.91,16082.78,17115.09,0
6,CASH_OUT,6348.98,9319.67,8787.39,20876.59,26811.99,0
6,TRANSFER,1021.23,4406.42,3591.66,19772.36,20703.43,0
6,CASH_OUT,6089.17,6158.14,5285.26,64689.19,66948.66,0
6,PAYMENT,522.6,2709.96,2349.03,71938.89,72360.98,0
6,TRANSFER,4576.39,32040.17,20275.55,5038.34,5755.88,0
6,PAYMENT,8692.16,57533.26,34291.52,27066.68,32148.88,0
6,CASH_OUT,2944.65,7265.07,5517.24,15045.18,17677.32,0
6,TRANSFER,11383.47,12851.12,7810.9,17901.87,22140.73,1
6,DEBIT,20681.44,13004.63,12337.58,5711.94,19252.04,0
6,CASH_OUT,3708.86,4026.22,2519.77,53516.21,56044.88,0
6,PAYMENT,585.57,9135.33,8779.02,5199.5,5783.89,0
6,CASH_IN,5183.67,8400.01,6264.27,7556.78,8871.88,0
6,PAYMENT,1133.97,10435.55,3443.3,14058.26,14595.46,0
6,CASH_OUT,1829.37,41961.92,28095.56,35566.44,36962.33,0
6,PAYMENT,3594.81,7330.73,6953.69,11787.23,13321.69,0
6,PAYMENT,12846.09,2458.23,1731.79,38500.68,41428.43,0
6,PAYMENT,753.31,2654.65,2133.3,27861.4,28160.98,0
6,CASH_OUT,8865.2,2281.05,1068.54,12870.75,14826.54,0
6,PAYMENT,6158.5,1247.07,1110.09,6582.82,8134.33,0
6,CASH_OUT,10552.36,6819.14,5420.56,29873.97,31321.0,0
6,CASH_OUT,2210.3,20433.46,10516.3,6839.41,8938.25,0
6,CASH_OUT,3310.57,18438.62,14623.56,4473.67,5972.44,0
6,PAYMENT,5671.88,11936.98,9692.87,4915.6,9191.75,0
6,PAYMENT,586.1,8731.74,4698.62,2051.46,2251.54,0
6,PAYMENT,1518.46,9532.41,7553.16,12674.59,12954.82,0
6,CASH_OUT,3966.73,13397.74,8777.08,1681.27,2219.31,0
6,TRANSFER,2453.44,1367.22,1051.21,9561.65,10194.42,0
6,TRANSFER,3125.22,9539.64,7915.88,75606.48,78319.9,0
6,PAYMENT,633.8,8448.8,7263.31,4537.7,4684.26,0
6,CASH_OUT,3967.6,25060.14,20584.03,4889.93,6962.6,0
6,PAYMENT,1587.9,10452.29,4727.42,2825.86,4213.91,0
6,CASH_OUT,588.11,13708.61,6819.96,9754.46,9948.29,0
6,CASH_OUT,3311.92,73491.85,60810.83,582.12,3878.3,0
6,CASH_IN,2736.28,4974.79,3567.95,12390.56,12746.27,0
6,CASH_OUT,4396.45,37969.6,18575.0,34767.8,36865.79,0
6,CASH_IN,16403.15,17557.22,14562.54,3426.21,8580.3,0
6,TRANSFER,1169.13,104955.65,97752.92,9147.04,9957.26,0
6,CASH_OUT,1883.94,28329.03,12517.43,4757.52,5732.19,0
6,CASH_OUT,887.8,1435.46,1213.28,8683.01,8948.0,0
6,DEBIT,5374.72,20832.67,16638.89,16698.39,18314.97,0
6,TRANSFER,1631.88,10205.85,8412.85,96107.82,97236.76,0
6,TRANSFER,19108.61,8637.98,5109.26,16171.18,34957.72,1
6,PAYMENT,2118.54,3164.74,2122.65,5975.02,6667.91,0
6,PAYMENT,4629.88,9652.99,6881.3,19539.42,23795.99,0
6,CASH_OUT,6895.13,261328.05,251881.93,27329.17,31877.34,0
6,TRANSFER,3959.19,1192.1,1120.91,45203.52,47920.71,0
6,CASH_IN,5715.96,12838.22,11646.7,5563.63,7723.14,0
6,CASH_IN,14601.5,16097.03,4776.0,14785.5,25188.73,0
6,CASH_OUT,4143.17,12167.36,11728.78,47342.5,50184.23,0
6,CASH_IN,58144.12,39886.31,30581.32,5838.35,41684.99,0
6,CASH_OUT,23377.39,2337.62,2077.84,63202.81,67136.46,1
6,CASH_OUT,2015.65,11702.1,8863.67,47385.54,48067.84,0
6,CASH_IN,378.12,3014.67,2266.58,14640.78,14990.04,0
6,PAYMENT,779.88,3995.07,3109.7,20096.22,20700.08,0
6,CASH_OUT,37248.42,14793.77,9881.1,24118.26,29185.87,0
6,CASH_IN,14048.93,487.4,373.38,8560.4,16409.72,0
6,CASH_OUT,5720.65,8529.22,5143.8,35620.83,37859.31,0
6,PAYMENT,823.67,16653.58,12906.56,10148.83,10536.65,0
6,PAYMENT,1876.16,3054.84,1527.62,8010.19,8742.4,0
6,TRANSFER,1463.77,18695.62,12027.34,10272.72,11423.59,0
6,TRANSFER,547.45,5887.02,3303.6,6202.07,6355.33,0
6,TRANSFER,2011.5,51375.35,36999.26,38191.51,39532.79,0
6,DEBIT,1206.31,15969.65,14311.99,47017.32,47426.42,0
6,PAYMENT,2692.25,7166.25,6774.59,35084.2,37599.69,0
6,PAYMENT,9227.87,3742.92,3278.0,32373.95,39073.49,0
6,CASH_IN,4518.57,13077.98,10339.73,10132.3,10676.59,0
6,PAYMENT,7791.78,1839.86,1351.0,40308.82,42952.01,0
6,PAYMENT,1089.46,4251.32,3762.28,7261.54,8110.18,0
6,CASH_OUT,1474.79,2433.21,2009.58,5496.19,5831.42,0
6,PAYMENT,1033.03,3543.87,2569.17,4702.8,5083.56,0
6,TRANSFER,1337.05,2622.78,2090.78,39921.28,40908.07,0
6,PAYMENT,7468.73,3717.45,1687.27,3924.7,6573.33,0
6,PAYMENT,1124.98,40429.1,30818.55,28496.82,29587.7,0
6,CASH_OUT,5014.43,1003.31,723.29,51552.73,52195.63,0
6,PAYMENT,2140.51,11169.97,9887.56,91138.22,92119.26,0
6,TRANSFER,274.83,1617.56,1545.62,11324.74,11439.68,0
6,TRANSFER,3137.23,9069.6,6573.39,6302.11,6886.46,0
6,PAYMENT,2467.16,17315.5,11821.41,6081.0,7301.62,0
6,CASH_IN,2807.87,40813.26,17325.98,16510.66,18101.6,0
6,PAYMENT,4442.94,4561.67,3184.87,4081.95,5342.23,0
6,PAYMENT,4426.9,2964.81,2421.98,9430.53,13528.52,0
6,CASH_OUT,809.62,1934.09,1313.53,6267.83,6689.93,0
6,DEBIT,835.41,2432.4,1872.12,3056.04,3355.72,0
6,CASH_IN,398.39,9112.16,6719.03,12462.98,12671.51,0
6,CASH_OUT,1689.76,19604.24,14875.97,16472.34,16652.82,0
6,CASH_IN,2122.09,8994.74,5102.77,1903.05,2136.69,0
6,CASH_OUT,711.51,2258.66,1507.18,4935.92,5030.4,0
6,PAYMENT,2110.16,8434.59,6830.07,79268.04,80242.29,0
6,TRANSFER,7211.9,23961.69,15738.85,4802.16,7783.64,0
6,CASH_IN,19361.8,7119.85,5839.25,30276.19,40446.93,0
6,TRANSFER,2239.93,3511.59,2297.87,4179.03,5406.49,0
6,PAYMENT,3903.37,2531.63,1993.35,19020.06,19791.91,0
6,CASH_OUT,1549.7,48308.35,27527.81,3126.53,3472.93,0
6,PAYMENT,1851.34,30064.18,17595.35,28255.61,29696.63,0
6,CASH_OUT,627.34,13059.51,10768.96,24486.12,24688.92,0
6,PAYMENT,125.38,3433.73,2890.78,101439.9,101507.05,0
6,TRANSFER,13062.27,1781.34,1395.48,6447.43,18369.4,1
6,CASH_IN,8140.78,8942.77,7587.4,20073.8,25280.15,0
6,PAYMENT,3193.06,6279.96,5973.33,21757.05,23430.28,0
6,CASH_OUT,1121.79,3564.86,2509.2,10734.24,11617.47,0
6,PAYMENT,26853.76,117946.44,84683.41,7589.7,17340.14,0
6,CASH_IN,1873.29,11228.7,6131.56,10290.79,11593.64,0
6,TRANSFER,10101.64,11263.12,10179.93,23448.88,25345.78,0
6,TRANSFER,790.64,1199.4,1056.63,6026.69,6150.63,0
6,CASH_IN,3207.48,3136.16,1991.44,23537.19,26658.2,0
6,CASH_OUT,1231.09,13137.5,10869.07,16785.58,17929.18,0
6,CASH_OUT,3298.81,4643.09,2403.52,5757.8,7612.98,0
6,TRANSFER,3470.26,26435.35,13886.32,7658.15,8676.75,0
6,PAYMENT,2269.95,2548.55,2465.18,2516.7,3570.83,0
6,PAYMENT,914.49,7527.89,5364.43,9779.95,9879.48,0
6,CASH_OUT,2470.5,40966.43,31185.07,3750.88,4327.37,0
6,CASH_IN,2031.83,7771.36,7323.64,3691.71,5121.41,0
6,CASH_IN,6399.44,22238.13,17178.64,5391.55,6071.97,0
6,TRANSFER,492.21,21167.1,17812.47,8000.32,8085.55,0
6,TRANSFER,548.73,3526.41,2806.22,9564.45,9817.18,0
6,CASH_IN,1615.19,1623.65,1181.59,22050.95,22928.59,0
6,PAYMENT,5894.12,23395.87,14831.78,24428.42,25730.21,0
6,PAYMENT,1168.14,38310.84,28149.99,11676.24,12705.27,0
6,CASH_OUT,1817.71,1760.45,919.25,4995.94,5231.59,0
6,CASH_IN,3507.09,14910.13,11677.11,13786.46,14564.57,0
6,CASH_OUT,2656.02,3270.23,1905.11,11567.03,13017.33,0
6,CASH_OUT,1021.12,3684.43,2554.02,51440.18,52400.5,0
6,TRANSFER,5809.92,1456.12,836.73,9927.79,11259.26,0
6,PAYMENT,8475.48,6501.54,5848.02,70042.66,71580.37,0
6,TRANSFER,1748.4,8450.35,3437.82,12177.0,13858.09,0
6,CASH_OUT,3474.32,4407.4,2977.21,8494.11,11402.89,0
6,PAYMENT,3456.77,1438.2,1344.55,32658.62,35815.55,0
6,TRANSFER,1203.51,2393.28,1183.26,9078.44,9448.5,0
6,PAYMENT,7808.98,16944.11,13632.07,4488.72,9107.11,0
6,PAYMENT,9207.18,470.67,260.78,9866.53,12924.23,0
6,DEBIT,2277.55,56429.26,52070.9,14369.31,15772.49,0
6,TRANSFER,9215.8,9033.77,4910.34,14850.47,18679.56,0
6,CASH_OUT,5371.05,5457.05,4084.36,24549.01,28970.77,0
6,CASH_IN,1107.87,12985.2,12748.88,13264.9,14179.99,0
6,CASH_IN,3004.46,4898.16,4571.79,17258.8,19080.46,0
6,CASH_IN,6761.91,15543.98,12293.9,13055.33,15926.76,0
6,DEBIT,662.95,10080.43,9428.13,2992.49,3638.63,0
6,CASH_IN,1684.09,3830.75,1978.98,5746.49,7344.64,0
6,TRANSFER,1192.46,5716.36,4229.34,46881.81,47620.57,0
6,CASH_OUT,628.05,1618.78,1181.02,25866.98,26074.94,0
6,CASH_OUT,9383.05,2969.45,2745.35,32302.57,38075.79,0
6,CASH_IN,9407.98,14598.63,11301.87,105068.05,113227.81,0
6,TRANSFER,1333.26,4543.08,4068.5,5049.68,5908.38,0
6,TRANSFER,2266.81,3455.89,3142.02,2668.5,4162.31,0
6,TRANSFER,3312.58,37165.22,20734.53,7197.9,7635.56,0
6,PAYMENT,2720.94,12461.34,10516.21,8198.25,9347.59,0
6,DEBIT,411.54,12663.93,10384.22,21646.39,21871.66,0
6,PAYMENT,1076.92,16459.38,14834.66,15321.25,15955.43,0
6,CASH_OUT,3639.11,8592.8,5777.73,9620.94,11765.94,0
6,PAYMENT,4243.81,6745.19,5391.95,8343.7,12507.6,0
6,TRANSFER,3523.29,5381.07,5164.66,11534.23,13775.75,0
6,CASH_IN,730.45,5862.05,3844.39,65092.24,65651.76,0
6,PAYMENT,2709.99,4819.61,3274.46,24819.42,26265.8,0
6,TRANSFER,613.5,6927.56,5448.53,20760.67,21047.03,0
6,PAYMENT,874.16,4291.89,2903.99,15471.43,15958.85,0
6,CASH_IN,24265.62,6402.72,5374.41,3530.21,10590.43,0
6,TRANSFER,21520.94,21060.74,18221.6,6057.23,16692.19,0
6,TRANSFER,7932.97,29335.69,21263.23,2653.23,7092.85,0
6,PAYMENT,1906.59,26418.8,18395.55,67937.6,68587.2,0
6,PAYMENT,1553.95,10131.54,7207.81,3164.25,4396.09,0
6,PAYMENT,914.15,12869.32,5861.13,16451.71,17029.74,0
6,PAYMENT,2806.56,6564.03,5003.97,8834.05,9420.61,0
6,CASH_OUT,1902.05,1505.63,1276.29,17192.01,17464.09,0
6,CASH_OUT,7969.87,14842.69,13052.78,21352.87,23917.44,0
6,CASH_OUT,513.05,3657.67,1854.98,22618.17,22970.16,0
6,PAYMENT,2503.19,11379.62,5435.71,9078.47,11398.26,0
6,CASH_OUT,1262.88,2020.06,1234.95,7597.59,8816.08,0
6,CASH_OUT,4833.45,10648.48,7917.21,8320.28,9859.73,0
6,PAYMENT,429.71,3338.83,2158.59,2210.24,2254.0,0
6,CASH_OUT,1841.84,1383.54,602.85,18528.51,19580.66,0
6,CASH_OUT,1374.91,16949.22,7921.6,2079.33,3289.73,0
6,PAYMENT,1338.21,14612.59,12129.57,6890.91,8138.57,0
6,TRANSFER,2185.56,7286.38,7025.53,6237.97,7125.48,0
6,TRANSFER,3697.68,4188.12,3972.53,10088.92,13492.63,0
6,PAYMENT,1407.09,12511.83,7343.41,74044.8,74459.12,0
6,TRANSFER,19004.92,23196.03,21658.06,5402.57,18476.64,0
6,TRANSFER,9954.98,13108.45,12099.95,4336.96,8065.88,0
6,TRANSFER,15640.94,8333.74,5465.36,5317.98,11044.64,1
6,CASH_IN,5438.01,18816.09,10296.38,1595.71,3132.91,0
6,CASH_OUT,1472.01,1335.57,971.91,7581.45,7992.17,0
6,CASH_OUT,1307.48,4839.39,3761.22,5356.91,6054.55,0
6,DEBIT,4654.4,11037.73,6091.09,10604.58,13382.67,0
6,PAYMENT,3216.84,16749.57,11774.33,45418.49,47131.58,0
6,CASH_OUT,3779.8,31313.77,19818.73,6806.46,8492.59,0
6,CASH_OUT,670.18,13743.22,10049.36,3757.17,4007.53,0
6,TRANSFER,592.19,6333.05,5317.8,10138.52,10577.58,0
6,CASH_IN,675.02,3503.16,3334.6,2941.5,3273.36,0
6,CASH_OUT,5164.93,3613.71,2952.59,80530.51,83992.36,0
6,CASH_OUT,4853.33,18888.46,8502.94,20258.71,24580.27,0
6,PAYMENT,3344.17,2386.59,1845.35,6938.41,7818.65,0
6,PAYMENT,437.33,11522.91,8888.72,23743.96,23888.08,0
6,CASH_OUT,3454.91,2573.65,1869.43,22328.79,22708.3,0
6,TRANSFER,1136.67,5813.95,3330.63,9916.9,10938.85,0
6,PAYMENT,805.61,5999.68,4572.64,12058.37,12291.67,0
6,DEBIT,1509.91,21039.15,19723.02,18377.82,19343.0,0
6,CASH_OUT,1578.23,3329.03,2613.93,6528.16,6917.5,0
6,DEBIT,5591.73,4062.11,3817.47,7149.71,8488.92,0
6,CASH_OUT,5324.35,14927.87,14686.0,7103.95,8374.1,0
6,CASH_OUT,2712.79,7749.39,6538.49,4523.42,6092.12,0
6,CASH_IN,10116.06,20531.7,15205.98,11960.97,15814.38,0
6,TRANSFER,4643.39,1523.91,1102.22,46251.14,50044.93,0
6,DEBIT,4837.28,7185.62,6084.24,1320.35,5664.47,0
6,CASH_OUT,1004.2,8289.67,6243.9,41472.39,42082.52,0
6,CASH_IN,22309.62,54676.32,46628.8,21571.69,43390.48,0
6,DEBIT,5885.38,1859.55,1031.93,7336.3,11657.16,0
6,PAYMENT,1852.22,3877.32,2933.37,3272.17,4981.91,0
6,PAYMENT,1545.51,22797.13,20214.28,67790.87,68806.92,0
6,TRANSFER,2643.22,5477.49,4073.28,8030.51,9555.18,0
6,PAYMENT,3787.47,15638.48,4611.5,45028.88,47060.63,0
7,CASH_OUT,695.47,1937.82,1732.99,37677.68,38009.22,0
7,CASH_OUT,4815.11,3711.32,2521.33,5127.68,9710.57,0
7,PAYMENT,1002.91,11755.41,6932.05,757.2,1607.43,0
7,CASH_OUT,852.94,2552.82,1705.41,6265.48,6359.67,0
7,CASH_OUT,3557.89,2954.18,1481.34,41697.65,43714.94,0
7,TRANSFER,14949.53,34115.56,23962.3,61203.88,64812.11,0
7,CASH_OUT,672.48,48645.41,37446.05,21398.89,21938.68,0
7,PAYMENT,1225.77,5189.72,3269.35,11518.6,12144.2,0
7,PAYMENT,2076.12,4675.0,2256.7,29751.19,30088.51,0
7,CASH_OUT,6070.04,2808.75,2036.22,35611.53,40340.17,0
7,CASH_OUT,26067.77,45217.73,24405.34,71147.44,87551.37,1
7,CASH_IN,519.72,12308.37,5970.19,3692.87,4113.14,0
7,CASH_OUT,18100.48,36843.54,26184.71,7149.98,24595.69,1
7,CASH_OUT,1417.34,3686.95,1755.41,16264.54,17395.38,0
7,CASH_IN,2941.48,1803.98,1580.09,64727.94,66859.62,0
7,CASH_IN,1191.88,9763.74,7872.86,13871.68,14190.93,0
7,CASH_OUT,922.16,6630.37,5135.18,9017.26,9527.39,0
7,CASH_IN,15762.02,2719.14,2503.65,52352.55,65481.85,0
7,TRANSFER,5568.69,12754.83,8017.04,4273.54,6444.97,0
7,CASH_OUT,10673.55,3741.75,2924.22,28064.47,36361.33,0
7,TRANSFER,1036.88,3695.74,2732.37,66041.53,66831.7,0
7,TRANSFER,1724.29,13014.94,10072.78,7150.46,7818.84,0
7,PAYMENT,32658.65,39275.86,33374.76,9470.06,25625.89,0
7,PAYMENT,1391.09,16520.04,13555.21,4219.13,5107.53,0
7,CASH_OUT,1359.81,6333.5,6162.7,37023.06,37716.98,0
7,CASH_OUT,1512.49,1066.31,847.06,19377.29,19890.01,0
7,PAYMENT,11344.2,7273.98,5920.52,6018.38,15990.57,0
7,DEBIT,3031.8,34045.77,24436.68,9013.37,9325.08,0
7,CASH_OUT,10773.54,24933.44,23389.28,4556.67,9408.38,0
7,CASH_IN,1294.77,14161.15,6573.42,27422.16,28691.11,0
7,CASH_OUT,10052.32,5127.17,4621.96,40027.23,43368.65,0
7,CASH_IN,3876.78,7070.74,5935.9,11773.11,13132.32,0
7,TRANSFER,3452.5,10175.34,7351.87,53098.54,55222.7,0
7,TRANSFER,10396.2,75872.58,64625.52,25731.6,27970.1,0
7,CASH_IN,822.09,21068.51,18677.35,35983.59,36079.07,0
7,PAYMENT,956.44,15946.53,14517.45,110913.31,111295.43,0
7,PAYMENT,1355.14,19181.86,16871.15,29542.62,30866.29,0
7,CASH_OUT,7483.16,2662.26,1769.96,22984.55,28016.84,0
7,CASH_OUT,9950.38,33346.0,31692.52,20080.35,29515.42,0
7,TRANSFER,2126.77,11803.57,10173.01,11785.92,13156.69,0
7,PAYMENT,2368.19,108148.31,73069.16,44201.47,45014.18,0
7,TRANSFER,4618.14,7456.36,5193.51,11800.88,12653.15,0
7,CASH_IN,3150.38,4996.65,3285.38,8478.76,10937.65,0
7,PAYMENT,7245.21,3555.97,3318.38,48456.58,51607.93,0
7,PAYMENT,776.99,12103.27,9839.15,4532.18,4706.99,0
7,CASH_OUT,1087.43,36593.08,30827.05,7202.54,7505.99,0
7,CASH_OUT,5718.64,9545.12,8030.18,20963.95,24294.0,0
7,PAYMENT,7680.4,64979.36,40180.45,26841.76,27757.65,0
7,CASH_OUT,6570.58,1722.52,1089.75,10978.53,12516.0,0
7,CASH_IN,601.2,848.59,627.78,4472.66,4929.29,0
7,PAYMENT,1203.16,10449.82,7570.04,10579.73,11690.15,0
7,CASH_OUT,1132.79,17034.12,13668.91,2185.39,3028.97,0
7,PAYMENT,201.05,23258.55,20211.3,16060.87,16117.04,0
7,TRANSFER,347.59,10368.17,8020.87,29085.73,29231.05,0
7,CASH_OUT,4654.13,12117.63,8512.9,4430.29,5001.79,0
7,PAYMENT,1083.2,58548.05,45463.04,91836.61,92341.79,0
7,CASH_OUT,7152.54,13042.68,9237.78,24537.18,26988.87,0
7,CASH_IN,6420.1,42839.75,35250.0,15343.31,18411.58,0
7,PAYMENT,1100.55,2265.27,1558.29,22643.88,22835.16,0
7,DEBIT,1927.53,2928.87,2837.21,34142.24,35730.55,0
7,CASH_OUT,6128.54,1983.76,1626.65,2192.91,5869.28,0
7,CASH_IN,441.49,2115.3,1838.08,40023.9,40175.33,0
7,CASH_OUT,5866.19,43432.17,36301.32,19127.41,23619.25,0
7,CASH_OUT,828.23,8747.89,6203.35,39101.79,39570.05,0
7,TRANSFER,1458.08,5749.98,3101.43,32289.54,32603.81,0
7,CASH_IN,1490.0,23433.6,19978.41,4693.22,6034.9,0
7,PAYMENT,5717.97,3852.17,3018.39,3398.48,5813.43,0
7,CASH_IN,3098.15,7182.95,6868.26,11809.16,12970.36,0
7,CASH_OUT,910.32,29006.71,26937.59,23336.92,24132.88,0
7,CASH_OUT,3301.92,2254.54,1900.16,15483.69,17114.33,0
7,CASH_OUT,9995.67,5961.08,3235.37,10583.27,12681.41,0
7,CASH_OUT,6873.24,6915.74,3128.0,5193.75,9682.26,0
7,TRANSFER,2696.22,27900.05,22257.52,4427.41,6533.0,0
7,PAYMENT,5224.06,4945.06,4032.99,20287.55,24687.96,0
7,CASH_OUT,7723.75,2693.89,1478.86,38846.82,39837.78,0
7,PAYMENT,11079.79,7765.21,7436.84,7655.19,13143.29,0
7,PAYMENT,27970.89,87285.87,73898.93,4731.4,12082.5,0
7,TRANSFER,3321.76,22004.46,20942.06,7059.05,9385.75,0
7,CASH_IN,1831.75,90795.23,62682.63,20184.05,21635.41,0
7,CASH_OUT,472.32,7525.89,5401.92,3406.97,3652.21,0
7,PAYMENT,5167.6,23977.28,16827.01,10829.74,11671.67,0
7,CASH_IN,3338.08,65304.16,50148.76,11511.59,12296.7,0
7,DEBIT,11475.48,4138.31,2474.7,25669.17,36422.59,0
7,CASH_IN,4533.55,4058.56,3400.82,8206.87,12143.85,0
7,CASH_IN,1254.27,1219.66,1079.16,6031.02,6600.36,0
7,CASH_IN,882.66,3872.69,2157.58,20878.19,21547.65,0
7,CASH_OUT,3572.86,2405.5,1773.32,11528.16,14211.94,0
7,CASH_IN,6661.03,4880.67,4239.32,4078.31,5172.79,0
7,PAYMENT,5238.43,1452.44,776.09,34501.54,36191.33,0
7,CASH_OUT,1338.92,46195.58,44545.02,10767.53,12063.76,0
7,PAYMENT,1202.06,1858.84,1449.61,5495.5,6696.78,0
7,PAYMENT,3892.68,59556.22,47219.44,20369.36,21860.72,0
7,PAYMENT,410.18,37352.02,33790.08,13341.08,13462.69,0
7,CASH_OUT,15762.47,3567.68,2611.01,54067.75,58362.8,0
7,CASH_OUT,3899.7,25347.82,10029.92,59926.05,62966.74,0
7,PAYMENT,45801.53,6448.41,4724.71,2990.35,26738.24,0
7,PAYMENT,1732.07,10523.6,9347.77,1161.03,2356.28,0
7,TRANSFER,1506.97,23024.43,20553.65,28264.79,28501.58,0
7,CASH_IN,2985.02,1699.78,1622.12,21149.75,22952.6,0
7,CASH_OUT,1423.54,21208.63,15507.3,69760.44,71035.48,0
7,PAYMENT,8489.9,14118.79,13818.37,3210.52,8742.81,0
7,PAYMENT,11180.5,24068.66,12674.23,46769.9,48999.2,0
7,DEBIT,2301.3,7197.01,4287.76,4787.07,6421.69,0
7,PAYMENT,2169.73,21289.62,18878.18,18372.78,19096.63,0
7,TRANSFER,2055.95,7717.58,5672.69,13577.32,14378.76,0
7,TRANSFER,885.06,19625.84,17662.79,10904.44,11222.44,0
7,DEBIT,6672.3,30750.19,25305.96,13314.39,18378.55,0
7,CASH_IN,6709.27,14335.25,9588.85,8682.04,11517.5,0
7,TRANSFER,897.99,1720.17,1277.02,13855.57,14080.24,0
7,PAYMENT,1328.74,9602.51,7511.99,72120.0,72294.94,0
7,DEBIT,2639.59,117742.1,88763.83,3433.33,3859.38,0
7,PAYMENT,13073.55,4576.41,4377.15,91736.76,96788.85,0
7,PAYMENT,29403.93,2678.3,2196.78,64174.93,82419.15,0
7,PAYMENT,1041.36,14664.4,7046.68,9422.23,9903.57,0
7,CASH_IN,6061.72,4552.41,3859.87,7093.81,12192.05,0
7,TRANSFER,434.52,1656.52,1380.67,7267.7,7586.65,0
7,PAYMENT,1042.23,5852.95,5506.26,2737.14,3442.7,0
7,CASH_OUT,3434.19,43049.07,15048.57,18589.42,19454.36,0
7,CASH_IN,9227.26,5653.24,4335.89,1264.22,4871.93,0
7,CASH_IN,2774.12,2481.36,2297.54,4916.49,5606.27,0
7,TRANSFER,1307.16,808.02,773.55,18344.62,19131.61,0
7,CASH_IN,3441.39,23258.65,19911.28,1503.19,3465.55,0
7,TRANSFER,705.74,4157.35,3769.54,14556.75,15209.02,0
7,CASH_OUT,772.96,2888.64,1629.4,6020.24,6212.09,0
7,PAYMENT,5482.65,10251.29,7528.81,1686.75,3927.92,0
7,TRANSFER,19711.31,35699.27,23678.49,12663.12,22993.89,0
7,DEBIT,3631.2,31470.91,24177.23,25576.2,26951.73,0
7,CASH_OUT,2315.14,13172.35,9085.29,3521.41,4693.37,0
7,CASH_OUT,664.89,28651.7,20687.13,4822.3,5129.02,0
7,CASH_IN,1573.92,1243.03,1128.9,11729.46,12509.42,0
7,TRANSFER,2920.85,11655.72,8315.1,4449.42,4748.34,0
7,PAYMENT,9498.11,28960.98,16178.13,14255.85,18888.22,0
7,TRANSFER,3043.42,6925.54,6137.88,11337.61,14233.93,0
7,CASH_OUT,3803.36,27475.41,13459.45,23502.61,25190.41,0
7,CASH_OUT,3069.02,8456.14,5726.87,17100.43,19864.69,0
7,PAYMENT,8732.14,12709.88,12024.18,1103.87,5531.53,0
7,PAYMENT,3047.76,28096.98,18499.2,8821.38,11753.76,0
7,TRANSFER,860.35,6822.84,5875.04,7508.11,7789.44,0
7,CASH_IN,1163.24,9699.67,6870.54,19688.45,20005.92,0
7,TRANSFER,1532.59,11159.14,7757.0,2647.62,3881.47,0
7,CASH_OUT,4238.21,21426.27,11494.68,43329.44,43982.66,0
7,TRANSFER,5221.11,10175.08,2364.68,14688.77,16939.13,0
7,CASH_OUT,1300.82,5551.9,3679.98,7075.9,8280.8,0
7,TRANSFER,4030.56,67404.02,66373.54,28071.77,29323.44,0
7,PAYMENT,4108.48,1638.88,1399.22,12305.27,15285.97,0
7,CASH_IN,1124.92,8401.56,5210.4,92337.05,92548.9,0
7,PAYMENT,3676.65,4051.71,3077.67,16652.66,20193.54,0
7,PAYMENT,7092.56,6430.27,5271.73,20926.95,24182.48,0
7,DEBIT,805.19,14867.94,11817.69,3485.78,3688.68,0
7,CASH_OUT,733.6,34801.66,18311.18,4506.7,5025.62,0
7,CASH_IN,2130.09,51336.73,23943.03,18040.66,19043.02,0
7,CASH_IN,5003.49,8853.1,7241.14,5174.44,6633.61,0
7,PAYMENT,5931.86,745.49,697.24,63088.21,65565.56,0
7,CASH_OUT,3411.44,4894.82,4752.06,17072.32,19435.39,0
7,TRANSFER,2182.06,7561.96,6518.17,7856.28,8257.81,0
7,PAYMENT,1471.14,9466.54,6737.62,3366.51,3573.47,0
7,CASH_OUT,2409.29,778.92,559.28,5688.41,6964.58,0
7,CASH_OUT,3864.22,2677.18,2428.56,47391.46,50096.43,0
7,CASH_OUT,3423.2,3688.77,3263.32,21067.34,23099.04,0
7,CASH_OUT,5434.39,11984.44,7799.46,45711.05,49331.22,0
7,CASH_OUT,14731.46,10200.63,8897.91,5548.46,8717.95,0
7,CASH_IN,9843.29,16502.99,11359.55,5555.85,6855.13,0
7,CASH_OUT,1153.62,36925.12,33673.87,4535.85,5371.63,0
7,PAYMENT,4207.63,7757.0,7665.73,14222.41,17845.18,0
7,PAYMENT,1312.03,37061.97,21996.56,1790.1,1962.36,0
7,CASH_OUT,10743.65,3839.12,2583.34,28279.71,30615.7,1
7,TRANSFER,5512.96,40670.41,21173.47,5512.44,8241.96,0
7,CASH_OUT,2763.34,38769.0,25842.24,3220.15,5740.78,0
7,PAYMENT,1933.89,3962.37,1764.71,2561.92,3986.55,0
7,TRANSFER,848.73,6811.11,4675.79,12832.65,13273.44,0
7,PAYMENT,1317.86,4289.89,3422.08,1348.98,2209.51,0
7,PAYMENT,4732.39,13107.74,9878.57,21645.52,23703.22,0
7,CASH_IN,8259.49,9431.97,8118.23,24851.54,30670.61,0
7,CASH_OUT,4633.17,1902.76,907.84,19497.73,20956.65,0
7,PAYMENT,7618.35,57655.59,31421.21,45371.95,51863.88,0
7,CASH_OUT,2338.86,8059.83,6968.07,17910.93,19703.17,0
7,CASH_OUT,9007.72,5296.41,3980.49,8055.92,10773.29,0
7,TRANSFER,3252.03,47143.36,31733.97,317843.16,318249.79,0
7,CASH_OUT,1256.8,13900.76,8256.05,41242.54,41938.97,0
7,TRANSFER,2111.01,2329.3,1820.61,20601.93,21821.05,0
8,TRANSFER,5460.51,16447.24,14544.75,4509.52,5470.71,0
8,PAYMENT,4558.52,55708.16,30080.04,25114.11,29621.58,0
8,TRANSFER,631.38,3475.87,1915.12,8713.05,9078.49,0
8,PAYMENT,11067.03,33680.4,22449.76,187473.58,193767.02,0
8,PAYMENT,4736.86,14557.59,8543.02,5583.29,10177.53,0
8,CASH_IN,12818.69,1732.03,879.42,22764.28,26175.18,0
8,TRANSFER,11106.52,1319.62,333.64,14222.25,16997.14,0
8,CASH_IN,1910.44,21921.96,16986.46,62742.22,63649.37,0
8,TRANSFER,1107.69,14982.7,11470.35,2541.71,3235.65,0
8,PAYMENT,8551.36,6205.79,4495.96,75962.28,82642.74,0
8,DEBIT,2677.13,6040.33,4330.31,19036.56,20501.17,0
8,PAYMENT,12943.72,27343.54,17659.83,10505.41,13665.4,0
8,CASH_OUT,8281.52,21804.69,16589.4,11546.24,13730.75,0
8,PAYMENT,9381.41,15323.07,11977.1,55008.45,59636.7,0
8,TRANSFER,432.0,5840.77,4610.82,10121.17,10368.8,0
8,CASH_OUT,2112.59,27134.11,23362.24,23819.89,25228.04,0
8,CASH_IN,1884.45,3404.19,2931.9,5536.72,6432.86,0
8,CASH_IN,2093.75,3861.47,3360.86,10096.33,12123.22,0
8,PAYMENT,10502.04,43537.7,42366.7,32441.94,42783.95,0
8,CASH_OUT,3526.03,14137.77,7562.29,5957.06,6952.06,0
8,PAYMENT,2086.03,2521.88,1501.49,10566.36,12205.67,0
8,DEBIT,5014.24,6951.63,3747.17,32024.83,34252.22,0
8,PAYMENT,4108.45,45822.9,43917.61,5802.97,9224.22,0
8,PAYMENT,1666.2,2740.2,2253.7,1434.94,2855.73,0
8,CASH_OUT,147.9,13771.86,12478.43,13188.03,13322.0,0
8,TRANSFER,805.02,4412.18,4181.4,26358.93,27151.68,0
8,CASH_OUT,27367.35,10403.41,6013.86,5879.9,17065.07,1
8,PAYMENT,2619.39,10524.85,7851.57,5718.16,7848.44,0
8,TRANSFER,3261.87,9208.58,5518.91,2949.29,5169.18,0
8,DEBIT,4650.27,79509.9,68792.17,8704.84,9366.5,0
8,TRANSFER,3322.38,22502.28,21358.48,10244.83,11206.88,0
8,CASH_OUT,13481.92,2728.16,1903.15,10072.81,11633.37,0
8,TRANSFER,903.99,31931.88,29041.95,41826.45,42019.37,0
8,TRANSFER,3850.28,21159.1,17096.27,1068.87,4318.19,0
8,CASH_OUT,2829.21,6326.94,1620.94,10363.23,11925.06,0
8,CASH_IN,1906.12,2916.01,2453.56,3364.28,3615.69,0
8,DEBIT,5144.64,3671.54,2941.97,5760.56,6406.27,0
8,PAYMENT,7381.57,6106.08,4806.82,2603.4,5896.04,0
8,CASH_OUT,1345.24,11162.75,8185.57,5032.17,5611.04,0
8,CASH_OUT,13293.23,586.96,306.18,6182.22,16621.29,1
8,CASH_OUT,676.16,2936.03,2277.37,7527.56,8095.47,0
8,CASH_IN,1923.83,13571.13,12018.69,8767.65,10645.79,0
8,CASH_IN,687.28,9360.94,7631.51,27356.46,27517.78,0
8,DEBIT,2172.61,22678.66,19817.58,183521.41,185248.89,0
8,PAYMENT,4847.46,14654.22,12030.03,44150.76,47018.43,0
8,CASH_OUT,15981.76,10338.49,8496.6,16693.91,19119.65,0
8,TRANSFER,1078.26,19494.74,16764.67,3508.58,3650.55,0
8,PAYMENT,1429.64,7111.0,6566.32,28841.63,30080.38,0
8,PAYMENT,1664.08,18725.77,10571.67,10637.74,11303.54,0
8,PAYMENT,1820.66,5457.7,4625.58,7494.24,9276.25,0
8,PAYMENT,4300.24,6570.87,4649.69,13637.08,15202.82,0
8,CASH_OUT,4537.63,951.91,902.0,18121.31,22153.39,0
8,PAYMENT,1325.09,21502.92,16539.33,9025.52,10212.65,0
8,PAYMENT,2824.52,2386.71,2275.47,6343.33,7710.12,0
8,CASH_IN,3972.0,11749.62,8727.61,783.51,1335.1,0
8,PAYMENT,50540.96,8783.3,7321.3,40773.14,56958.48,0
8,PAYMENT,1790.21,7281.58,5877.46,5542.8,7265.46,0
8,CASH_IN,771.19,16171.9,4219.65,3662.9,4192.84,0
8,TRANSFER,5066.01,21205.88,16726.05,4004.69,8336.81,0
8,PAYMENT,4154.35,20704.78,12745.66,22489.22,26068.0,0
8,TRANSFER,32937.7,19536.81,13240.03,7503.56,37405.4,0
8,TRANSFER,746.34,9458.87,4632.63,3376.51,3940.8,0
8,PAYMENT,5763.87,15052.4,12439.15,17877.51,20907.53,0
8,CASH_IN,327.14,11969.99,9027.09,30142.99,30409.07,0
8,CASH_OUT,3696.06,12396.5,10155.26,5810.96,8680.4,0
8,CASH_IN,1230.86,64338.75,51004.76,13090.01,13522.0,0
8,CASH_OUT,4062.27,6921.12,5349.75,12213.61,12689.22,0
8,PAYMENT,4394.26,27271.08,21510.51,31689.03,32813.6,0
8,CASH_OUT,4753.41,7817.25,6561.76,27747.62,31138.92,0
8,PAYMENT,4384.35,58483.62,43434.58,8416.47,9823.39,0
8,CASH_OUT,706.22,2207.54,1958.96,2324.46,2898.84,0
8,DEBIT,6620.58,5683.59,4140.41,24651.33,28467.95,0
8,PAYMENT,4205.41,16836.25,7805.42,222997.24,224764.73,0
8,TRANSFER,3474.82,9551.26,6960.48,56715.53,58661.36,0
8,CASH_IN,636.49,7666.78,7056.9,12849.81,13432.97,0
8,TRANSFER,7639.85,12851.32,8994.09,61314.09,68212.58,0
8,CASH_IN,1779.12,9620.22,5662.99,10104.98,11778.62,0
8,PAYMENT,792.49,8070.53,7127.15,8049.8,8818.32,0
8,CASH_OUT,360.7,11797.9,8774.07,30836.16,31037.19,0
8,PAYMENT,11122.44,5759.3,5022.55,37970.58,47627.31,0
8,CASH_IN,4884.3,27340.61,25264.19,9340.56,14018.67,0
8,CASH_OUT,574.25,10034.43,8535.6,9828.94,9997.07,0
8,TRANSFER,2343.89,2322.6,2075.57,59887.17,61219.31,0
8,CASH_IN,1343.26,10603.27,9799.65,59549.88,59747.82,0
8,DEBIT,9082.16,8593.23,4885.27,21893.26,24583.42,0
8,CASH_OUT,4391.85,10554.04,7379.7,6444.08,8064.82,0
8,TRANSFER,4084.21,7748.27,6343.27,8023.36,11137.78,0
8,CASH_OUT,2047.23,960.14,498.91,5635.0,6570.5,0
8,TRANSFER,5504.07,3857.09,3443.39,7669.88,9451.67,0
8,TRANSFER,7054.68,18230.9,15608.73,13775.53,15024.51,0
8,PAYMENT,13643.97,1972.21,1620.84,5760.15,9823.51,0
8,CASH_OUT,5450.17,29420.91,22737.6,4996.28,8760.49,0
8,CASH_IN,8968.09,5813.81,3151.77,33307.74,37811.92,0
8,PAYMENT,3722.26,1906.17,1740.96,97017.42,100359.55,0
8,TRANSFER,1668.82,25127.03,24862.81,1980.77,3642.19,0
8,CASH_OUT,408.35,7306.71,5696.93,4348.12,4556.46,0
8,CASH_OUT,7011.87,61806.65,51687.69,27483.3,31227.36,0
8,TRANSFER,1030.38,12527.51,10216.81,66008.86,66142.91,0
8,PAYMENT,9469.53,8870.53,4977.42,4563.91,7320.98,0
8,CASH_OUT,391.93,4515.72,3703.14,6556.28,6874.49,0
8,CASH_IN,3920.84,1948.18,1706.66,8167.59,9835.28,0
8,PAYMENT,1823.37,7369.77,6495.21,31860.11,32500.91,0
8,TRANSFER,326.94,1927.39,1226.6,18123.53,18170.13,0
8,CASH_OUT,8137.27,8090.02,7436.28,5983.11,10187.06,0
8,PAYMENT,4210.54,10459.65,7518.44,8018.59,10809.29,0
8,DEBIT,532.06,4033.66,3185.35,38699.08,39183.47,0
8,CASH_IN,2326.0,44167.22,22731.73,3192.68,4080.27,0
8,TRANSFER,4036.19,5589.51,4561.43,13811.79,17469.49,0
8,PAYMENT,2610.88,6596.73,4499.36,911.16,1426.6,0
8,CASH_OUT,837.52,38748.5,36249.89,3622.81,4295.47,0
8,PAYMENT,5525.1,8689.47,5078.78,11228.88,13193.76,0
8,DEBIT,518.01,2252.07,2239.88,6147.87,6455.11,0
8,PAYMENT,1439.91,18902.02,17122.71,3646.55,4874.94,0
8,TRANSFER,6011.04,3274.57,1683.11,1286.04,5014.96,0
8,CASH_IN,3549.2,4622.83,4156.09,18037.17,18593.4,0
8,CASH_OUT,733.08,9933.61,9515.59,80592.18,81242.05,0
8,CASH_OUT,9240.14,4798.09,1498.09,7656.65,14457.53,0
8,PAYMENT,1281.48,13057.23,7528.75,147510.83,147663.97,0
8,CASH_OUT,17123.21,8255.33,5854.09,11851.1,14087.96,1
8,PAYMENT,1675.83,8022.0,4398.72,56587.9,57433.9,0
8,DEBIT,1891.79,15243.18,13071.59,36360.45,37610.71,0
8,CASH_OUT,3711.48,778.98,504.69,13265.08,16612.51,0
8,CASH_OUT,20256.56,4412.06,3267.94,32040.8,35501.41,1
8,PAYMENT,285.89,6187.97,4738.08,4502.76,4727.79,0
8,CASH_OUT,112.68,2920.76,1635.33,14137.48,14245.31,0
8,DEBIT,1788.34,8571.23,7761.74,3858.49,5393.65,0
8,PAYMENT,891.94,8149.56,4946.39,14402.55,14977.06,0
8,CASH_IN,1614.93,10580.73,8800.49,9338.81,10357.18,0
8,CASH_OUT,29785.94,15523.98,13074.95,4773.0,26365.78,0
8,PAYMENT,8462.97,93811.96,48151.57,9119.48,11334.15,0
8,CASH_IN,14663.67,14577.36,13889.77,5984.49,15836.99,0
8,TRANSFER,23994.45,13977.1,6076.69,23533.03,34936.41,0
8,PAYMENT,17370.69,18966.55,14168.92,1067.96,5581.69,0
8,CASH_OUT,4410.79,9967.8,6792.1,6783.82,9703.27,0
8,CASH_IN,6285.23,13537.34,10981.21,6342.6,8174.67,0
8,CASH_OUT,900.76,29783.74,20276.43,13721.77,13975.25,0
8,CASH_IN,711.98,5853.95,5046.43,8568.11,9178.79,0
8,PAYMENT,2657.25,3081.96,2614.03,27519.78,28795.72,0
8,TRANSFER,3217.17,8159.65,6563.1,50401.15,51088.19,0
8,PAYMENT,2799.47,45431.04,42130.53,17210.58,19694.06,0
8,CASH_OUT,3431.27,7349.36,6216.62,5869.38,8522.45,0
8,PAYMENT,7695.98,20401.03,11092.8,5771.64,9353.73,0
8,PAYMENT,12319.2,23148.46,17838.98,56888.39,65925.83,0
8,CASH_IN,4474.73,11158.21,8164.38,5827.6,8001.24,0
8,CASH_OUT,2201.89,3679.29,2691.66,40258.57,42022.09,0
8,DEBIT,2963.11,2493.94,1957.32,6996.21,9613.18,0
8,CASH_OUT,5886.68,8564.59,5276.5,2725.92,6302.64,0
8,CASH_IN,980.55,4560.98,2688.0,12554.98,12963.36,0
8,CASH_OUT,5257.9,14366.81,6591.71,6355.46,10572.94,0
8,CASH_IN,2077.47,735.63,561.87,5216.66,7029.63,0
8,PAYMENT,3620.21,12994.11,11704.27,3850.18,7066.05,0
8,PAYMENT,1427.0,30138.49,18890.23,11070.58,12135.91,0
8,TRANSFER,3348.82,3537.02,2928.64,6734.27,9541.45,0
8,PAYMENT,6310.65,18805.01,13027.35,5174.0,6453.3,0
8,TRANSFER,2048.67,35991.11,24108.33,30658.19,31686.49,0
8,PAYMENT,9094.53,5284.15,2815.51,10485.48,17031.41,0
8,TRANSFER,12699.54,17169.3,13669.81,5784.8,13037.24,0
8,DEBIT,3470.93,39229.9,33562.08,5247.91,6376.61,0
8,PAYMENT,3359.52,4546.84,2169.74,17206.95,17668.62,0
8,PAYMENT,2875.71,12961.79,12332.55,8483.28,10391.82,0
8,PAYMENT,28621.35,44336.32,38724.75,24382.58,29122.6,0
8,CASH_OUT,24790.87,33550.29,29742.62,13335.49,36866.39,0
8,TRANSFER,6015.17,4445.87,4043.93,2645.13,5149.37,0
8,PAYMENT,5455.09,3259.61,1531.45,10738.79,12801.49,0
8,PAYMENT,2472.61,40646.97,27870.13,24279.98,25255.63,0
8,CASH_OUT,1116.8,12588.1,10822.09,2758.64,3106.04,0
8,PAYMENT,1749.38,7706.35,5396.3,21833.36,23276.2,0
8,DEBIT,7857.45,71608.93,66279.55,2036.36,6687.23,0
8,CASH_OUT,489.1,27671.8,14324.66,3988.82,4248.17,0
8,CASH_OUT,437.0,6017.15,5691.84,31765.73,32135.13,0
8,TRANSFER,4123.43,13000.43,10772.65,14800.77,18484.02,0
8,DEBIT,11628.12,10342.85,7721.98,17756.2,26821.73,0
8,TRANSFER,4747.96,7551.9,3783.54,18415.08,23150.94,0
8,CASH_OUT,8149.4,5472.72,4773.77,2982.62,10569.63,0
8,TRANSFER,5356.13,10979.87,7055.35,32140.8,36063.71,0
8,PAYMENT,2334.85,30390.86,23593.68,40349.84,40807.01,0
8,TRANSFER,1250.22,3292.95,3092.38,2280.75,3156.33,0
8,TRANSFER,12174.02,11388.0,10532.55,9418.97,16828.93,0
8,CASH_OUT,3429.53,9524.34,6253.13,12344.06,13613.06,0
8,PAYMENT,355.27,1684.92,1349.46,34104.92,34393.35,0
8,CASH_OUT,821.45,9831.56,7565.98,15452.99,16127.37,0
8,CASH_IN,589.17,17629.01,14530.16,16240.18,16434.8,0
8,CASH_IN,608.63,1477.3,1339.65,5546.76,6073.4,0
8,PAYMENT,2696.45,26354.43,18579.33,13724.68,15628.28,0
8,CASH_OUT,12836.83,16144.51,12153.21,21182.79,32166.09,0
8,CASH_IN,1261.51,2065.33,1228.37,21486.45,22525.99,0
8,CASH_OUT,1545.03,5080.38,3898.07,14102.3,15175.62,0
8,CASH_IN,2880.56,2972.48,2660.15,5959.61,6354.65,0
8,CASH_OUT,3262.19,27903.78,16341.52,52635.32,54441.4,0
8,PAYMENT,10533.15,5083.74,3833.93,7827.15,15916.0,0
8,CASH_OUT,584.54,7193.14,4045.25,232319.69,232694.88,0
8,CASH_OUT,2519.75,4138.83,3220.11,4650.05,5713.94,0
8,TRANSFER,9094.43,6487.13,5716.75,19302.86,25268.49,0
8,PAYMENT,1977.35,2870.87,1447.2,70084.47,71750.06,0
8,CASH_IN,17650.5,4382.14,3282.76,44047.45,61276.71,0
8,TRANSFER,745.05,12324.6,6611.91,16614.22,17310.87,0
8,TRANSFER,5037.41,15877.86,15248.04,12589.47,13243.53,0
8,CASH_OUT,1698.58,93258.41,62911.59,17909.64,19138.98,0
8,CASH_OUT,3204.28,29299.85,21495.66,1473.36,3194.53,0
8,CASH_OUT,537.87,760.27,547.46,11039.68,11100.38,0
8,PAYMENT,346.72,2950.69,2858.36,35452.01,35727.22,0
8,CASH_OUT,14820.33,1109.61,926.14,3067.77,4706.78,0
8,CASH_OUT,32030.15,7694.47,6842.63,109997.16,124988.87,0
8,TRANSFER,5200.77,18249.9,11614.4,23874.44,26581.44,0
8,CASH_OUT,1764.24,3622.49,2642.49,44973.71,45770.94,0
8,TRANSFER,12718.6,7265.44,5637.35,2469.14,7546.01,0
8,CASH_IN,1848.52,18157.06,10560.26,35408.45,36635.1,0
8,CASH_OUT,2332.84,6177.81,5128.37,62540.95,63607.45,0
8,PAYMENT,3151.33,7837.89,6390.75,4951.03,6671.35,0
8,CASH_OUT,1503.11,8981.83,7101.14,1818.38,2273.44,0
8,TRANSFER,2990.86,17812.57,17164.86,3660.47,5934.45,0
8,PAYMENT,1781.04,5555.37,4844.96,2558.71,3678.54,0
8,TRANSFER,251.29,14259.0,13575.26,6685.04,6771.6,0
9,TRANSFER,1230.82,47791.3,45586.56,26409.42,26589.15,0
9,TRANSFER,3240.77,20790.14,11828.53,42556.34,45722.84,0
9,CASH_IN,8868.54,3365.92,2424.59,15131.99,22768.73,0
9,TRANSFER,21334.14,1989.98,1468.8,46327.57,59441.45,0
9,TRANSFER,27323.02,22588.47,14740.46,3893.03,17665.0,1
9,CASH_OUT,458.8,8003.63,5044.47,4152.07,4509.99,0
9,CASH_OUT,19619.73,25581.39,12839.47,49715.64,69105.75,0
9,PAYMENT,2943.91,9000.11,7263.18,1886.45,4709.37,0
9,CASH_IN,15568.33,7611.79,4396.41,8381.46,15578.0,0
9,TRANSFER,8246.03,4519.96,2628.24,8390.36,13723.69,0
9,CASH_OUT,4813.95,21213.67,13668.34,8605.84,10767.16,0
9,CASH_IN,3867.33,8097.44,5769.86,27948.79,31584.79,0
9,PAYMENT,2031.9,976.11,808.89,71465.18,72676.26,0
9,PAYMENT,4355.09,16444.45,9935.44,103098.84,105440.96,0
9,PAYMENT,1687.6,8125.06,6235.89,25110.23,25776.76,0
9,DEBIT,1923.69,4018.08,3269.87,9927.06,11237.24,0
9,TRANSFER,1256.42,18890.85,7434.13,4825.43,5557.15,0
9,DEBIT,7605.73,2973.29,2156.92,57838.33,65306.61,0
9,PAYMENT,1334.97,1731.4,1178.07,16648.37,16990.91,0
9,PAYMENT,3522.27,46772.49,31767.4,4301.16,5528.25,0
9,TRANSFER,497.91,3495.83,3084.71,10386.38,10762.66,0
9,CASH_OUT,10428.58,27117.65,23609.98,10884.81,19539.86,0
9,TRANSFER,2069.27,2568.15,2133.21,1827.39,3760.41,0
9,PAYMENT,2242.72,724.45,333.79,10214.51,10473.96,0
9,PAYMENT,7074.83,6757.23,6543.9,6310.1,12665.28,0
9,CASH_IN,1268.12,26158.19,22367.62,1876.11,2020.09,0
9,TRANSFER,4366.14,56512.56,54241.68,40719.04,44313.46,0
9,CASH_IN,10999.13,16436.14,6996.36,8101.45,9867.96,0
9,PAYMENT,316.46,6074.75,5289.98,30512.25,30810.39,0
9,PAYMENT,4538.35,4234.84,3811.57,8010.49,11196.02,0
9,PAYMENT,751.72,12130.03,10561.59,17941.86,18471.34,0
9,CASH_OUT,454.05,20591.57,17679.98,8552.58,8962.74,0
9,DEBIT,1298.16,2265.0,1195.14,27320.15,27764.54,0
9,CASH_OUT,7255.53,27366.35,14294.34,13966.28,16160.82,0
9,CASH_OUT,296.94,1455.18,1213.78,17653.06,17941.71,0
9,CASH_OUT,4235.84,39481.87,31062.73,3817.28,7956.1,0
9,PAYMENT,2154.29,1332.56,1086.88,10662.29,12513.43,0
9,PAYMENT,2248.44,36276.03,24692.49,134207.67,135108.52,0
9,PAYMENT,2522.05,11542.16,7250.16,9602.42,11039.42,0
9,CASH_IN,2379.19,10634.78,9116.53,28792.85,30833.18,0
9,TRANSFER,1606.46,1793.45,1235.06,148017.28,149172.22,0
9,DEBIT,8809.74,31920.42,23250.47,18384.44,26187.98,0
9,CASH_IN,801.67,14856.19,7399.14,44864.13,45566.94,0
9,PAYMENT,2206.51,18559.83,13959.83,6874.1,7698.77,0
9,CASH_IN,5206.38,1658.32,1276.54,17822.05,21448.51,0
9,DEBIT,1473.38,28465.06,19695.13,4056.04,5289.17,0
9,CASH_IN,463.78,12131.24,7365.39,18181.17,18339.02,0
9,TRANSFER,1497.21,11742.37,8400.48,14099.34,14906.46,0
9,PAYMENT,3129.45,2167.18,2007.61,14210.4,14734.64,0
9,TRANSFER,5596.49,3917.04,3482.26,1926.02,4303.19,0
9,PAYMENT,1509.47,2724.36,2564.89,4879.77,5983.86,0
9,CASH_OUT,96.89,1904.31,1489.76,11856.93,11934.07,0
9,TRANSFER,302.91,73899.61,69053.65,400.5,677.52,0
9,CASH_OUT,12755.09,2007.16,1553.61,7272.74,9982.91,0
9,CASH_IN,3573.44,28830.43,19116.74,2950.6,3368.04,0
9,TRANSFER,47131.6,34081.79,27546.03,14563.8,28859.5,0
9,CASH_OUT,1211.62,14836.67,8322.77,23633.0,24801.23,0
9,CASH_OUT,556.94,1880.5,1689.43,21760.18,21878.17,0
9,TRANSFER,1109.89,10020.84,6502.55,3756.7,3950.04,0
9,CASH_OUT,8886.98,6624.3,5656.58,29475.59,36500.77,0
9,TRANSFER,8744.0,6634.24,4864.53,27739.79,31811.81,0
9,CASH_OUT,3048.4,3272.75,3191.24,3964.89,4743.68,0
9,TRANSFER,2443.52,3225.11,1248.94,23218.23,23693.6,0
9,CASH_OUT,12557.92,3395.47,1891.04,1432.58,7626.31,1
9,PAYMENT,1388.96,5741.95,5344.85,22374.84,23656.32,0
9,CASH_OUT,19614.64,16667.39,14061.01,21207.31,38542.45,0
9,CASH_OUT,1021.04,1805.86,1596.55,46003.91,46504.54,0
9,PAYMENT,1134.57,708.98,565.59,25374.55,26194.12,0
9,PAYMENT,919.48,4553.01,4153.3,4054.58,4156.95,0
9,CASH_OUT,13131.94,4722.74,3190.79,2667.85,12926.28,1
9,TRANSFER,2758.9,2233.28,1950.91,9184.37,11912.22,0
9,PAYMENT,2081.68,6973.49,5902.66,7783.07,9248.09,0
9,CASH_OUT,1737.18,31578.14,28726.82,75533.33,77028.5,0
9,PAYMENT,1704.65,2339.9,2253.07,20536.33,21651.93,0
9,CASH_OUT,1422.42,17081.73,14108.09,2325.3,3332.87,0
9,CASH_OUT,6649.19,24721.58,19877.33,24491.2,26108.01,0
9,CASH_OUT,1110.69,11022.33,8536.19,19850.02,20905.25,0
9,PAYMENT,66586.12,7619.09,4444.61,21061.08,50704.71,0
9,TRANSFER,1649.26,12257.37,7633.94,13009.04,13921.74,0
9,CASH_IN,1834.13,10192.5,9671.73,19330.04,21057.2,0
9,PAYMENT,13395.71,52456.84,41160.18,4944.72,16163.53,0
9,CASH_IN,5403.43,1903.28,1768.62,2637.05,3969.74,0
9,PAYMENT,836.21,3492.15,3286.17,5363.09,6192.39,0
9,DEBIT,1568.45,3801.47,2392.91,1726.81,3063.26,0
9,CASH_OUT,1698.69,16266.53,14211.85,25501.19,26180.01,0
9,CASH_OUT,9795.54,13131.16,8531.1,21732.09,25852.41,0
9,TRANSFER,440.32,88632.06,46448.4,5355.75,5717.39,0
9,PAYMENT,2618.01,1892.43,1131.82,4176.59,5387.4,0
9,CASH_OUT,1632.71,3206.0,2079.96,28411.12,29009.17,0
9,DEBIT,2604.87,11216.5,8842.15,234052.79,236293.39,0
9,PAYMENT,2575.06,3816.11,3448.59,21249.62,22904.79,0
9,PAYMENT,2850.0,8736.51,4741.01,42401.83,45225.58,0
9,DEBIT,800.39,15912.52,12405.44,11827.0,12292.34,0
9,PAYMENT,3175.59,46053.25,27541.39,3535.78,4150.43,0
9,CASH_OUT,1914.27,2213.55,1705.66,10404.97,11049.63,0
9,CASH_IN,71777.79,5527.58,5345.06,7685.98,64564.77,0
9,CASH_IN,1374.51,16261.04,8048.53,56640.18,57098.19,0
9,PAYMENT,10762.53,10401.45,6608.52,6462.23,15132.93,0
9,CASH_OUT,4832.77,7475.09,6044.62,4121.79,4789.08,0
9,PAYMENT,968.26,22178.59,14337.11,6488.29,7138.95,0
9,TRANSFER,66638.99,6991.92,5481.28,38422.6,66744.99,1
9,CASH_IN,1556.41,7404.13,7054.91,21946.8,22187.99,0
9,PAYMENT,1119.64,2607.53,2089.79,2633.46,3057.22,0
9,PAYMENT,52272.32,10996.33,7031.02,5394.37,49917.76,0
9,CASH_IN,21737.47,11394.84,9386.33,18989.98,35009.98,0
9,CASH_OUT,1266.32,4941.12,3586.39,27373.95,28258.42,0
9,CASH_IN,7927.35,3760.95,2727.77,97551.96,98698.02,0
9,CASH_OUT,1164.39,24906.99,21059.52,6780.35,7221.31,0
9,CASH_OUT,1932.62,9313.62,7850.51,31397.5,32792.56,0
9,PAYMENT,2952.55,123384.68,119448.65,6806.41,8415.07,0
9,PAYMENT,5725.48,990.82,713.89,8831.23,13894.89,0
9,PAYMENT,6764.68,7322.63,6070.4,7514.57,12543.16,0
9,PAYMENT,8717.32,23012.2,15250.79,2460.09,7613.75,0
9,TRANSFER,9710.68,5591.53,4540.73,12810.51,15674.85,0
9,PAYMENT,6428.9,40810.81,38155.91,103307.81,104552.88,0
9,PAYMENT,3276.19,7179.2,5319.89,66260.49,67112.16,0
9,TRANSFER,2111.72,12178.73,7274.01,9846.4,10783.67,0
9,CASH_IN,1541.76,1387.5,1152.5,14449.14,15007.95,0
9,TRANSFER,2800.05,21601.47,17155.05,17255.88,17792.02,0
9,DEBIT,6377.19,4084.46,2043.58,10344.47,11638.36,0
9,CASH_IN,7136.01,26233.54,14750.78,5328.82,12265.04,0
9,PAYMENT,1130.54,50455.86,31312.32,98502.86,99160.16,0
9,TRANSFER,5800.22,4237.8,3662.08,11864.61,13029.05,0
9,TRANSFER,1833.71,11587.52,5252.23,4866.5,5383.76,0
9,CASH_OUT,4166.49,9456.86,8340.68,4317.79,5212.17,0
9,CASH_IN,4090.75,405144.5,340656.71,15106.66,17121.78,0
9,CASH_OUT,1804.67,10644.96,8106.96,6342.55,6589.26,0
9,CASH_OUT,2953.7,44549.76,34055.48,13158.66,13732.81,0
9,CASH_OUT,2933.13,17139.39,15442.95,33316.32,36176.48,0
9,CASH_OUT,3339.67,31556.71,11737.75,43202.84,43930.21,0
9,PAYMENT,2310.56,9738.83,5740.81,4319.1,5768.66,0
9,TRANSFER,2768.48,20939.27,15736.3,14280.13,16956.71,0
9,CASH_OUT,12871.7,88639.3,81326.78,18823.74,20890.6,1
9,CASH_OUT,699.74,12565.87,10895.7,15909.9,16312.64,0
9,CASH_OUT,7023.89,78278.01,55377.13,12044.05,18130.33,0
9,PAYMENT,1217.77,13389.84,11003.45,6406.38,6688.24,0
9,TRANSFER,2449.42,17646.31,9241.47,3300.16,4416.43,0
9,DEBIT,11974.05,11425.03,10542.08,3859.87,8823.79,0
9,PAYMENT,3315.55,4327.68,2769.97,48642.3,50851.48,0
9,CASH_IN,487.37,88403.89,71953.38,4005.25,4089.92,0
9,CASH_OUT,1175.97,1968.05,1182.58,4397.68,4779.72,0
9,CASH_OUT,232.08,5690.36,5278.83,6613.28,6836.14,0
9,CASH_IN,4155.96,32036.41,26716.13,22181.34,23875.58,0
9,CASH_IN,135.49,6422.16,3565.97,5921.88,6001.02,0
9,TRANSFER,3335.26,27577.7,18371.56,66742.76,67169.16,0
9,CASH_OUT,27197.15,17222.69,11998.58,34256.37,48620.24,0
9,CASH_OUT,6106.41,31872.71,23390.33,7545.92,9653.68,0
9,PAYMENT,961.12,11488.21,6126.41,21295.82,21487.3,0
9,DEBIT,36890.26,19804.37,16615.76,17191.87,46341.73,0
9,TRANSFER,1926.86,20705.78,16550.68,11065.09,12240.21,0
9,CASH_OUT,1824.7,16267.23,6973.47,17679.82,18701.57,0
9,CASH_OUT,13925.11,7770.45,5643.33,37302.02,51047.76,0
9,CASH_OUT,1382.25,5562.46,4242.08,38818.33,39841.05,0
9,CASH_OUT,2465.43,6477.72,5908.5,6630.85,7459.02,0
9,CASH_OUT,2947.52,4171.98,3383.78,19064.73,20831.55,0
9,PAYMENT,1409.08,47679.87,45077.12,5628.21,6428.64,0
9,PAYMENT,10024.97,2741.66,2520.8,8929.34,16237.19,0
9,CASH_OUT,2421.53,23208.64,16244.48,6738.04,7924.83,0
9,CASH_OUT,403.48,4254.08,3100.18,8803.46,9040.04,0
9,PAYMENT,942.26,22295.97,15912.68,16211.91,16797.89,0
9,PAYMENT,4100.99,180651.12,169891.46,14461.54,18263.15,0
9,PAYMENT,403.2,47161.76,43926.98,6444.59,6676.71,0
9,PAYMENT,16813.36,4379.21,3670.71,16074.41,18965.44,0
9,PAYMENT,35530.41,14629.8,8848.61,15576.16,33199.73,0
9,CASH_OUT,6320.08,5915.4,2957.11,4638.16,6224.48,0
9,CASH_OUT,2158.57,10635.32,8581.35,4834.93,6579.75,0
9,CASH_OUT,16450.99,3984.45,3287.21,5068.52,15665.38,0
9,PAYMENT,1733.12,51900.9,26229.68,31825.17,32981.25,0
9,PAYMENT,470.59,3028.53,2005.27,29927.11,30082.72,0
9,PAYMENT,1314.02,21768.71,18039.4,17543.15,18324.82,0
9,TRANSFER,750.23,8250.99,6863.61,10550.52,11111.91,0
9,DEBIT,893.91,853.56,750.98,5367.08,6189.81,0
9,CASH_OUT,15848.42,9955.61,6577.2,14815.79,26826.58,1
9,PAYMENT,2763.26,2614.6,2504.47,40774.15,41061.23,0
9,PAYMENT,2986.42,5939.69,4138.33,21907.14,23482.92,0
9,CASH_IN,4600.83,5853.09,1942.01,11765.59,15240.2,0
9,PAYMENT,1007.49,28184.01,16153.96,28844.06,29370.45,0
9,CASH_OUT,2406.9,28163.19,23723.79,25610.34,27378.62,0
9,CASH_IN,1322.34,19091.93,15142.36,16234.21,16493.69,0
9,PAYMENT,3020.51,5957.68,4146.29,7109.47,8065.16,0
9,DEBIT,14934.91,24568.53,17102.86,9384.77,13402.3,0
9,CASH_OUT,4270.64,1868.88,1798.01,749.39,1661.33,0
9,PAYMENT,1391.25,25076.48,22777.65,3767.08,4343.77,0
9,DEBIT,1050.31,3302.64,3216.94,484.67,739.18,0
9,PAYMENT,2906.59,4013.02,3313.6,26619.4,29372.95,0
9,TRANSFER,9401.67,23737.36,22812.35,21843.4,30527.4,0
9,PAYMENT,5809.68,4072.92,3401.53,20117.9,25389.81,0
9,TRANSFER,5182.5,7594.41,3813.66,17340.38,19465.92,0
9,TRANSFER,7788.36,9926.58,8070.56,4336.21,10058.67,0
9,PAYMENT,1937.03,31734.77,24004.28,33223.61,33859.06,0
9,PAYMENT,357.94,1014.78,981.97,3751.11,3956.74,0
9,PAYMENT,2655.75,11730.99,6185.49,113908.09,115227.48,0
9,CASH_OUT,9243.19,21156.0,17446.77,17360.49,26333.1,0
9,CASH_OUT,1307.27,14395.92,12347.55,34293.33,34784.93,0
9,TRANSFER,1254.35,15959.49,11980.36,9664.24,10727.42,0
9,CASH_IN,917.32,7183.62,6942.0,7363.74,8191.28,0
10,PAYMENT,9461.72,4961.51,4779.47,45537.02,46591.44,0
10,PAYMENT,6154.0,44921.84,31283.85,9123.29,10567.42,0
10,TRANSFER,2490.1,8960.23,7115.93,28478.92,30060.67,0
10,CASH_OUT,873.48,10344.16,7101.42,11105.23,11649.96,0
10,CASH_OUT,13879.18,8025.72,6416.08,9063.03,22691.39,0
10,CASH_OUT,2539.95,7733.69,6907.8,15982.71,17439.49,0
10,TRANSFER,12928.56,20148.47,17308.29,12273.53,16240.03,0
10,CASH_OUT,2453.5,2167.0,1546.78,5623.89,5988.48,0
10,PAYMENT,23972.84,92959.36,44582.72,1973.27,9594.0,0
10,CASH_OUT,414.8,44153.15,27380.9,4123.07,4316.65,0
10,TRANSFER,2724.75,47557.08,44594.68,518.89,1197.51,0
10,PAYMENT,3167.81,27483.1,17410.87,6646.58,9709.38,0
10,DEBIT,4215.36,8661.93,5969.12,7059.79,11001.62,0
10,CASH_IN,2706.9,32944.61,26594.87,30413.84,32566.68,0
10,PAYMENT,3755.62,18916.91,17726.9,8588.87,11726.47,0
10,PAYMENT,3272.71,32743.05,27232.83,7777.99,9552.11,0
10,DEBIT,867.5,35211.53,14038.2,10914.33,11010.02,0
10,CASH_IN,2791.5,49267.34,44889.17,5852.2,6553.89,0
10,PAYMENT,12058.57,5485.19,4641.71,15765.47,18041.85,0
10,CASH_OUT,7319.13,11510.66,10367.63,2491.25,4505.23,0
10,CASH_OUT,10525.92,10538.39,8983.48,20888.37,23375.72,0
10,TRANSFER,5730.84,6694.18,6516.19,15858.62,19614.41,0
10,PAYMENT,8122.78,10840.9,9648.64,34139.17,38927.31,0
10,PAYMENT,12219.34,13969.38,6589.2,8522.58,15785.95,0
10,TRANSFER,1592.64,1520.45,1234.12,10850.65,11635.93,0
10,TRANSFER,2091.25,13654.54,11390.99,11100.58,13107.39,0
10,CASH_OUT,2331.85,14815.0,12567.95,18234.09,20072.24,0
10,TRANSFER,7788.84,60141.9,40994.76,11977.44,16511.45,0
10,PAYMENT,418.23,6409.89,5453.68,3778.11,3919.16,0
10,CASH_IN,2929.15,16682.76,14741.1,31351.76,33313.93,0
10,PAYMENT,486.53,753.46,699.3,15075.21,15452.18,0
10,CASH_OUT,1420.1,8382.42,3833.98,6373.22,7093.49,0
10,DEBIT,963.89,15598.49,14823.9,24373.22,24536.48,0
10,CASH_OUT,2480.26,24662.38,17798.58,18675.3,20644.15,0
10,PAYMENT,1641.01,21387.14,12183.08,7420.35,8901.15,0
10,CASH_IN,2417.37,8914.14,7672.36,21301.93,22321.98,0
10,CASH_IN,2601.08,3368.86,2946.64,4464.14,5526.35,0
10,PAYMENT,6974.55,2178.28,1552.36,35294.96,39564.31,0
10,CASH_OUT,977.62,40273.53,24542.41,177726.24,177854.78,0
10,TRANSFER,4437.07,28619.73,21985.17,7811.04,9426.5,0
10,PAYMENT,1643.13,5288.21,4651.23,12802.02,14269.54,0
10,DEBIT,21257.14,3771.66,2914.08,34618.24,44410.58,0
10,CASH_OUT,1369.38,1491.61,1029.49,92534.47,93566.29,0
10,CASH_OUT,4900.08,8071.81,6262.45,13625.51,17584.03,0
10,PAYMENT,1853.19,8344.82,7142.26,18083.82,18926.31,0
10,CASH_IN,5643.93,2835.71,2413.32,9882.56,13250.39,0
10,TRANSFER,3126.16,18355.7,15449.67,7222.88,9064.42,0
10,PAYMENT,1597.74,2581.56,2346.74,23270.44,24681.32,0
10,CASH_IN,16789.7,10257.62,7749.84,2063.25,16110.25,0
10,PAYMENT,7756.16,17397.3,9752.35,62191.02,67637.74,0
10,PAYMENT,1428.43,5651.5,3934.31,10537.55,11512.55,0
10,PAYMENT,10494.49,2178.43,1720.84,5753.49,13624.83,0
10,TRANSFER,4515.3,5265.88,3124.3,22458.11,25436.2,0
10,TRANSFER,1740.33,8362.96,4832.33,4173.8,5270.73,0
10,CASH_IN,46990.92,1451.12,1256.68,8808.78,42235.77,0
10,PAYMENT,8541.02,31901.48,23228.32,9191.75,13765.23,0
10,CASH_IN,2636.55,7675.79,2354.18,74536.34,76315.84,0
10,PAYMENT,2895.88,1975.95,1519.26,21242.76,24119.94,0
10,CASH_OUT,17437.47,7888.63,7238.83,12499.75,15356.93,1
10,TRANSFER,6530.6,27068.98,13984.77,23720.24,24376.07,0
10,CASH_IN,3117.35,8724.97,6380.8,29266.91,30470.92,0
10,CASH_OUT,1555.42,3987.35,2105.76,14083.05,14897.51,0
10,CASH_OUT,1309.5,18414.65,15738.88,3650.18,4835.57,0
10,TRANSFER,14290.35,1810.32,1581.45,20255.0,23410.95,0
10,TRANSFER,3161.66,3460.63,2584.6,25087.37,27713.6,0
10,PAYMENT,6186.5,3317.48,1964.14,10311.82,16046.0,0
10,PAYMENT,386.91,8559.84,6863.81,7575.98,7848.91,0
10,CASH_OUT,32464.23,23267.31,19822.74,5169.1,27423.12,0
10,TRANSFER,30726.91,3151.71,928.2,22129.31,25249.61,0
10,PAYMENT,1976.13,1185.56,697.99,6510.36,7601.39,0
10,PAYMENT,5794.54,5511.23,5151.27,1713.21,6645.46,0
10,TRANSFER,9757.93,2626.66,2315.66,9582.88,15645.02,0
10,TRANSFER,21329.33,4388.93,3585.87,12879.78,21931.86,0
10,CASH_OUT,2258.62,7488.21,5620.31,12094.84,13342.9,0
10,PAYMENT,1864.55,4969.76,4638.92,3982.54,4235.72,0
10,CASH_OUT,4201.87,30036.33,14858.81,12290.51,14728.27,0
10,CASH_OUT,5281.21,497.6,448.01,3079.88,6214.0,0
10,TRANSFER,1649.58,3489.4,2145.3,2606.28,3466.41,0
10,CASH_OUT,1539.41,7997.97,6198.14,21553.22,22564.01,0
10,CASH_OUT,6856.06,15371.36,13139.83,11001.78,15244.2,0
10,PAYMENT,4013.82,6007.64,3611.19,267.73,2910.95,0
10,TRANSFER,626.01,26448.23,19867.92,32550.52,32736.55,0
10,CASH_IN,5859.18,2883.93,2403.64,3769.4,6826.99,0
10,TRANSFER,35239.74,1940.49,1390.3,5024.87,22839.37,1
10,DEBIT,3768.38,5295.99,2589.04,14829.3,17948.78,0
10,CASH_OUT,20565.33,21469.55,15552.49,35816.18,48435.3,0
10,PAYMENT,1203.43,3674.72,1850.33,49154.27,49760.84,0
10,CASH_OUT,1793.91,7199.2,4651.56,15805.39,16376.82,0
10,CASH_OUT,3556.68,2672.96,2267.18,11695.58,13192.9,0
10,DEBIT,2150.96,10045.31,9283.27,22637.45,24300.47,0
10,TRANSFER,3815.66,6697.86,4961.8,2343.69,4402.39,0
10,PAYMENT,5877.3,10577.71,8390.6,2334.46,5183.42,0
10,CASH_OUT,1510.9,16547.13,13486.83,12902.46,13085.93,0
10,PAYMENT,1678.89,18223.67,13239.8,8628.09,9746.78,0
10,DEBIT,3407.82,3230.62,2152.04,19582.67,21095.12,0
10,CASH_IN,2880.02,4918.23,3960.16,19534.67,20419.22,0
10,PAYMENT,3053.5,12240.37,9445.22,4309.49,6589.19,0
10,CASH_OUT,1592.07,5793.14,2380.14,5153.07,5642.36,0
10,CASH_IN,615.64,24880.35,6105.88,48238.13,48738.55,0
10,CASH_OUT,629.9,586.48,228.89,5658.02,5891.94,0
10,PAYMENT,459.35,7506.34,5702.76,11646.35,12036.02,0
10,TRANSFER,595.46,5029.33,4991.85,26722.53,26852.24,0
10,DEBIT,3656.13,29308.1,13244.5,2427.51,4264.26,0
10,PAYMENT,17382.37,5023.7,2084.74,30803.89,38090.86,0
10,CASH_IN,213.2,10218.34,7736.65,34158.56,34351.02,0
10,PAYMENT,11101.83,5365.56,3876.59,1702.63,8498.21,0
10,CASH_OUT,1599.26,2212.88,1750.04,13080.37,14305.53,0
10,PAYMENT,847.81,31570.95,29326.86,5794.92,5891.12,0
10,PAYMENT,2247.38,6448.97,5431.68,27052.9,28749.59,0
10,DEBIT,8213.08,19147.55,17300.57,2694.09,10604.28,0
10,PAYMENT,5160.85,6101.96,5788.83,22167.18,24575.98,0
10,CASH_IN,1344.96,11684.22,8097.63,4571.75,5271.48,0
10,TRANSFER,2031.96,32076.86,9722.22,2791.05,4719.38,0
10,TRANSFER,1460.45,32261.27,27368.32,5607.32,6337.21,0
10,PAYMENT,7872.48,30252.27,20593.29,15093.42,20940.75,0
10,CASH_OUT,1427.92,691.27,535.38,5071.12,5930.98,0
10,CASH_OUT,1928.4,2634.71,1239.57,9784.0,10085.4,0
10,PAYMENT,7481.77,6248.66,5119.52,30837.63,33131.77,0
10,PAYMENT,760.41,8236.15,6708.57,17720.04,17904.69,0
10,PAYMENT,6110.71,7905.41,5357.95,7453.43,10263.89,0
10,PAYMENT,528.02,9803.24,8517.28,11812.47,12129.21,0
10,CASH_OUT,3383.77,3192.39,2184.64,13940.87,16135.16,0
10,PAYMENT,2033.52,5481.42,4198.16,16006.54,16969.34,0
10,PAYMENT,7019.55,54370.7,51232.24,10300.94,12425.29,0
10,CASH_OUT,1010.92,13466.84,8509.55,18947.63,19556.59,0
10,TRANSFER,2265.12,4793.81,3871.9,46265.15,47070.57,0
10,DEBIT,9114.2,119550.62,104884.9,9657.84,18326.91,0
10,PAYMENT,700.97,926.03,589.78,10069.41,10219.78,0
10,CASH_IN,1707.19,5069.09,4050.14,23183.07,24777.48,0
10,TRANSFER,746.15,9954.01,5294.98,16511.4,16683.74,0
10,PAYMENT,3257.7,3986.51,3802.95,9410.74,10300.77,0
10,CASH_OUT,2267.13,13750.88,7412.15,3677.57,4831.66,0
10,PAYMENT,1252.99,5020.89,3625.6,864.77,1246.09,0
10,CASH_OUT,1071.65,4373.46,3329.04,45023.71,45397.19,0
10,TRANSFER,2377.03,915.45,662.14,6200.38,7543.68,0
10,TRANSFER,2609.3,1503.22,1040.5,29330.98,29916.48,0
10,CASH_IN,3622.77,2692.24,2295.34,57660.19,60880.22,0
10,CASH_OUT,4927.44,29045.4,18424.82,20766.17,24002.27,0
10,CASH_IN,4140.57,31561.33,12405.47,5007.67,6208.19,0
10,TRANSFER,7926.87,16591.75,12372.84,32208.83,35528.57,0
10,PAYMENT,2112.89,4478.32,3524.51,11215.31,13132.7,0
10,TRANSFER,535.11,5825.8,4636.09,7026.89,7198.04,0
10,TRANSFER,2049.02,4341.76,4028.56,41334.39,42889.9,0
10,PAYMENT,15274.03,11170.68,7010.62,3299.62,16169.75,0
10,PAYMENT,7137.55,2522.14,2118.31,34371.58,37945.2,0
10,CASH_IN,8920.49,1779.4,1219.66,1595.4,4214.91,0
10,DEBIT,2117.27,2717.86,2291.23,9536.77,10737.25,0
10,PAYMENT,15649.03,26485.69,18612.8,14721.49,28447.2,0
10,PAYMENT,1310.11,17854.18,11839.48,18204.7,19363.54,0
10,CASH_OUT,1086.44,1528.12,1303.79,8001.81,8725.11,0
10,TRANSFER,27566.32,3389.18,3162.28,12485.61,19748.22,0
10,CASH_OUT,1821.94,25322.83,16734.36,26017.17,26449.73,0
10,CASH_OUT,1763.8,1215.25,818.16,3142.6,3610.37,0
10,CASH_OUT,4780.28,1410.32,1008.22,4460.88,5634.04,0
10,TRANSFER,378.06,910.4,846.03,12930.4,13220.64,0
10,CASH_OUT,7053.13,73082.44,11738.13,20138.59,25905.96,0
10,CASH_OUT,1862.11,4338.29,4048.93,4610.18,4881.63,0
10,CASH_IN,7495.51,4686.73,3670.65,2594.71,8948.22,0
10,TRANSFER,7686.11,18552.01,14802.49,3148.91,8229.84,0
10,CASH_OUT,634.76,21963.2,19724.38,13616.69,14186.25,0
10,CASH_IN,2427.06,1524.68,1321.11,22290.98,22736.4,0
10,CASH_IN,3701.26,8676.28,8209.98,1917.17,3020.98,0
10,PAYMENT,4060.07,723.63,715.63,9156.42,10485.4,0
10,DEBIT,2265.25,4711.13,4321.54,15909.54,16631.09,0
10,CASH_IN,4690.76,25852.57,19267.26,79938.27,82682.15,0
10,CASH_IN,782.74,22315.6,21058.63,4798.71,5002.83,0
10,CASH_IN,3834.84,6602.85,2944.8,2205.72,5042.45,0
10,CASH_OUT,1568.41,22692.49,12985.94,13395.9,13614.58,0
10,CASH_OUT,2239.95,18275.54,15861.73,16079.22,17753.99,0
10,TRANSFER,4223.47,13592.64,11845.3,15121.05,17713.57,0
10,TRANSFER,15858.7,11031.11,7734.1,11471.77,18765.82,1
10,TRANSFER,790.24,28885.04,22809.39,5268.67,5795.49,0
10,PAYMENT,6616.34,13457.59,10091.21,2607.9,4312.14,0
10,PAYMENT,2443.35,80371.1,71541.48,11863.8,14202.5,0
10,CASH_OUT,1082.52,11838.85,6574.3,21817.0,22106.91,0
10,CASH_OUT,901.37,37441.72,23049.1,33697.97,34005.42,0
10,PAYMENT,7312.05,1832.79,1337.6,5828.36,10437.79,0
10,CASH_OUT,2180.98,5758.71,4378.62,47606.81,48518.33,0
10,PAYMENT,1489.78,8331.74,5638.48,11025.91,12089.92,0
10,PAYMENT,1102.93,2333.79,2182.65,4204.33,4917.88,0
10,PAYMENT,895.37,15194.69,10638.04,42369.74,43060.86,0
10,CASH_OUT,7648.46,30456.53,27972.66,44331.77,48371.38,0
10,CASH_OUT,44223.73,6831.21,6300.71,28163.26,69919.0,0
10,PAYMENT,80.09,3405.31,2858.51,4820.29,4867.56,0
10,PAYMENT,1230.1,30804.56,23273.07,26883.74,27733.76,0
10,TRANSFER,2330.06,24025.78,17855.97,37803.51,39918.45,0
10,TRANSFER,11330.68,1801.12,1438.26,23044.23,25308.62,0
10,CASH_OUT,5424.39,10847.68,8499.25,5141.8,5939.41,0
10,DEBIT,2852.78,31814.44,27440.52,12295.66,13254.93,0
10,PAYMENT,6442.86,9379.74,7665.72,9342.14,10265.92,0
10,TRANSFER,3622.41,7519.06,5854.06,21497.81,22874.07,0
10,CASH_IN,2714.04,26964.61,26333.33,6708.41,7782.95,0
10,TRANSFER,3264.18,11253.24,9801.09,35976.4,37771.45,0
10,PAYMENT,1552.56,39082.45,8786.47,56944.57,57133.22,0
10,TRANSFER,722.65,4753.81,2799.78,3157.75,3416.58,0
10,CASH_IN,1339.99,27301.67,20170.25,21188.6,22515.76,0
10,CASH_IN,1887.25,3503.22,3132.97,10843.65,11140.14,0
10,PAYMENT,2285.81,6102.85,2998.67,9886.14,10491.43,0
10,PAYMENT,12169.91,12142.02,8613.74,4125.54,5343.16,0
10,CASH_IN,22210.47,4258.1,3313.03,2576.14,8168.54,0
10,DEBIT,9727.95,5907.21,3214.76,12315.55,15260.52,0
10,CASH_OUT,18479.54,27982.49,25736.64,10583.46,27748.14,0
10,CASH_OUT,418.38,28576.46,18488.68,12473.54,12564.2,0
10,CASH_OUT,340.23,25739.1,21863.93,5288.98,5431.31,0
10,CASH_IN,663.63,67074.34,54262.76,40052.44,40253.85,0
10,CASH_OUT,2891.39,796.61,635.51,14419.58,16909.98,0
10,PAYMENT,1042.93,16266.95,12326.35,8858.03,9354.0,0
10,DEBIT,1615.13,1532.68,1272.66,8595.36,10202.76,0
10,CASH_OUT,4499.44,19515.37,13782.48,8248.21,12262.94,0
10,CASH_OUT,6862.05,4999.24,4546.52,9862.94,11793.98,0
10,PAYMENT,704.0,25525.16,19253.41,13057.24,13225.35,0
10,TRANSFER,673.46,10450.21,7401.68,9656.5,10042.01,0
11,PAYMENT,3311.7,57956.11,36355.71,648.59,1365.22,0
11,TRANSFER,2803.03,4818.96,4560.54,7014.97,9679.89,0
11,PAYMENT,14366.17,13664.87,6045.61,8330.97,16246.35,0
11,TRANSFER,8792.85,63789.28,48566.19,29996.82,37171.7,0
11,DEBIT,5313.12,17891.56,16648.07,25662.36,28440.19,0
11,PAYMENT,2372.03,14057.36,10650.81,3182.76,5072.14,0
11,PAYMENT,14408.93,3758.69,3401.65,21964.36,26278.76,0
11,TRANSFER,4599.22,1309.17,1025.33,10596.78,15129.96,0
11,TRANSFER,5878.52,37633.58,29205.64,16063.2,16831.01,0
11,PAYMENT,1620.33,6158.89,5338.3,14762.95,16020.91,0
11,CASH_OUT,1661.98,2866.54,2561.33,9113.69,10213.93,0
11,CASH_OUT,1181.84,30722.48,27077.25,7393.82,7887.76,0
11,PAYMENT,3076.02,6853.28,6140.31,167991.34,168932.32,0
11,TRANSFER,2692.53,8700.11,5693.41,5359.41,7741.57,0
11,CASH_IN,6700.58,21456.1,15932.88,10071.4,16622.58,0
11,CASH_OUT,1402.68,10431.56,5824.92,32462.06,33750.28,0
11,PAYMENT,6622.88,21624.24,11266.33,111213.73,114375.21,0
11,PAYMENT,4782.68,1667.89,667.6,33232.87,35571.41,0
11,DEBIT,2425.39,1032.11,718.34,21698.59,23679.88,0
11,CASH_OUT,911.4,46459.15,39584.13,9813.22,10121.61,0
11,PAYMENT,14189.46,3292.44,2538.0,4801.8,12959.84,0
11,CASH_OUT,6650.95,6784.68,6060.39,23379.54,28963.59,0
11,DEBIT,1896.65,4913.23,4008.32,15167.59,15372.34,0
11,CASH_IN,5266.9,67072.97,51411.74,3150.64,7459.93,0
11,CASH_OUT,6709.75,40905.44,22737.73,10698.31,15659.69,0
11,TRANSFER,1491.39,52180.84,41275.55,11766.89,12255.4,0
11,PAYMENT,10391.99,13204.09,7989.96,10407.59,12653.38,0
11,TRANSFER,3168.43,26243.6,12405.38,4146.91,4813.98,0
11,PAYMENT,1789.02,4200.89,3682.05,1714.02,2580.61,0
11,CASH_OUT,1864.26,10323.51,6318.39,6077.74,7180.43,0
11,TRANSFER,2064.13,4854.2,4141.48,5254.63,6583.91,0
11,CASH_OUT,1961.66,1507.77,1102.44,4533.39,5802.77,0
11,CASH_OUT,1070.37,70066.87,42660.83,799.53,1440.41,0
11,PAYMENT,2059.9,2578.27,2238.64,21085.91,22896.61,0
11,CASH_IN,4468.19,27449.59,18122.72,22028.32,25283.79,0
11,CASH_OUT,778.61,2292.51,1641.37,60061.33,60643.95,0
11,PAYMENT,901.71,97782.16,60050.99,55547.93,55746.23,0
11,CASH_IN,4288.66,12294.17,6175.35,15908.05,17604.28,0
11,CASH_IN,4613.67,1463.47,1220.52,5112.07,5653.26,0
11,PAYMENT,1014.74,26080.31,16219.58,4906.18,5098.52,0
11,CASH_IN,1916.98,2501.39,1867.43,15091.46,15954.48,0
11,CASH_OUT,7116.95,38861.4,26314.7,4232.8,5081.81,0
11,PAYMENT,1293.86,11477.27,10458.47,6124.12,6674.41,0
11,PAYMENT,1981.95,5411.91,4186.4,5528.86,5998.53,0
11,PAYMENT,2145.42,44654.93,35936.94,10084.13,11211.83,0
11,CASH_OUT,1368.3,15241.61,11882.14,3803.34,4566.94,0
11,PAYMENT,3224.4,38871.27,17652.99,12003.7,13042.73,0
11,CASH_IN,1559.06,9845.67,7701.02,56910.54,58363.59,0
11,PAYMENT,2466.63,600.59,560.55,10773.02,12483.83,0
11,CASH_OUT,1232.79,10563.22,10057.72,27481.08,28439.81,0
11,CASH_IN,994.29,9448.74,5956.79,12429.72,12596.73,0
11,CASH_OUT,2420.87,41914.53,35607.67,23674.6,25507.3,0
11,CASH_IN,15038.39,1009.22,573.63,17616.41,19165.43,0
11,CASH_OUT,1990.07,1529.72,1275.5,3272.55,4802.97,0
11,PAYMENT,9391.23,5463.46,4810.09,25843.57,30947.82,0
11,CASH_OUT,4843.87,29535.98,11597.92,3070.54,7630.29,0
11,CASH_IN,2425.83,40498.93,24524.55,25087.61,26015.15,0
11,CASH_OUT,7462.42,5214.37,4554.71,21118.52,27183.48,0
11,CASH_OUT,16380.84,34777.43,33042.46,23111.21,34831.16,0
11,PAYMENT,2464.68,5024.63,4405.05,10623.58,12264.15,0
11,CASH_OUT,4290.35,31336.12,23544.6,15102.69,16892.7,0
11,PAYMENT,1698.43,7761.45,4761.65,10281.17,11191.27,0
11,PAYMENT,3779.09,23424.93,22251.94,54030.98,56494.45,0
11,TRANSFER,810.14,3882.87,1240.13,5896.68,6690.68,0
11,TRANSFER,1482.93,17914.93,11174.25,5970.43,7079.75,0
11,CASH_OUT,7662.15,19548.2,16507.57,56945.77,60459.45,0
11,CASH_IN,7437.77,8904.34,4691.27,2881.72,5675.76,0
11,CASH_IN,1086.51,40752.42,38204.57,7052.58,8030.92,0
11,PAYMENT,5145.07,11467.92,9298.36,31707.32,33821.67,0
11,CASH_IN,1337.69,2652.3,1805.11,7598.95,8532.77,0
11,CASH_OUT,2149.76,8481.23,7002.53,38646.29,39993.37,0
11,TRANSFER,842.76,471.23,319.44,3249.36,3597.57,0
11,CASH_OUT,4328.01,1955.76,1175.14,29723.97,32655.66,0
11,TRANSFER,2369.17,27526.66,24100.17,23596.3,23988.28,0
11,TRANSFER,2357.95,11515.95,10021.75,7995.84,9498.14,0
11,CASH_OUT,7832.12,16227.33,14747.38,2875.01,4308.07,0
11,CASH_IN,737.96,18234.6,12638.84,5661.93,6343.42,0
11,PAYMENT,5310.67,5192.64,3192.07,4048.11,6086.6,0
11,CASH_IN,1785.41,970.48,923.3,27069.84,28827.57,0
11,TRANSFER,3343.08,7939.32,5088.79,1394.27,2856.97,0
11,DEBIT,43492.53,19554.07,16980.72,6838.46,44546.98,0
11,CASH_OUT,1692.19,8771.57,7564.2,10598.96,12277.92,0
11,PAYMENT,16157.11,11767.64,10294.24,36163.79,42936.22,0
11,PAYMENT,1755.59,9533.28,8145.82,24394.84,25517.14,0
11,TRANSFER,2367.2,4641.87,3059.82,5852.21,7335.52,0
11,CASH_OUT,5022.98,59036.32,34311.98,8093.77,11561.36,0
11,PAYMENT,3476.26,32644.6,23145.61,8873.19,10755.12,0
11,CASH_OUT,13686.52,6063.46,3857.0,10285.33,20595.56,1
11,PAYMENT,2315.21,7221.92,4727.19,35482.48,36281.65,0
11,TRANSFER,2063.46,2475.3,1816.08,6918.07,8830.31,0
11,CASH_IN,1379.22,26634.48,23664.91,18781.42,19557.7,0
11,CASH_OUT,7360.94,7856.04,6532.46,15512.96,22710.75,0
11,CASH_OUT,10339.91,1930.75,1747.5,6309.56,16178.28,0
11,PAYMENT,5974.87,7777.37,3511.6,676.67,2747.38,0
11,CASH_IN,1285.03,20936.1,19038.84,52674.45,53417.57,0
11,PAYMENT,2711.46,81621.87,74747.89,14788.79,16578.59,0
11,TRANSFER,2278.71,100558.1,98148.58,2197.85,3955.56,0
11,PAYMENT,12114.42,2798.48,2429.25,4631.27,10870.44,0
11,CASH_IN,13573.63,3442.16,2620.94,23205.29,28793.74,0
11,CASH_IN,2625.17,2567.04,1509.07,6525.64,7698.43,0
11,CASH_IN,1649.66,16412.56,13376.99,66162.52,66639.75,0
11,CASH_OUT,4896.89,9681.78,7552.51,15613.24,19960.35,0
11,CASH_OUT,1340.85,4925.6,4235.87,3648.76,4793.46,0
11,TRANSFER,8589.11,8180.11,6414.23,20271.12,28279.81,0
11,CASH_OUT,1855.93,21731.54,14765.1,34561.92,35627.3,0
11,CASH_OUT,1926.55,26841.85,21340.41,19627.04,21117.16,0
11,CASH_IN,1241.98,4624.19,3618.52,22164.46,23193.78,0
11,CASH_OUT,5169.79,13875.9,9661.31,71762.25,75177.97,0
11,TRANSFER,5518.09,47525.73,20585.68,8389.21,12423.75,0
11,CASH_IN,839.37,22271.99,16244.31,6075.26,6171.41,0
11,CASH_OUT,1273.31,16547.55,14197.65,8073.34,8225.76,0
11,PAYMENT,1377.16,17070.62,13804.26,13781.51,14681.23,0
11,TRANSFER,1657.67,7467.95,5836.4,21368.05,22465.09,0
11,TRANSFER,3256.78,11908.81,8731.15,33528.93,34634.52,0
11,TRANSFER,3976.62,2201.41,1877.24,13959.32,16745.57,0
11,PAYMENT,7305.61,2718.88,1453.37,6523.47,10785.26,0
11,TRANSFER,3777.66,15688.98,15293.64,5652.87,8727.72,0
11,PAYMENT,1248.89,2738.97,2483.86,15171.72,15649.21,0
11,PAYMENT,1463.53,2099.27,1624.11,23832.21,24562.09,0
11,PAYMENT,1579.36,10289.19,6067.42,155918.84,156932.88,0
11,CASH_OUT,5227.65,10236.76,7323.01,10916.59,14601.61,0
11,TRANSFER,17914.42,76549.48,48797.12,18963.66,36606.07,0
11,CASH_IN,8681.97,2062.37,1555.1,2883.76,4878.79,0
11,CASH_OUT,1607.66,11800.93,8318.99,40462.21,41333.72,0
11,PAYMENT,4383.96,21018.83,19735.22,22417.57,26447.59,0
11,PAYMENT,5866.44,7779.82,5933.67,5388.16,9637.1,0
11,CASH_IN,11420.02,11709.05,5626.1,2224.71,9674.94,0
11,CASH_IN,674.9,4339.21,3517.53,27451.5,27546.72,0
11,PAYMENT,6361.36,90904.64,57633.51,18519.51,20889.4,0
11,TRANSFER,3221.13,3400.99,2246.55,9096.52,9900.49,0
11,CASH_OUT,4892.61,127496.37,112361.91,10156.78,14886.1,0
11,CASH_OUT,14073.97,3840.51,3121.93,39969.33,43921.04,0
11,PAYMENT,12761.04,27507.1,19885.62,34082.59,41818.1,0
11,CASH_OUT,1213.53,861.39,439.12,10012.6,10237.84,0
11,DEBIT,2660.33,4009.07,3468.58,12935.39,13815.78,0
11,PAYMENT,401.64,8333.96,5537.92,15115.08,15190.25,0
11,CASH_OUT,4091.06,53190.42,34280.09,3011.41,4137.1,0
11,CASH_OUT,5240.33,3493.24,2503.09,6617.58,7889.44,0
11,DEBIT,1833.47,21127.06,16523.54,5856.05,6988.19,0
11,PAYMENT,1191.21,6175.23,4933.63,17811.98,18949.48,0
11,TRANSFER,5227.23,15636.12,11394.15,6847.41,7429.73,0
11,CASH_IN,10968.32,2877.09,1226.4,19959.96,28258.31,0
11,PAYMENT,1785.14,2009.94,1564.51,7849.85,9038.2,0
11,CASH_OUT,3471.07,18967.36,16076.77,2465.85,2875.96,0
11,CASH_OUT,3250.88,36865.55,33304.31,16343.71,18684.89,0
11,PAYMENT,3431.93,20290.28,11757.32,37142.04,39000.04,0
11,TRANSFER,1975.52,11368.46,9364.59,19344.82,19846.48,0
11,PAYMENT,784.7,12474.39,8799.43,14018.28,14134.91,0
11,TRANSFER,2582.5,1105.78,859.86,11345.59,11931.39,0
11,CASH_IN,13846.32,11093.95,8139.07,3752.59,13905.94,0
11,CASH_IN,1331.83,29721.62,19821.82,14540.33,15555.15,0
11,PAYMENT,1643.13,4463.68,2352.97,10076.65,10332.12,0
11,CASH_IN,1278.48,7057.25,5591.59,39337.64,39919.49,0
11,PAYMENT,2042.27,18997.45,18024.87,2839.12,4183.29,0
11,PAYMENT,6461.03,25579.51,19301.29,103948.69,108398.51,0
11,CASH_OUT,1046.69,3779.01,3259.02,7404.81,8141.56,0
11,PAYMENT,1498.18,36673.1,34044.41,5911.25,6628.07,0
11,PAYMENT,3705.21,27925.62,26226.85,14043.49,17563.33,0
11,PAYMENT,1541.87,27891.81,20541.15,4604.72,6034.23,0
11,CASH_OUT,2467.34,7674.79,6538.43,25577.21,26053.48,0
11,TRANSFER,21996.55,3870.69,3452.09,9860.28,28360.96,1
11,PAYMENT,5047.89,7286.15,5368.92,1382.57,5296.1,0
11,PAYMENT,2287.5,39442.79,32360.95,19762.43,20613.08,0
11,PAYMENT,5725.31,74831.35,55669.93,16851.21,17616.69,0
11,CASH_OUT,1348.17,20273.94,18412.52,2491.7,3645.29,0
11,PAYMENT,590.84,80022.83,58898.96,10787.81,10944.53,0
11,CASH_OUT,2078.05,22485.42,20869.35,34670.03,35580.19,0
11,TRANSFER,865.99,43839.49,23082.88,43145.81,43737.52,0
11,CASH_OUT,2295.94,4056.01,2157.19,32219.41,34346.85,0
11,CASH_OUT,1830.91,917.2,579.49,48799.53,49775.37,0
11,CASH_IN,966.11,1101.93,868.59,1286.42,1497.34,0
11,DEBIT,1573.96,31935.37,15077.36,10706.52,11755.84,0
11,TRANSFER,4851.67,9267.38,6425.64,75281.24,78912.79,0
11,CASH_OUT,5852.96,4031.18,2686.64,2763.76,7696.79,0
11,PAYMENT,6051.46,2369.87,1853.77,211854.08,214983.28,0
11,CASH_IN,1066.88,21953.58,14993.89,1738.21,2212.58,0
11,TRANSFER,3666.88,5016.28,3942.13,5475.33,7646.29,0
11,CASH_OUT,22249.74,1002.21,758.48,9556.98,20973.47,0
11,DEBIT,2622.74,37493.64,27939.29,49445.48,50091.26,0
11,CASH_IN,1571.35,4593.7,3737.43,13627.36,14228.74,0
11,TRANSFER,13397.31,2228.47,1895.49,7159.22,13910.79,0
11,PAYMENT,1629.49,1390.49,1152.02,9959.37,11477.33,0
11,CASH_OUT,854.93,10403.96,8086.39,56463.87,56578.54,0
11,CASH_IN,3724.63,33531.96,27078.03,12033.2,14766.89,0
11,PAYMENT,2089.63,69750.16,46519.14,10666.44,11793.79,0
11,DEBIT,1397.49,6141.26,4542.22,6626.85,7986.32,0
11,CASH_OUT,1405.17,10472.01,9239.15,29942.84,31213.48,0
11,PAYMENT,1638.77,193225.25,165457.97,20072.32,21258.47,0
11,PAYMENT,2187.76,14055.33,13844.65,20937.92,21505.74,0
11,PAYMENT,1822.79,72710.89,38964.84,20229.31,21004.6,0
12,CASH_OUT,6073.55,36525.64,30121.85,8993.96,12836.41,0
12,CASH_OUT,8019.88,24426.48,15205.51,21241.52,27921.19,0
12,TRANSFER,4314.42,40106.9,33086.65,10952.89,13187.6,0
12,CASH_IN,803.11,3610.71,3123.65,67257.74,67777.18,0
12,CASH_IN,18530.09,6811.37,4134.74,43495.74,50285.26,0
12,TRANSFER,10314.98,7440.78,7060.29,3393.37,10945.81,0
12,TRANSFER,5772.56,7696.34,7343.21,6082.51,10380.18,0
12,TRANSFER,2027.61,4288.62,3634.15,2061.57,3485.14,0
12,CASH_OUT,3661.0,19808.97,6781.85,127999.6,130245.02,0
12,TRANSFER,531.06,5310.86,4607.09,21030.36,21317.52,0
12,PAYMENT,2265.41,10675.12,7800.06,18684.14,19706.61,0
12,CASH_OUT,31369.81,5501.28,1921.72,6960.73,16503.4,0
12,PAYMENT,2522.08,2862.26,1538.17,7743.12,9414.57,0
12,TRANSFER,5124.53,8387.62,7505.03,17095.27,18486.98,0
12,TRANSFER,2709.5,6181.29,4374.34,19282.35,20420.25,0
12,TRANSFER,12750.31,7248.6,6186.61,6092.39,18191.9,0
12,PAYMENT,5057.25,13070.93,11111.09,3819.59,5116.68,0
12,PAYMENT,477.89,18089.26,10387.55,2159.51,2361.4,0
12,TRANSFER,4166.31,1431.71,1108.1,5888.53,9548.28,0
12,CASH_IN,10902.04,13914.67,11930.32,17977.89,20940.85,0
12,CASH_IN,3706.25,3427.23,2945.46,13688.36,16739.6,0
12,CASH_OUT,830.19,5866.58,3880.92,49498.2,49969.92,0
12,CASH_IN,3300.39,15977.4,12857.92,3208.23,6069.18,0
12,PAYMENT,1492.46,12214.41,9017.88,10452.23,11608.39,0
12,PAYMENT,1549.29,20603.34,18257.77,7613.29,8260.64,0
12,PAYMENT,2794.33,9852.14,8640.4,2655.18,4294.86,0
12,CASH_IN,5556.9,5573.09,2891.69,47553.77,51314.05,0
12,PAYMENT,583.34,4091.94,3657.27,9326.91,9590.52,0
12,TRANSFER,1920.0,1063.71,1030.66,18467.94,20165.43,0
12,TRANSFER,3997.55,5666.69,4443.26,21886.52,24218.12,0
12,TRANSFER,7175.53,1851.73,860.79,6028.42,11696.04,0
12,TRANSFER,1181.76,9323.57,6217.48,50446.13,50626.69,0
12,CASH_OUT,1992.8,7590.57,5375.87,34606.25,35432.3,0
12,CASH_OUT,4990.01,20503.43,18119.51,3541.49,7686.34,0
12,TRANSFER,2477.23,45607.62,43020.08,13708.86,14927.99,0
12,CASH_OUT,1450.82,2225.29,920.03,36155.11,36967.14,0
12,PAYMENT,3106.58,12638.63,11848.16,33977.17,36874.45,0
12,TRANSFER,1135.66,8509.41,7082.11,15481.38,15669.9,0
12,PAYMENT,403.33,20297.37,14310.72,16554.9,16926.19,0
12,TRANSFER,1316.01,16605.67,11718.06,22566.51,23491.09,0
12,CASH_OUT,2252.54,12472.81,10389.52,14767.47,15245.51,0
12,CASH_IN,1303.5,8728.92,7625.65,48065.27,48442.97,0
12,PAYMENT,3374.29,24042.9,19255.83,89471.43,91632.35,0
12,PAYMENT,9389.79,62942.99,54945.74,9186.18,14345.96,0
12,CASH_IN,2438.44,3612.77,2658.47,6653.71,7950.47,0
12,TRANSFER,5008.1,4401.96,2183.01,2651.96,5659.89,0
12,PAYMENT,1478.87,8713.46,4681.93,59277.12,60187.13,0
12,CASH_OUT,1078.19,31470.09,29588.61,4642.53,5265.3,0
12,TRANSFER,5086.92,140244.38,69948.53,25714.89,28090.13,0
12,CASH_IN,5321.65,6052.8,4600.93,47328.58,50480.76,0
12,CASH_IN,3164.79,20885.91,15836.67,1724.2,4177.27,0
12,TRANSFER,703.49,7982.48,5911.18,16208.92,16431.17,0
12,TRANSFER,1740.59,2583.89,2479.24,3975.34,5005.09,0
12,PAYMENT,1334.15,32511.27,20185.28,104026.73,104374.46,0
12,PAYMENT,2072.26,10941.14,8287.13,6512.26,7320.59,0
12,CASH_IN,1815.98,7024.02,4774.53,34138.4,34347.52,0
12,CASH_OUT,27127.32,4522.07,3275.9,60685.17,68134.63,0
12,CASH_IN,1190.4,25946.33,13254.33,14610.08,15770.41,0
12,PAYMENT,4224.7,1539.74,1264.76,6698.58,9559.24,0
12,CASH_IN,13682.2,129464.16,87096.57,31606.09,44478.08,0
12,TRANSFER,6738.13,3896.16,2037.37,12910.41,16970.36,0
12,CASH_OUT,2362.03,5014.62,4279.85,22981.66,24581.47,0
12,CASH_OUT,4186.55,9365.42,7177.78,26237.6,26913.81,0
12,PAYMENT,23207.14,4841.33,3931.14,3031.82,8948.42,0
12,CASH_OUT,1988.02,6410.04,5866.45,16133.44,17960.67,0
12,CASH_IN,20361.89,70066.8,32115.69,8437.79,17634.97,0
12,TRANSFER,3602.43,10867.3,4381.27,5064.63,6740.0,0
12,CASH_OUT,2036.57,5475.28,3225.99,12063.69,14093.35,0
12,CASH_OUT,256.01,3857.7,3437.21,17011.7,17082.97,0
12,CASH_IN,3654.8,2524.54,1944.94,50864.78,52261.69,0
12,PAYMENT,2920.12,13481.97,12722.78,4914.35,7474.32,0
12,CASH_IN,35811.01,21653.29,17731.38,26485.4,41145.39,0
12,CASH_OUT,5417.57,12952.96,11135.85,17232.23,20909.36,0
12,CASH_OUT,723.23,2279.12,1985.45,10941.78,11449.05,0
12,PAYMENT,32023.72,3415.77,2961.14,5252.98,13862.14,0
12,PAYMENT,11534.82,31684.91,21950.89,12728.08,17421.99,0
12,TRANSFER,4903.65,9503.24,6505.11,4804.56,6240.12,0
12,PAYMENT,18111.61,12879.26,9098.56,5656.46,10972.77,0
12,TRANSFER,3902.59,9871.85,8369.56,12338.23,13820.08,0
12,CASH_OUT,376.23,1367.3,869.18,5283.94,5553.61,0
12,PAYMENT,6240.02,3233.07,1867.96,7448.91,8571.29,0
12,CASH_IN,14339.37,6432.3,5523.05,5138.63,9772.21,0
12,CASH_IN,2611.94,15791.04,8328.31,656.85,1088.82,0
12,TRANSFER,4378.01,5255.33,4068.11,6356.36,9341.87,0
12,CASH_IN,496.97,1632.99,1559.23,9288.43,9422.81,0
12,TRANSFER,2113.68,1652.46,995.02,7207.37,7463.73,0
12,TRANSFER,10175.04,26913.4,19373.89,16839.75,22154.61,0
12,PAYMENT,1384.51,13390.19,10874.65,8676.05,9283.89,0
12,CASH_IN,12760.82,5559.62,4052.8,41441.24,52520.89,0
12,CASH_OUT,528.88,30857.85,23712.12,2257.9,2572.74,0
12,PAYMENT,190.05,1952.93,1641.84,5573.43,5747.34,0
12,TRANSFER,4859.41,1666.6,1102.04,22962.15,23612.67,0
12,PAYMENT,575.65,6434.79,5479.1,7561.72,7828.43,0
12,TRANSFER,1058.27,37518.22,31180.67,14155.19,14622.39,0
12,TRANSFER,39519.53,11129.23,5005.03,8967.05,31595.81,0
12,DEBIT,5921.51,12256.95,7735.92,13081.94,18124.13,0
12,TRANSFER,6097.18,16746.84,13560.53,13889.04,16093.62,0
12,CASH_IN,3634.08,2526.61,1481.15,2469.56,3439.74,0
12,CASH_OUT,2191.4,8312.23,7634.76,10764.93,12440.67,0
12,TRANSFER,9792.78,17071.06,11746.05,12044.95,19514.92,0
12,TRANSFER,3637.08,13295.4,9905.34,2199.99,5640.18,0
12,TRANSFER,5521.28,24941.01,18991.07,4070.8,6258.24,0
12,PAYMENT,19665.45,3054.72,2077.82,5094.13,24601.01,0
12,CASH_IN,3965.32,3227.45,2130.04,3110.54,6940.72,0
12,CASH_IN,22763.37,12306.9,9728.57,9187.3,18513.26,0
12,TRANSFER,9411.18,25791.94,19557.07,25376.96,28746.3,0
12,TRANSFER,11582.53,5450.92,5203.5,42556.15,52335.87,0
12,CASH_OUT,1157.82,7848.67,6624.75,1889.69,2048.9,0
12,PAYMENT,24327.1,6232.14,2536.95,8592.38,31416.28,0
12,CASH_OUT,4740.17,30242.1,20123.32,8298.12,8939.44,0
12,DEBIT,8968.95,38054.81,33703.23,18111.09,25292.58,0
12,TRANSFER,2690.35,15207.07,10625.19,5003.86,7200.99,0
12,CASH_OUT,1319.08,8533.53,5741.12,30720.47,31035.94,0
12,PAYMENT,1917.61,9775.76,5388.18,32448.69,34199.46,0
12,TRANSFER,455.25,25669.43,21100.1,1980.9,2153.58,0
12,CASH_OUT,4130.89,1829.63,1363.41,14119.54,16496.95,0
12,TRANSFER,843.69,4085.4,2606.54,3856.55,4150.03,0
12,PAYMENT,2394.1,8177.47,7043.6,14766.37,15785.04,0
12,PAYMENT,12249.09,2190.86,1500.39,30340.86,40511.19,0
12,CASH_IN,1345.48,100689.48,90647.9,5529.18,6138.89,0
12,CASH_OUT,23682.74,3647.58,2173.46,12796.57,16976.77,0
12,PAYMENT,1545.56,2086.98,1474.76,43068.67,43921.17,0
12,CASH_IN,7073.59,1841.04,1292.04,7697.67,11297.98,0
12,CASH_IN,804.39,2167.85,1624.43,107946.39,108148.16,0
12,DEBIT,4276.04,1392.82,839.36,16265.99,19867.24,0
12,PAYMENT,2090.6,18396.7,14779.63,69782.68,71507.18,0
12,PAYMENT,4345.06,31420.68,24565.69,6209.67,9512.15,0
12,CASH_OUT,939.8,5354.5,4028.24,15168.61,15911.41,0
12,CASH_IN,9279.36,11547.26,7677.67,4784.29,9843.91,0
12,PAYMENT,3215.38,10861.12,6799.88,93239.6,94029.27,0
12,CASH_IN,19095.86,11344.57,8843.24,8893.86,20963.9,0
12,PAYMENT,1005.76,2130.53,1003.46,12239.39,13239.98,0
12,TRANSFER,893.07,73437.24,54576.21,5156.18,5694.95,0
12,PAYMENT,1876.23,14188.01,13746.39,35372.73,37160.74,0
12,TRANSFER,2832.59,52829.16,38422.13,22184.7,22909.43,0
12,CASH_IN,917.4,11093.62,7679.6,14038.71,14726.98,0
12,PAYMENT,2393.11,2493.74,1458.88,12403.47,14620.42,0
12,PAYMENT,9133.97,12719.08,10994.86,6466.35,11373.52,0
12,CASH_OUT,431.63,14344.53,12503.49,2209.78,2297.38,0
12,TRANSFER,6544.68,12322.84,7126.88,5557.4,9772.34,0
12,PAYMENT,784.7,72588.1,42945.78,30274.87,30877.59,0
12,TRANSFER,2953.07,3759.16,3324.22,9264.65,11177.02,0
12,CASH_OUT,593.83,8289.69,4933.17,2856.91,3406.75,0
12,CASH_OUT,531.53,2377.32,1547.98,44909.93,45052.41,0
12,TRANSFER,5623.83,29002.5,21855.4,6722.75,8715.64,0
12,TRANSFER,9947.78,2643.45,2586.49,2924.97,12566.96,0
12,PAYMENT,3722.99,5505.18,4997.37,4557.77,5948.34,0
12,PAYMENT,3176.92,12603.56,9603.99,1578.32,2833.5,0
12,PAYMENT,8226.34,16550.36,6482.29,8574.19,14078.55,0
12,PAYMENT,2508.78,9584.72,8810.12,14084.87,14977.57,0
12,TRANSFER,233002.27,19427.01,18416.05,15260.83,96531.44,0
12,CASH_OUT,15398.91,43254.43,31172.99,5428.48,12012.15,0
12,CASH_OUT,2314.25,17554.67,9720.18,35967.36,36872.7,0
12,CASH_IN,8490.12,12432.19,10597.56,26686.82,31298.02,0
12,PAYMENT,17026.21,6405.08,3856.65,16359.08,32144.57,0
12,PAYMENT,1663.46,2230.69,2137.53,10143.41,11401.46,0
12,PAYMENT,10132.23,538.53,400.57,23094.15,26926.51,0
12,CASH_OUT,7055.64,4232.81,3651.55,12096.38,18551.77,0
12,CASH_OUT,5479.53,3220.38,2912.7,71970.9,77163.66,0
12,CASH_IN,5923.66,1695.87,1102.41,24562.57,26195.26,0
12,CASH_OUT,3207.27,13014.82,9426.36,7053.02,8794.99,0
12,PAYMENT,3541.99,5334.53,4425.98,11499.14,13410.27,0
12,CASH_OUT,5305.37,4336.46,4171.46,42635.45,43342.01,0
12,PAYMENT,2202.11,8370.58,4217.84,2023.09,2308.29,0
12,CASH_OUT,6808.56,10707.5,5679.35,3388.3,6061.91,0
12,TRANSFER,555.61,16246.93,8857.22,13645.6,13740.12,0
12,PAYMENT,3027.01,1347.67,1054.88,53780.56,56219.23,0
12,PAYMENT,3688.77,1306.0,1018.95,4803.6,5628.88,0
12,CASH_OUT,7141.51,15729.61,13595.04,7388.86,13418.3,0
12,DEBIT,15550.34,20593.15,7726.59,793.29,7552.05,0
12,PAYMENT,2911.96,2089.87,1731.34,17069.89,18231.1,0
12,CASH_OUT,4631.12,2998.57,1545.54,10585.72,13443.15,0
12,PAYMENT,3012.33,49243.08,35833.9,2529.25,4267.56,0
12,TRANSFER,6366.04,20727.34,17610.86,5105.36,6562.48,0
12,TRANSFER,3841.84,3552.52,2131.52,11756.95,15144.4,0
12,CASH_IN,20838.49,4657.32,3426.61,6622.53,13792.31,0
12,CASH_OUT,4449.27,50490.03,30016.73,2836.42,6549.5,0
12,CASH_OUT,4042.59,23856.72,18377.64,16368.23,18703.56,0
12,TRANSFER,1897.33,8048.71,7206.47,2640.89,4136.03,0
12,CASH_OUT,12732.45,10722.66,9201.56,80213.04,88506.39,1
12,PAYMENT,1097.16,8254.8,5338.73,5664.66,6553.8,0
12,TRANSFER,8603.0,515.63,473.02,18767.65,26454.08,0
12,TRANSFER,7010.95,10924.74,7225.53,13763.19,17158.19,0
12,CASH_IN,1615.05,2343.11,1992.33,14287.47,15007.32,0
12,CASH_OUT,4547.39,7478.69,4015.02,25516.57,28412.12,0
12,CASH_IN,4668.42,14074.44,13469.44,11369.73,15683.89,0
12,PAYMENT,21540.64,3997.17,3379.97,19690.03,29186.14,0
13,PAYMENT,5284.52,12583.43,12048.67,13557.79,15262.48,0
13,TRANSFER,3468.61,6232.72,4062.52,30312.84,31993.89,0
13,CASH_IN,2864.37,7869.19,7510.62,9920.83,11410.71,0
13,CASH_OUT,2110.73,6777.48,6260.08,5336.3,6550.62,0
13,PAYMENT,1993.67,3225.0,3147.97,11304.02,12400.53,0
13,TRANSFER,2419.37,39913.54,32546.05,10535.99,12539.91,0
13,PAYMENT,3099.4,11465.86,7520.97,17372.41,18194.59,0
13,CASH_OUT,4830.63,11434.62,6035.5,7889.49,10024.65,0
13,CASH_OUT,16515.39,3761.81,3256.14,1351.22,10022.02,0
13,CASH_OUT,3548.92,6974.17,2728.75,15162.43,17487.71,0
13,DEBIT,9439.08,8241.56,7031.5,1221.33,6947.88,0
13,TRANSFER,639.45,3453.75,1951.59,9662.78,9906.19,0
13,CASH_OUT,1066.71,3377.86,1072.58,2323.54,3249.12,0
13,PAYMENT,3081.35,7842.09,6152.75,38234.02,39572.42,0
13,PAYMENT,2271.81,48103.31,39853.34,11712.98,12516.24,0
13,CASH_OUT,478.94,2360.77,1995.52,6078.69,6446.89,0
13,CASH_OUT,11463.23,41974.78,29081.16,9591.9,18106.73,0
13,CASH_OUT,1450.18,13858.72,11549.86,13563.36,14177.1,0
13,CASH_IN,7490.03,47054.53,27450.23,3068.6,8802.75,0
13,CASH_OUT,1640.64,6139.16,4362.09,25131.55,25698.0,0
13,TRANSFER,3225.24,903.37,655.45,23223.61,26401.09,0
13,PAYMENT,849.87,2497.15,1595.71,3250.74,4025.13,0
13,TRANSFER,1906.42,36018.16,25257.97,25787.82,27058.43,0
13,CASH_OUT,929.03,3257.82,2871.3,10990.27,11751.01,0
13,TRANSFER,1454.72,875.84,672.13,25200.96,26005.34,0
13,PAYMENT,4312.12,9616.4,6141.47,12412.06,14348.9,0
13,CASH_IN,605.28,2723.54,1723.86,6662.44,6821.14,0
13,PAYMENT,1299.47,4319.15,3446.51,80220.45,80752.46,0
13,CASH_OUT,908.21,8789.79,6184.01,3088.89,3469.9,0
13,TRANSFER,1162.74,1974.48,1700.95,2984.24,3811.08,0
13,PAYMENT,9688.82,1608.86,1315.1,10282.56,12967.92,0
13,TRANSFER,7055.76,3349.03,3025.38,3279.02,9504.97,0
13,CASH_IN,12702.69,1821.87,1232.68,11271.43,23273.25,0
13,PAYMENT,625.04,65909.79,10992.86,22399.46,22999.49,0
13,CASH_OUT,1901.46,9499.19,6038.23,6335.13,7331.93,0
13,TRANSFER,337.94,570.72,344.67,19776.35,20007.44,0
13,CASH_IN,926.94,4242.98,3487.25,4468.26,5304.6,0
13,CASH_OUT,7021.66,9058.9,5134.43,12916.13,14470.14,0
13,CASH_OUT,1284.42,13472.07,10220.44,31784.84,32642.63,0
13,CASH_IN,72954.55,5067.63,4047.99,38834.38,64300.51,0
13,PAYMENT,2595.85,1032.67,784.57,17420.82,18285.49,0
13,TRANSFER,522.88,10950.92,10481.14,20015.77,20197.71,0
13,TRANSFER,1339.56,2702.23,2391.86,111669.43,112459.15,0
13,CASH_OUT,8473.66,10942.09,4720.87,38240.62,40802.43,0
13,CASH_OUT,6428.89,9046.2,6454.82,5980.56,12009.82,0
13,DEBIT,1246.67,8851.26,6252.58,6499.08,7201.11,0
13,CASH_OUT,21526.01,1907.82,623.21,16604.56,37155.45,0
13,CASH_IN,2971.88,30560.5,19887.31,37655.23,38365.22,0
13,CASH_IN,3525.23,5547.36,5073.38,8776.16,12011.7,0
13,TRANSFER,8295.13,11864.62,7050.76,11504.91,18527.05,0
13,CASH_OUT,6577.89,11753.25,10384.31,9501.9,12903.32,0
13,TRANSFER,11739.05,18534.72,17048.68,8923.96,10409.6,0
13,CASH_OUT,15012.55,14816.58,12455.07,5265.46,16705.98,0
13,TRANSFER,758.59,1277.51,636.92,2185.39,2836.85,0
13,PAYMENT,700.82,6587.4,3888.21,25604.75,25751.73,0
13,TRANSFER,3272.0,11398.24,10274.09,15899.61,18722.76,0
13,TRANSFER,2527.18,4142.32,3341.35,12117.82,13036.85,0
13,CASH_OUT,850.55,2461.98,982.63,20114.15,20455.98,0
13,CASH_OUT,1268.31,8383.53,2371.9,11122.83,11352.41,0
13,DEBIT,11557.13,7676.12,5196.43,14780.54,20934.56,0
13,CASH_IN,8633.88,5466.36,5168.72,2423.78,3455.5,0
13,PAYMENT,8214.11,15752.25,9606.08,13917.09,20390.99,0
13,CASH_OUT,1118.68,1234.48,1097.28,4690.02,5668.53,0
13,CASH_IN,4284.58,116146.85,58381.96,5446.32,5895.19,0
13,TRANSFER,4730.23,500.42,319.3,9053.32,12917.45,0
13,CASH_OUT,2703.66,28405.59,24223.19,1742.07,2068.05,0
13,CASH_IN,3066.33,8717.47,7028.4,11763.33,12901.63,0
13,CASH_OUT,794.74,2223.21,1514.1,5452.37,5992.55,0
13,PAYMENT,9329.77,7323.4,5676.25,27178.77,29983.32,0
13,TRANSFER,1376.46,2806.8,2769.37,4326.28,5015.31,0
13,PAYMENT,13188.33,1369.73,1115.63,17022.77,20337.04,0
13,TRANSFER,6045.05,9194.32,8433.74,93932.84,96934.81,0
13,CASH_IN,2400.2,6512.56,5962.0,14314.53,15403.11,0
13,TRANSFER,9969.66,12538.25,10363.21,7316.61,14118.21,0
13,CASH_IN,748.67,5757.75,5144.89,5618.7,6010.0,0
13,CASH_OUT,676.79,4272.21,2775.89,18470.33,18985.53,0
13,CASH_OUT,3096.45,124305.47,81658.3,10230.77,11138.33,0
13,CASH_IN,2220.3,24923.82,24268.11,11867.42,12589.82,0
13,DEBIT,5793.47,4959.26,3124.07,64484.54,68819.21,0
13,PAYMENT,18359.28,7877.66,7548.77,8169.5,15653.15,0
13,CASH_OUT,2854.33,24776.86,23394.8,2950.06,4531.74,0
13,DEBIT,1625.3,29519.2,22288.26,10094.53,10349.9,0
13,PAYMENT,33781.54,9966.24,3522.09,4078.16,14707.44,0
13,TRANSFER,329.9,8958.16,8662.37,15803.84,15975.81,0
13,DEBIT,1147.06,17274.22,13101.05,19472.6,19937.48,0
13,CASH_IN,2022.2,8193.92,5552.86,1002.07,2816.06,0
13,TRANSFER,5687.45,6091.48,5729.5,4521.82,5251.47,0
13,CASH_IN,3482.04,15431.78,9868.26,39821.85,42388.68,0
13,PAYMENT,2203.06,38087.87,35845.23,4973.42,5288.52,0
13,PAYMENT,1023.46,18309.4,16857.52,21935.33,22176.28,0
13,CASH_IN,503.83,1092.88,712.95,16352.06,16707.68,0
13,CASH_OUT,776.85,12057.5,10007.32,7064.14,7674.43,0
13,CASH_IN,9305.53,13436.0,7812.53,3961.76,7899.88,0
13,TRANSFER,1979.79,1303.56,972.02,7388.33,8594.25,0
13,CASH_OUT,479.35,3114.23,2145.47,22985.4,23360.4,0
13,CASH_IN,10883.86,34803.83,20359.23,13824.79,20885.24,0
13,CASH_IN,3778.36,35879.83,34194.07,2055.78,3470.32,0
13,CASH_IN,3695.16,10190.03,9802.99,20861.88,21687.66,0
13,CASH_OUT,636.28,34033.0,25980.91,11178.37,11486.94,0
13,TRANSFER,3525.96,3790.45,2801.98,19985.16,21795.47,0
13,CASH_OUT,11638.25,1635.52,1615.08,12528.86,22282.82,1
13,CASH_IN,2551.36,8049.86,4415.42,6213.39,6801.17,0
13,PAYMENT,9330.37,3411.44,2695.7,3730.1,7900.29,0
13,PAYMENT,331.74,3094.13,1879.73,21447.44,21679.57,0
13,TRANSFER,742.13,30171.94,24878.86,20250.23,20871.53,0
13,CASH_OUT,678.0,2718.63,421.61,4056.46,4273.84,0
13,CASH_OUT,3864.81,26880.9,24664.69,14460.94,17734.09,0
13,CASH_OUT,393.73,3235.11,3007.0,21697.36,21860.63,0
13,CASH_OUT,3125.82,2525.14,2147.33,29079.84,30402.12,0
13,CASH_OUT,3900.45,6091.69,5975.45,1577.9,2212.93,0
13,PAYMENT,1019.3,31069.61,26871.37,34840.08,35204.53,0
13,CASH_IN,2480.56,34661.37,26926.02,6217.38,8294.66,0
13,PAYMENT,3508.37,27222.93,22917.47,1369.56,3747.62,0
13,CASH_OUT,783.66,3183.48,2381.05,125386.51,125949.38,0
13,PAYMENT,7256.68,6554.35,5987.51,15708.25,18846.08,0
13,CASH_IN,3543.79,15073.17,12286.51,4207.05,6279.87,0
13,PAYMENT,5439.29,5286.46,4331.9,10840.13,11702.23,0
13,PAYMENT,19690.72,156149.11,147342.73,13922.72,16692.88,0
13,PAYMENT,799.11,2760.99,2447.03,2838.93,3142.48,0
13,PAYMENT,21563.02,16836.55,13584.81,7235.91,27672.29,0
13,CASH_OUT,6061.93,14286.72,9674.05,4486.65,9851.77,0
13,CASH_OUT,10228.26,13548.13,11600.08,11891.29,14788.39,0
13,PAYMENT,925.82,6653.02,4127.8,2810.4,2928.5,0
13,CASH_OUT,2810.75,6084.82,5639.97,41649.04,42516.52,0
13,CASH_OUT,7109.42,30170.23,22798.58,18642.81,19916.64,0
13,PAYMENT,813.05,9492.16,4426.66,12120.14,12644.85,0
13,PAYMENT,4943.15,19981.24,15649.0,21804.14,24245.87,0
13,PAYMENT,1482.72,19180.79,12895.25,10489.87,11643.93,0
13,TRANSFER,4199.02,6474.17,5858.69,685.12,3535.24,0
13,CASH_OUT,892.57,15712.94,13710.04,63207.85,63471.67,0
13,CASH_OUT,3491.2,3251.71,2060.47,19898.44,20893.25,0
13,DEBIT,1570.45,23884.75,21980.96,24490.53,24941.17,0
13,PAYMENT,450.36,7201.7,6166.45,20276.38,20715.01,0
13,CASH_OUT,4589.72,4799.05,3166.06,11184.71,13478.06,0
13,CASH_IN,2896.54,4593.48,3396.39,18091.6,18959.87,0
13,PAYMENT,7484.14,46056.98,25534.51,52720.38,59347.28,0
13,CASH_IN,3857.66,4617.35,2419.42,7694.7,9190.79,0
13,PAYMENT,4574.16,12540.61,8142.84,7869.76,12364.54,0
13,CASH_IN,906.57,1572.91,1480.51,3819.36,4334.42,0
13,CASH_OUT,5958.52,4336.64,2613.48,20128.62,24358.32,0
13,CASH_OUT,8646.26,3623.51,2784.24,4978.6,10760.18,0
13,CASH_OUT,4043.82,15234.59,14650.95,73471.65,75341.79,0
13,PAYMENT,702.94,15690.2,13580.98,21775.69,22170.42,0
13,CASH_IN,2724.67,23765.03,19309.03,6888.41,9114.89,0
13,TRANSFER,248.86,5249.26,4732.52,11808.19,11852.32,0
13,CASH_IN,12566.59,186038.26,135474.11,126917.45,138460.85,0
13,TRANSFER,1395.31,2453.88,1968.87,701.12,1178.82,0
13,CASH_IN,4277.41,3835.1,3660.0,33067.69,36069.76,0
13,CASH_IN,1298.13,7239.08,6275.81,5318.93,5960.09,0
13,PAYMENT,4726.44,8118.45,6860.53,59866.8,61177.4,0
13,DEBIT,1182.99,4322.45,3166.34,11218.7,12164.52,0
13,TRANSFER,1017.93,22252.25,13121.73,3700.69,4044.73,0
13,DEBIT,1444.35,7895.63,6040.42,34276.89,35383.11,0
13,CASH_OUT,3970.4,9482.22,8883.0,11847.26,14116.36,0
13,CASH_OUT,5169.03,10261.83,7732.52,35926.46,39620.87,0
13,CASH_IN,1881.78,5818.51,5075.1,12219.87,12965.81,0
13,TRANSFER,3759.92,5041.14,4467.76,13450.68,13839.58,0
13,PAYMENT,3678.14,7813.82,4136.6,40198.23,43430.68,0
13,CASH_OUT,3447.33,29946.76,18898.59,39583.09,41309.69,0
13,TRANSFER,11365.9,7126.82,5304.82,12024.36,22671.8,0
13,CASH_OUT,1859.1,1904.13,1535.07,9689.28,10805.05,0
13,PAYMENT,3587.11,37501.87,28566.96,6223.53,7770.95,0
13,CASH_OUT,3335.78,2685.81,2016.38,12569.8,14608.53,0
13,PAYMENT,2110.26,45420.79,34667.14,8683.37,9513.79,0
13,PAYMENT,2024.36,4878.43,4059.05,25464.31,26744.89,0
13,CASH_IN,6790.56,12066.5,7586.52,6400.27,10108.2,0
13,TRANSFER,17056.29,21723.23,18731.93,12126.16,20948.42,1
13,TRANSFER,743.16,26263.71,20697.54,6860.7,7509.33,0
13,CASH_IN,1872.27,2870.08,2751.74,35344.14,35801.84,0
13,TRANSFER,202.56,1581.47,1176.59,35855.36,35927.21,0
13,TRANSFER,19622.84,25686.91,19151.47,3713.84,10638.32,1
13,PAYMENT,4400.39,6956.13,4797.19,14920.42,17180.19,0
13,PAYMENT,1863.72,16314.94,14218.7,5933.91,6789.96,0
13,TRANSFER,5438.39,22958.64,16337.53,10705.3,15811.71,0
13,CASH_OUT,7008.21,19379.59,13694.23,86189.12,87599.08,0
13,CASH_OUT,5928.46,29172.95,13129.12,774.29,4927.04,0
13,CASH_OUT,9269.08,21364.5,14994.75,2786.64,11634.48,0
13,CASH_OUT,1033.88,6017.52,3480.23,18372.79,18669.33,0
13,CASH_OUT,9671.44,19558.76,13579.99,6891.77,13318.78,0
13,CASH_OUT,11527.87,4223.71,3092.71,5678.05,13665.09,1
13,TRANSFER,2994.0,6112.97,4413.98,17393.64,18593.8,0
13,PAYMENT,11296.8,15302.48,13918.68,31684.72,36954.59,0
13,CASH_IN,4915.99,10793.08,8595.81,7432.87,8351.52,0
13,PAYMENT,911.56,6284.13,5292.21,25924.63,26657.45,0
13,PAYMENT,1610.72,14259.42,11357.8,9816.73,11346.28,0
13,CASH_OUT,12924.25,2141.88,2084.75,20721.2,29343.43,1
13,PAYMENT,5087.26,19727.59,17766.91,34191.16,38522.49,0
13,PAYMENT,7374.25,4449.18,4084.94,23782.84,30482.21,0
13,CASH_OUT,721.93,5467.87,5135.27,43360.78,43849.71,0
13,PAYMENT,2586.26,32933.8,24262.8,17441.98,18257.79,0
13,TRANSFER,1507.21,27447.75,22463.59,11974.86,12154.24,0
13,TRANSFER,15249.44,17866.6,15438.51,3436.11,7022.3,0
13,CASH_OUT,1625.62,18989.83,11973.44,9713.97,10407.77,0
13,CASH_OUT,117.09,8168.75,7456.34,5151.04,5226.27,0
13,CASH_OUT,14691.7,3937.38,3584.18,15218.84,24558.0,1
13,TRANSFER,4756.45,4740.24,2158.47,69386.82,73826.85,0
13,DEBIT,535.42,69707.55,58518.43,5468.44,5981.01,0
13,PAYMENT,3731.65,12680.53,9966.64,47860.35,50255.73,0
13,CASH_OUT,3266.13,9966.0,7476.84,35823.0,38832.03,0
13,TRANSFER,1248.13,7199.35,6938.71,23310.05,24153.68,0
13,CASH_IN,2988.68,963.1,917.99,28896.04,31328.52,0
13,PAYMENT,5033.9,27958.51,23122.12,8346.36,12957.03,0
13,CASH_OUT,2716.63,12708.43,9739.42,4439.56,6657.99,0
13,TRANSFER,22708.74,8016.11,2755.25,39797.15,54318.63,0
14,TRANSFER,624.3,4354.59,3260.69,22572.27,22838.88,0
14,TRANSFER,2975.5,5813.07,4411.1,11097.47,13403.66,0
14,CASH_OUT,1423.92,21532.43,18337.58,1772.25,2991.17,0
14,TRANSFER,657.59,29117.67,24789.31,12839.37,13269.55,0
14,CASH_OUT,6897.25,18044.38,14814.08,16826.37,22720.93,0
14,PAYMENT,3982.96,10012.71,4547.59,23316.9,23723.62,0
14,CASH_IN,1996.42,8379.04,6803.44,10349.6,10726.06,0
14,TRANSFER,616.88,7729.03,6558.22,4823.36,5018.58,0
14,PAYMENT,4307.52,7594.53,5775.0,25280.63,28084.43,0
14,CASH_OUT,849.01,29388.88,24946.92,5601.94,6214.59,0
14,CASH_IN,2150.15,2511.36,2030.41,34203.38,35886.24,0
14,CASH_OUT,4840.85,9017.45,5756.85,12842.0,17464.94,0
14,PAYMENT,4302.72,14136.63,7997.05,2542.32,5577.58,0
14,PAYMENT,5104.19,14075.58,13177.01,5932.23,7521.11,0
14,TRANSFER,763.98,12189.19,8740.21,8232.92,8347.03,0
14,TRANSFER,1607.36,9293.61,5212.33,4560.58,5543.33,0
14,CASH_IN,476.0,12609.36,6044.1,52939.58,53189.82,0
14,TRANSFER,3113.64,6057.97,5038.29,57504.54,59344.17,0
14,CASH_OUT,3010.33,4561.62,2879.95,7938.4,8599.83,0
14,CASH_OUT,2331.72,3291.23,3181.35,33378.8,34689.58,0
14,CASH_IN,19228.49,8124.56,7632.34,96462.38,107875.28,0
14,TRANSFER,3921.88,16984.55,15910.14,14908.55,15356.0,0
14,TRANSFER,814.91,60660.87,46611.16,28934.03,29528.83,0
14,CASH_OUT,3376.86,2212.48,2077.69,12922.27,13763.09,0
14,CASH_IN,4606.74,10634.89,10043.59,3052.81,4059.96,0
14,TRANSFER,551.53,5617.34,2544.89,5129.63,5644.46,0
14,PAYMENT,4085.66,19002.42,10113.55,7503.08,8481.78,0
14,PAYMENT,2967.89,2145.24,1998.87,16930.63,18024.35,0
14,PAYMENT,34236.38,8024.71,5960.94,11817.03,25562.48,0
14,CASH_OUT,3401.38,81212.61,77433.16,5854.57,7796.81,0
14,PAYMENT,3949.38,4107.02,2271.84,70460.28,73872.38,0
14,TRANSFER,1366.79,1302.4,897.22,889.82,1063.39,0
14,PAYMENT,9782.32,13381.69,11873.85,7020.82,9261.28,0
14,PAYMENT,2091.94,11291.39,5350.39,3623.06,5324.1,0
14,TRANSFER,2860.29,21859.75,15381.64,29461.55,32050.72,0
14,PAYMENT,18230.13,6221.93,5369.95,47317.42,49390.43,0
14,PAYMENT,4082.39,4647.64,4065.68,9690.08,12793.16,0
14,PAYMENT,395.04,4928.32,4445.7,6343.21,6619.58,0
14,PAYMENT,5395.84,7326.13,6412.23,8586.14,13128.1,0
14,CASH_OUT,6764.42,10281.51,4974.71,5179.98,7197.77,0
14,CASH_OUT,19575.06,34416.08,17135.95,10826.04,30394.94,0
14,CASH_OUT,4952.15,24743.36,21122.59,5263.04,8793.97,0
14,PAYMENT,3813.57,10138.76,5634.72,30032.07,30637.25,0
14,CASH_OUT,415.78,42156.44,29847.2,19693.44,19845.09,0
14,CASH_OUT,6259.23,28770.15,15732.03,44934.65,48316.62,0
14,DEBIT,10108.89,14267.99,9486.53,10346.37,15958.06,0
14,PAYMENT,2811.12,3365.55,3136.83,5278.15,7134.76,0
14,CASH_IN,1050.8,73036.21,39516.5,32424.62,33445.93,0
14,TRANSFER,6351.63,23651.08,13155.72,6340.74,9039.23,0
14,CASH_OUT,145.22,7871.28,4747.37,5349.19,5481.72,0
14,CASH_OUT,2689.96,20734.87,13250.51,20692.09,22395.47,0
14,CASH_OUT,1441.61,7880.57,5838.91,9047.84,9840.05,0
14,TRANSFER,2793.94,12967.6,10562.34,15028.38,16316.99,0
14,PAYMENT,318.41,2311.21,1179.11,32230.32,32296.36,0
14,CASH_IN,5118.88,6541.34,5758.44,4159.32,6590.59,0
14,PAYMENT,22920.2,1721.2,1580.86,9021.09,17875.89,0
14,CASH_OUT,12072.49,3329.59,2766.57,25790.89,27906.53,1
14,TRANSFER,3156.56,16652.43,10041.96,6516.22,7396.79,0
14,CASH_OUT,3108.04,1653.2,1362.47,5870.97,6331.31,0
14,CASH_IN,4853.53,12867.53,7884.47,5855.73,6602.73,0
14,CASH_OUT,5813.61,44009.1,33793.14,6045.14,10402.7,0
14,PAYMENT,6688.67,4290.44,2778.41,8389.84,11350.69,0
14,PAYMENT,2243.41,29300.15,20158.88,11630.79,12468.57,0
14,CASH_OUT,2307.64,11003.11,2841.66,2482.86,2803.92,0
14,CASH_OUT,2862.09,8384.69,7203.75,30540.58,30900.34,0
14,CASH_IN,20627.13,4600.11,2624.77,1682.14,16137.14,0
14,TRANSFER,4812.65,18015.7,15315.34,16845.63,20869.46,0
14,DEBIT,625.29,212347.51,146507.78,14488.14,14774.98,0
14,PAYMENT,861.89,2739.21,2229.11,19940.19,20354.92,0
14,PAYMENT,2800.59,27474.36,18750.26,24209.94,26083.03,0
14,CASH_OUT,5088.45,7843.09,5701.7,2346.89,6385.46,0
14,TRANSFER,8934.52,17928.74,12219.89,6278.99,15155.94,0
14,TRANSFER,2309.31,5636.5,5329.9,11072.43,12130.88,0
14,CASH_OUT,4217.11,11042.07,7654.54,5611.5,9438.32,0
14,CASH_OUT,2200.81,20390.24,15036.14,12440.59,13932.2,0
14,TRANSFER,11492.9,4657.26,4052.45,3061.96,13858.69,0
14,CASH_OUT,9313.63,11875.93,10087.31,8021.26,11154.39,0
14,CASH_OUT,1873.2,33666.63,15555.87,4957.68,5596.94,0
14,TRANSFER,1696.05,4559.43,1982.61,4022.43,4437.16,0
14,TRANSFER,791.23,6061.6,3789.44,7204.85,7514.14,0
14,PAYMENT,1068.7,10575.53,8612.94,54151.99,54450.18,0
14,PAYMENT,2742.24,2136.47,1305.9,18316.71,20357.48,0
14,PAYMENT,691.11,8785.38,7609.87,17287.44,17464.27,0
14,CASH_IN,336.93,29874.27,17228.32,7798.81,8097.54,0
14,CASH_OUT,1748.7,39174.87,25969.83,4715.8,6405.6,0
14,CASH_OUT,3703.47,12662.23,12454.61,18710.18,21781.24,0
14,CASH_OUT,11844.05,7845.1,6092.23,7504.91,14446.29,0
14,TRANSFER,8704.09,7481.77,4455.64,114660.04,122473.08,0
14,DEBIT,2417.76,7054.75,5750.27,31366.29,32512.64,0
14,TRANSFER,958.22,38932.8,35056.83,15345.06,16236.54,0
14,PAYMENT,29024.34,35367.24,28156.26,102545.75,120321.75,0
14,TRANSFER,1444.08,4704.91,4136.86,11045.74,11287.83,0
14,CASH_IN,10222.74,2311.25,2137.76,10303.26,15184.49,0
14,CASH_OUT,7709.49,1836.57,1523.87,7777.66,12449.76,0
14,CASH_OUT,5249.95,24855.11,19245.12,29649.97,31175.43,0
14,TRANSFER,4391.26,34105.51,13139.31,25140.1,28153.67,0
14,PAYMENT,2691.22,17414.68,14384.09,6249.81,8762.0,0
14,CASH_IN,1357.67,1469.12,1049.79,22283.33,23152.68,0
14,CASH_OUT,432.74,11946.32,5187.05,8547.72,8918.32,0
14,CASH_OUT,11439.32,5585.5,2913.25,12484.69,16239.35,1
14,CASH_OUT,11519.95,2303.42,2217.4,10684.62,16871.38,0
14,TRANSFER,635.31,5524.43,3973.75,2431.27,2777.87,0
14,TRANSFER,5081.5,56461.35,48968.26,13887.01,15017.75,0
14,PAYMENT,30942.39,7601.99,5159.18,15957.71,37424.98,0
14,CASH_OUT,4614.5,20259.23,15992.99,6421.3,8053.29,0
14,CASH_OUT,1032.24,1113.13,1067.62,6267.72,6587.43,0
14,CASH_OUT,1194.68,2470.63,1986.49,7374.25,8516.83,0
14,CASH_IN,1223.25,9163.43,8474.69,7365.92,7937.59,0
14,CASH_OUT,3849.8,7714.12,4266.28,8001.56,8849.0,0
14,PAYMENT,1158.33,21838.57,12288.53,10747.31,11904.52,0
14,TRANSFER,1832.18,12234.71,9834.25,16962.51,17391.75,0
14,CASH_OUT,4306.4,3729.9,2518.03,2092.88,6203.69,0
14,TRANSFER,1010.98,2068.14,1311.31,11839.27,12127.67,0
14,CASH_OUT,1058.62,5156.93,3844.72,9794.14,10731.73,0
14,TRANSFER,6777.07,4355.94,4270.07,42590.26,46679.03,0
14,PAYMENT,1608.69,43286.31,37168.94,20918.12,21527.86,0
14,DEBIT,4320.1,4877.27,4458.73,6839.35,7926.46,0
14,CASH_OUT,2692.21,23840.26,18348.01,7851.52,8220.74,0
14,CASH_OUT,12211.61,7958.88,5753.76,2985.81,5048.5,0
14,PAYMENT,20753.11,5524.66,3429.26,2358.02,14781.76,0
14,CASH_IN,1469.09,11486.13,8766.16,15603.48,16078.71,0
14,PAYMENT,1292.99,25849.69,20872.09,33397.79,34397.81,0
14,CASH_OUT,1953.19,6141.5,5729.35,151845.24,152467.85,0
14,CASH_IN,1997.48,96888.7,90093.97,3213.21,3693.4,0
14,TRANSFER,12929.81,5065.82,4768.06,16990.87,26672.79,0
14,CASH_OUT,1641.97,2525.69,887.75,15397.77,15684.93,0
14,PAYMENT,1151.3,14935.96,12435.06,10125.31,10984.79,0
14,CASH_OUT,16696.46,852.16,790.58,13855.64,15532.33,1
14,CASH_OUT,4545.71,5530.0,4746.68,7889.26,10199.66,0
14,CASH_OUT,1500.6,8369.26,4842.76,7138.76,7896.45,0
14,CASH_OUT,8063.45,12816.92,8831.74,14999.33,21298.12,0
14,PAYMENT,2781.31,6631.22,5483.1,7920.29,9813.33,0
14,CASH_IN,1493.59,14228.54,12102.46,3063.94,4421.69,0
14,PAYMENT,8855.47,14138.61,9254.34,3622.68,8029.56,0
14,CASH_OUT,8556.35,1913.22,1594.59,9651.6,14194.7,0
14,CASH_OUT,16781.1,5482.63,4579.54,13752.04,29672.34,0
14,TRANSFER,8387.66,2963.11,2503.54,21677.35,24537.83,0
14,PAYMENT,4016.22,3207.38,3075.37,36830.77,38764.17,0
14,CASH_OUT,1125.95,1977.46,1721.5,13954.26,14967.47,0
14,PAYMENT,567.95,10887.53,8567.21,14011.52,14101.52,0
14,PAYMENT,2392.36,7662.77,4261.22,6537.42,7606.42,0
14,CASH_IN,1768.3,695.43,472.07,12618.16,13238.76,0
14,CASH_OUT,1627.51,42469.38,29280.57,8797.68,9301.17,0
14,PAYMENT,2348.97,3595.03,3451.46,10108.59,10382.05,0
14,CASH_IN,8815.23,30603.44,25513.53,12694.29,17456.35,0
14,TRANSFER,3705.11,37854.12,25523.68,15903.61,18474.53,0
14,PAYMENT,978.75,17380.1,14216.27,3085.09,3390.53,0
14,CASH_IN,5298.86,12151.55,6603.11,3842.49,8051.34,0
14,CASH_IN,780.57,10437.5,7124.04,12413.57,12866.92,0
14,PAYMENT,1643.44,5033.27,3508.97,4446.76,5864.97,0
14,CASH_IN,3003.62,4365.4,3906.29,75096.63,75540.2,0
14,PAYMENT,894.95,13149.27,6785.44,15008.93,15206.78,0
14,PAYMENT,2138.17,2857.92,2389.76,23880.39,24104.58,0
14,PAYMENT,3147.66,18798.5,11163.49,11582.22,12219.57,0
14,CASH_OUT,7406.99,2302.52,1762.45,19817.06,21974.65,0
14,TRANSFER,7542.12,2621.12,2461.45,12035.4,17492.04,0
14,CASH_OUT,5485.67,17125.53,15130.45,52328.63,55297.32,0
14,PAYMENT,1002.68,9788.55,6404.43,24310.39,25070.73,0
14,PAYMENT,19947.24,5741.58,4808.04,9347.49,15489.77,0
14,TRANSFER,1605.07,4910.15,3295.05,28840.67,30136.48,0
14,CASH_IN,4099.96,606.37,382.13,12609.12,13045.84,0
14,TRANSFER,11875.85,1972.85,1282.11,22372.55,27983.66,0
14,TRANSFER,3507.99,25245.52,21414.23,14641.49,16531.24,0
14,CASH_IN,4274.2,12427.64,8706.62,10587.55,12793.13,0
14,CASH_IN,4840.98,46877.58,28115.62,6650.17,8168.75,0
14,TRANSFER,10107.16,90298.74,84347.45,143027.68,151063.15,0
14,CASH_IN,7217.2,16293.15,13175.49,5218.8,11929.37,0
14,TRANSFER,208.44,1728.72,1427.03,15318.94,15387.04,0
14,PAYMENT,1674.61,40631.35,38126.91,10089.45,10977.65,0
14,PAYMENT,4012.84,1670.39,1107.36,5319.45,6324.55,0
14,CASH_IN,1011.66,27387.98,21460.81,8809.87,9648.1,0
14,TRANSFER,4593.85,1808.4,1669.32,36099.36,37731.11,0
14,DEBIT,2759.98,11329.67,9917.47,16634.0,18721.5,0
14,PAYMENT,1638.62,9940.86,9265.38,4288.69,5832.99,0
14,CASH_OUT,3188.88,3048.31,2711.74,4050.49,4478.01,0
14,PAYMENT,1996.96,16617.68,12713.9,18064.3,18703.21,0
14,TRANSFER,14981.79,5868.8,5211.69,18197.04,33166.57,1
14,CASH_OUT,2054.24,1714.18,1325.72,8375.0,9246.66,0
14,CASH_IN,2624.82,2924.5,2275.79,4649.12,5846.19,0
14,TRANSFER,1766.96,11481.67,9847.18,8594.76,9966.47,0
14,CASH_IN,5042.06,10821.22,8210.71,22208.61,23811.87,0
14,CASH_IN,1380.49,2760.9,2353.59,49122.5,50489.74,0
14,TRANSFER,14785.1,12783.99,9262.0,6599.09,20851.55,1
14,DEBIT,5981.2,7746.88,7262.43,6410.76,10358.78,0
14,PAYMENT,2818.71,7612.48,6139.64,11284.18,12333.71,0
14,CASH_OUT,3286.64,14890.29,6887.43,1592.55,2234.04,0
14,TRANSFER,315.2,6422.1,5246.89,5973.79,6174.2,0
14,TRANSFER,1601.19,2426.53,2017.56,7376.88,8831.43,0
14,PAYMENT,25288.65,7805.8,6521.02,2404.83,25227.33,0
14,PAYMENT,17686.56,22496.29,16579.18,83253.48,99685.26,0
14,TRANSFER,1474.21,2110.26,1791.38,43539.67,43898.6,0
14,TRANSFER,1166.19,6697.68,6088.79,1319.5,1808.97,0
14,TRANSFER,1695.24,12326.45,8079.33,12662.96,13724.84,0
14,TRANSFER,2357.33,63239.58,42643.39,8826.55,10538.33,0
14,TRANSFER,668.53,15056.72,8217.29,2129.7,2601.12,0
14,PAYMENT,1161.0,10862.99,9268.1,852.97,1384.62,0
14,TRANSFER,7736.32,11692.11,10079.46,7945.98,10394.11,0
14,PAYMENT,2356.06,2187.31,1752.19,10815.7,12616.6,0
14,PAYMENT,44476.88,12360.66,9690.88,3797.12,34815.39,0
14,TRANSFER,8264.14,15755.94,11864.96,9330.48,17453.64,0
14,CASH_OUT,23961.48,25099.79,16022.6,21993.2,32752.31,0
14,PAYMENT,1222.98,6828.65,4669.38,42631.6,42778.2,0
14,PAYMENT,5097.86,89581.27,78519.9,9512.31,11659.44,0
14,CASH_OUT,2465.76,3683.05,1806.46,33013.9,34520.16,0
14,PAYMENT,6537.05,1575.55,1018.55,5851.9,9753.42,0
14,TRANSFER,862.79,47803.01,43071.15,28422.28,29073.92,0
14,TRANSFER,3428.99,5152.04,4531.27,8999.12,11448.37,0
14,PAYMENT,2746.6,3123.04,1571.15,4240.74,4856.82,0
14,TRANSFER,1117.82,1755.0,1240.83,168804.62,169351.0,0
14,TRANSFER,9968.54,54043.05,49394.33,5599.96,13262.93,0
14,PAYMENT,2846.43,3567.23,2662.22,9409.44,9989.01,0
14,CASH_OUT,4968.78,10807.93,7316.42,3715.04,6096.1,0
14,PAYMENT,2136.23,16566.69,12355.19,12492.12,14339.8,0
14,PAYMENT,18294.53,116577.37,49860.07,7186.88,22654.9,0
14,CASH_IN,9383.08,1803.66,1500.42,15345.64,19819.37,0
14,CASH_IN,1763.79,7634.48,6950.55,6572.78,7663.29,0
14,CASH_IN,886.77,2796.26,1446.97,5691.37,6315.09,0
14,TRANSFER,26421.04,5447.46,2322.84,6457.95,18939.69,1
14,CASH_IN,11277.59,5420.94,4188.5,10090.38,14289.41,0
14,CASH_OUT,13844.5,20169.91,18903.65,6749.27,10416.31,0
15,PAYMENT,11617.2,6090.78,2073.47,123287.71,131419.42,0
15,DEBIT,21180.74,2612.26,2190.64,44391.98,62161.0,0
15,TRANSFER,15083.32,2347.34,2308.23,2918.35,17385.89,0
15,CASH_OUT,1045.8,1462.18,799.19,11107.61,11610.59,0
15,PAYMENT,8492.35,3681.16,2483.87,17269.92,21706.61,0
15,DEBIT,1047.2,8303.95,6840.88,16135.24,16879.41,0
15,PAYMENT,2394.6,9167.85,6946.04,9469.07,9937.46,0
15,DEBIT,693.72,4008.94,3500.78,25932.4,26265.51,0
15,CASH_OUT,2284.71,38145.51,34629.96,42663.1,43373.52,0
15,CASH_OUT,1854.15,5647.97,5016.26,5376.74,6212.92,0
15,TRANSFER,3359.88,7137.61,5658.06,2894.22,5801.29,0
15,CASH_IN,8105.59,5244.53,2420.9,15413.44,16296.11,0
15,CASH_OUT,1126.42,8525.33,6647.3,2695.23,3259.59,0
15,CASH_IN,1891.99,14076.06,10548.39,6474.08,7003.43,0
15,PAYMENT,4237.48,17140.72,11901.88,2193.14,3353.92,0
15,PAYMENT,6921.12,100997.99,70996.72,27520.43,31057.14,0
15,CASH_IN,433.09,30124.55,22534.1,18309.63,18674.68,0
15,CASH_OUT,4445.85,15750.56,8375.74,5420.0,8700.57,0
15,TRANSFER,4532.42,600.0,471.54,7030.01,9996.87,0
15,CASH_OUT,1066.45,11589.51,9216.4,14101.62,14417.38,0
15,PAYMENT,3589.71,10463.4,8148.23,9861.5,11334.82,0
15,PAYMENT,10882.17,1796.06,1280.31,43069.33,46239.56,0
15,PAYMENT,1877.91,8266.49,5853.42,7320.42,8752.86,0
15,PAYMENT,1749.99,56738.28,50302.5,8157.37,9189.55,0
15,TRANSFER,7628.71,1162.17,958.11,4023.92,7962.35,0
15,CASH_IN,2597.85,5221.37,4785.61,8127.87,9625.52,0
15,TRANSFER,9352.61,31236.22,25015.09,6856.64,15918.22,0
15,CASH_OUT,1387.94,29874.14,18377.78,11327.44,12486.22,0
15,CASH_OUT,9070.61,9491.51,4744.43,4974.46,12365.02,0
15,CASH_OUT,184.21,1826.14,1060.36,35677.83,35836.4,0
15,TRANSFER,282.76,17289.04,14921.36,4962.56,5020.32,0
15,PAYMENT,2870.56,4309.4,3801.45,44684.05,46437.57,0
15,CASH_OUT,3065.56,21500.66,15975.02,4669.82,5729.18,0
15,TRANSFER,2684.7,1748.21,1010.28,4761.83,7164.28,0
15,PAYMENT,1593.96,624.2,451.3,19944.72,20998.36,0
15,PAYMENT,3658.29,6882.85,4934.09,27578.77,30035.81,0
15,CASH_IN,1378.0,1050.54,860.61,21132.76,21545.73,0
15,TRANSFER,1116.3,15823.91,8583.75,18606.36,18831.66,0
15,PAYMENT,10025.61,13004.89,8934.32,3571.74,13408.87,0
15,PAYMENT,2733.55,1951.62,992.24,13241.1,14327.94,0
15,CASH_OUT,7134.41,49551.84,45097.35,12127.16,12895.37,0
15,CASH_OUT,696.71,12322.14,7460.68,31668.05,31771.01,0
15,TRANSFER,2367.37,37011.23,24904.49,10750.01,12655.41,0
15,TRANSFER,7707.63,25768.14,18460.78,3326.2,7132.46,0
15,CASH_IN,7816.45,28804.54,18822.98,1578.54,2780.86,0
15,CASH_OUT,3539.8,22509.6,19032.72,22875.97,25843.32,0
15,CASH_OUT,5185.09,10495.54,7660.57,95375.97,97580.85,0
15,CASH_OUT,3337.43,7810.18,6981.75,41928.56,42475.29,0
15,PAYMENT,3310.72,2030.31,1453.65,6562.52,7627.52,0
15,CASH_IN,2468.46,7349.46,4713.98,1277.12,2969.34,0
15,CASH_IN,1861.66,15584.74,14274.17,15949.21,16572.75,0
15,CASH_OUT,9983.64,16705.69,14252.02,11109.5,18106.26,0
15,PAYMENT,1467.78,13976.7,11966.18,11205.5,12504.71,0
15,CASH_IN,6193.93,1997.89,1481.38,2554.88,8185.73,0
15,CASH_OUT,1913.11,12131.16,9382.88,13403.36,13891.51,0
15,CASH_OUT,1934.37,5203.74,3735.45,54741.7,56421.92,0
15,CASH_OUT,11066.94,22958.13,22641.46,39600.46,46096.8,1
15,PAYMENT,2603.63,33230.07,25672.18,13228.04,15126.25,0
15,CASH_OUT,4602.25,19535.5,15078.97,3568.11,4493.94,0
15,TRANSFER,1455.37,4256.07,3331.64,26393.58,27572.72,0
15,TRANSFER,10859.72,1972.51,1268.56,8494.66,14560.17,1
15,PAYMENT,939.31,2690.66,2460.85,10508.28,10943.89,0
15,TRANSFER,8010.45,6163.14,3739.16,17889.19,20822.95,0
15,TRANSFER,9180.88,5673.91,4279.21,3897.7,7005.02,0
15,CASH_IN,4358.02,9242.08,7716.09,18316.54,21388.48,0
15,DEBIT,5141.72,50315.42,24740.29,4368.57,8234.12,0
15,PAYMENT,1463.23,10783.06,6857.34,7755.69,8974.92,0
15,PAYMENT,1954.97,1161.25,1061.52,1083.44,2068.7,0
15,CASH_OUT,921.51,1818.8,1741.64,7708.38,8399.8,0
15,TRANSFER,2768.16,4070.25,3152.76,28583.27,29746.95,0
15,TRANSFER,2235.6,1519.77,893.29,7011.63,8368.43,0
15,PAYMENT,32544.6,23328.7,14848.23,841.18,31291.36,0
15,PAYMENT,340.2,3999.41,2710.68,10041.39,10214.63,0
15,CASH_OUT,979.29,28395.44,26259.13,9262.02,9708.98,0
15,CASH_OUT,5819.74,11034.58,7079.9,34588.28,39110.21,0
15,PAYMENT,520.96,9785.78,9591.34,11731.82,12245.01,0
15,PAYMENT,2511.15,4974.77,2627.6,5827.06,6147.65,0
15,TRANSFER,8911.88,52525.47,37211.73,25025.37,31898.92,0
15,PAYMENT,1119.5,17570.16,12613.22,16206.91,17151.21,0
15,CASH_OUT,6125.36,13023.88,6744.61,4256.48,5305.31,0
15,TRANSFER,1075.47,6303.31,4880.57,1790.14,2735.98,0
15,CASH_OUT,2528.57,3541.68,1833.7,18989.04,20590.71,0
15,TRANSFER,4113.09,52381.23,44494.29,14120.02,15127.43,0
15,TRANSFER,3039.27,61918.08,45355.54,7219.69,7759.67,0
15,CASH_OUT,10561.6,15581.1,14012.18,46376.3,56072.48,1
15,DEBIT,938.13,4774.69,2730.35,7005.02,7178.21,0
15,CASH_IN,3904.54,29125.25,9767.01,29058.04,31882.25,0
15,CASH_IN,2035.2,4192.75,969.47,4867.08,6508.34,0
15,PAYMENT,1875.22,24599.37,15486.06,9280.48,10226.93,0
15,TRANSFER,1384.82,1534.82,1185.99,7833.21,8336.44,0
15,TRANSFER,1679.44,6873.33,3878.61,8090.75,8980.72,0
15,PAYMENT,985.56,3075.76,2410.41,14277.09,14887.23,0
15,CASH_OUT,2525.87,2572.85,2478.05,5301.94,7290.96,0
15,TRANSFER,13111.42,27432.67,17046.76,4981.31,12764.97,1
15,PAYMENT,9343.1,9471.2,7370.56,13087.06,17732.45,0
15,CASH_OUT,2223.42,2955.09,2837.33,57811.88,58198.32,0
15,PAYMENT,2429.03,94616.97,48228.23,20127.86,20557.59,0
15,PAYMENT,2648.65,14532.56,9950.01,42211.05,44667.05,0
15,PAYMENT,2537.74,55677.79,27500.3,5131.63,6058.63,0
15,PAYMENT,1816.15,12665.07,9993.65,7313.43,9079.89,0
15,TRANSFER,2570.85,10930.47,10150.41,2596.9,3376.57,0
15,CASH_OUT,5011.19,7857.77,7458.68,16684.03,21523.95,0
15,CASH_IN,2115.54,12646.56,9545.58,15236.76,16511.12,0
15,TRANSFER,784.24,6741.36,5949.26,17897.04,18497.31,0
15,CASH_OUT,6476.52,24057.34,22744.84,3541.41,4777.47,0
15,PAYMENT,4013.02,5390.7,4796.65,4116.5,6847.05,0
15,TRANSFER,3022.54,13162.71,5486.5,11195.62,13739.1,0
15,PAYMENT,3010.87,5176.18,3779.32,25298.24,27004.78,0
15,PAYMENT,3349.42,10731.11,10296.27,26248.39,28283.55,0
15,PAYMENT,3039.49,52986.43,42895.53,3221.0,5623.99,0
15,TRANSFER,23679.0,1978.73,1300.49,39452.53,54232.38,1
15,PAYMENT,5450.43,12589.25,11410.62,92299.92,94605.47,0
15,TRANSFER,11874.7,3808.39,3270.93,10572.45,15842.56,1
15,CASH_IN,1788.58,7731.95,5208.19,24174.53,24928.42,0
15,CASH_OUT,18592.19,2414.05,2079.5,4890.46,17547.46,0
15,CASH_OUT,5209.29,2470.19,2358.27,9118.37,14251.76,0
15,CASH_OUT,3185.72,20517.95,18000.25,36329.21,37706.13,0
15,PAYMENT,309.59,2555.81,1359.69,2133.18,2434.6,0
15,CASH_OUT,2187.04,1672.6,936.86,36420.25,38306.88,0
15,PAYMENT,8132.64,5186.14,3870.61,1874.82,5875.95,0
15,PAYMENT,1667.16,20393.77,17335.19,8372.04,9168.62,0
15,TRANSFER,251.2,4576.69,3500.02,12327.12,12571.63,0
15,TRANSFER,10232.21,16493.61,11048.42,29437.26,32604.91,0
15,PAYMENT,1451.3,4162.89,3434.42,1517.21,1725.18,0
15,CASH_IN,2276.58,5508.46,4865.67,17483.21,18138.09,0
15,CASH_OUT,686.07,5664.03,4654.46,5713.66,6127.05,0
15,TRANSFER,925.39,4916.33,3993.55,1811.28,2603.57,0
15,CASH_OUT,541.03,5913.13,3951.92,1824.25,2129.81,0
15,TRANSFER,11370.74,2815.62,2091.08,42755.61,53642.72,1
15,CASH_IN,421.33,10410.5,6998.69,29247.23,29335.57,0
15,CASH_OUT,3911.05,5143.28,3922.12,1225.19,2650.07,0
15,CASH_IN,1271.49,26009.22,18620.09,30810.58,32071.76,0
15,CASH_OUT,9483.17,18412.44,12291.36,132472.01,134022.81,0
15,CASH_OUT,1000.41,2696.66,1939.61,12164.7,12421.22,0
15,TRANSFER,5113.95,24674.49,13324.66,90618.72,92483.22,0
15,CASH_IN,2446.27,2329.06,1203.96,38432.77,39405.26,0
15,CASH_IN,3436.83,965.72,683.19,5508.23,7427.41,0
15,PAYMENT,9047.06,7601.21,5096.26,56462.67,62458.38,0
15,CASH_OUT,612.41,7788.73,5564.5,4111.85,4193.1,0
15,TRANSFER,209.7,8343.32,7200.08,5162.3,5199.61,0
15,CASH_IN,4463.59,17230.98,15197.98,11783.03,14804.86,0
15,PAYMENT,676.82,12716.85,10029.99,9856.29,10528.49,0
15,TRANSFER,776.15,6845.52,4445.32,10477.71,10955.2,0
15,CASH_IN,2169.95,2430.15,1890.88,10495.7,11858.08,0
15,PAYMENT,2710.43,8728.68,6661.1,11655.62,13225.82,0
15,PAYMENT,2578.38,1186.02,958.41,7476.53,9514.3,0
15,CASH_OUT,1034.41,1717.24,972.66,17882.06,18020.88,0
15,PAYMENT,3112.85,11703.52,9208.38,25597.74,26701.27,0
15,CASH_OUT,1899.07,64636.66,57372.98,19553.35,20996.97,0
15,PAYMENT,3961.07,1481.67,943.56,20359.61,22351.72,0
15,CASH_IN,1994.51,5870.8,2951.12,13145.78,13509.44,0
15,CASH_IN,1200.51,7891.18,6502.76,14784.75,15265.18,0
15,PAYMENT,5204.08,10798.48,10035.36,31698.29,35385.66,0
15,CASH_IN,3021.17,40906.24,33569.92,27136.19,29659.69,0
15,CASH_OUT,3604.66,6682.38,6294.56,32186.53,32912.06,0
15,PAYMENT,2769.09,14996.92,13500.7,57711.83,59146.39,0
15,PAYMENT,2157.98,39414.16,31271.56,10622.55,12673.17,0
15,PAYMENT,3114.09,2961.23,1951.18,8339.8,10888.9,0
15,CASH_OUT,1493.38,4987.78,1422.94,6317.55,7273.3,0
15,PAYMENT,1743.84,6955.52,6156.76,30003.9,31521.94,0
15,CASH_OUT,2323.47,791.49,484.24,3516.05,5560.73,0
15,TRANSFER,2469.95,10455.01,5002.96,4706.06,5968.33,0
15,PAYMENT,2505.42,2018.0,1682.74,33246.57,34212.71,0
15,TRANSFER,1069.76,75672.41,49677.05,6458.0,7095.11,0
15,PAYMENT,6071.56,24370.57,19562.78,8308.17,11836.69,0
15,CASH_OUT,7607.76,11525.37,8818.34,9562.29,15651.14,0
15,CASH_OUT,2654.62,2649.3,2337.27,10644.88,12675.35,0
15,CASH_OUT,4953.96,9484.81,5970.34,6373.86,10467.55,0
15,CASH_OUT,8171.76,18333.3,17032.07,59889.01,63513.57,0
15,TRANSFER,1712.11,2565.16,1961.76,11589.29,11916.44,0
15,CASH_OUT,905.34,2987.47,1413.89,149199.18,149326.09,0
15,PAYMENT,3854.71,22558.26,15970.65,13714.64,16466.27,0
15,CASH_OUT,414.54,6179.34,4096.03,5177.87,5223.0,0
15,CASH_OUT,3831.81,2170.35,1782.81,11488.72,13414.52,0
15,DEBIT,973.51,1612.26,1347.35,27783.15,28045.24,0
15,TRANSFER,292.66,5500.21,3362.35,11459.01,11628.99,0
15,CASH_OUT,3868.4,2430.82,1036.54,8708.65,10619.11,0
15,CASH_OUT,8490.6,13379.32,8963.86,18421.36,24971.05,0
15,TRANSFER,677.27,8321.89,6751.99,10200.07,10705.76,0
15,TRANSFER,1693.01,14358.83,12683.54,3043.41,4151.14,0
15,PAYMENT,1932.9,7250.19,5926.76,9715.02,10721.53,0
15,CASH_OUT,4498.19,10459.24,4471.26,17240.78,19631.68,0
15,CASH_OUT,3531.77,8315.37,7566.08,11965.71,14769.38,0
15,TRANSFER,822.51,9915.44,8721.48,14873.04,15248.82,0
15,PAYMENT,4223.61,979.87,738.96,53665.93,56292.27,0
15,CASH_OUT,3563.96,19554.63,10809.08,12976.0,15045.57,0
15,CASH_IN,2154.49,7509.39,5569.4,5821.98,7114.03,0
15,TRANSFER,2305.41,31242.11,24431.08,10352.0,11336.32,0
15,CASH_OUT,651.44,4697.67,2461.21,7297.41,7563.61,0
15,CASH_OUT,9591.67,29309.54,19700.85,6260.76,12164.39,0
15,CASH_IN,2905.4,18795.84,18321.26,16897.53,17758.42,0
15,TRANSFER,861.92,6809.8,2104.68,6926.21,7092.3,0
15,PAYMENT,26691.48,74826.39,64031.74,9880.66,14836.73,0
15,CASH_OUT,1529.07,3425.01,2277.18,16104.95,17469.65,0
15,CASH_OUT,1891.47,1242.63,924.19,8214.69,8646.46,0
15,TRANSFER,1593.62,13727.42,13120.13,8058.69,9432.86,0
15,PAYMENT,5234.76,18651.83,16791.75,4546.99,7251.94,0
16,TRANSFER,1122.44,36137.84,20842.82,3983.31,4764.2,0
16,CASH_OUT,2693.92,1413.87,1223.16,12505.11,13218.68,0
16,CASH_IN,10184.01,12204.85,10344.81,91706.65,101669.73,0
16,PAYMENT,8852.64,46893.62,29636.55,14369.93,20369.84,0
16,TRANSFER,6670.71,12892.63,9367.83,12069.84,18027.63,0
16,TRANSFER,1722.47,14073.93,7598.18,13896.41,14846.68,0
16,PAYMENT,3899.53,9635.22,7586.64,26601.54,30275.28,0
16,TRANSFER,1237.67,12931.64,9483.15,21195.74,21739.33,0
16,PAYMENT,2043.18,15928.68,14477.48,23745.55,24734.07,0
16,CASH_IN,2271.67,20452.2,13052.64,25472.58,25798.2,0
16,TRANSFER,438.28,8186.6,5352.8,16708.99,17129.09,0
16,TRANSFER,4184.33,6208.35,4561.32,9796.06,10308.78,0
16,PAYMENT,4109.27,34108.04,26410.8,61967.64,63836.48,0
16,PAYMENT,2553.29,5724.23,5370.84,2157.82,4344.21,0
16,PAYMENT,3056.34,2091.99,1533.46,1620.22,3066.56,0
16,TRANSFER,8660.31,6606.55,4168.27,29067.77,32099.68,0
16,CASH_OUT,1662.62,5664.02,5513.49,2069.45,2481.35,0
16,CASH_OUT,3823.2,13433.64,9895.97,8365.82,11518.82,0
16,PAYMENT,6066.95,3909.33,2537.62,2623.92,4054.49,0
16,PAYMENT,4174.01,26319.73,24327.27,39456.11,41006.92,0
16,TRANSFER,470.61,4794.5,4169.57,17103.82,17557.79,0
16,CASH_OUT,7024.75,5897.15,4616.33,15916.31,21599.94,0
16,TRANSFER,1152.81,14918.83,9589.89,21288.75,21655.25,0
16,CASH_IN,4879.55,9577.92,8047.45,6089.72,6973.79,0
16,CASH_OUT,3717.8,4228.35,3139.73,1412.54,3606.02,0
16,TRANSFER,6452.48,11089.1,9497.93,6182.06,7096.36,0
16,CASH_OUT,3164.14,2878.79,1789.77,5902.73,7245.0,0
16,PAYMENT,3570.95,14430.54,5489.24,5083.66,7727.21,0
16,DEBIT,1991.35,5929.53,3843.81,36564.51,38018.72,0
16,TRANSFER,2970.78,2811.61,1233.75,3714.23,4577.2,0
16,DEBIT,2682.1,2541.46,1760.69,31689.23,31974.54,0
16,CASH_OUT,1462.77,12335.22,10904.67,3434.03,4644.36,0
16,TRANSFER,2360.38,6144.76,5420.17,25596.11,26185.38,0
16,PAYMENT,956.91,10092.55,5860.44,6934.53,7147.98,0
16,PAYMENT,8926.1,8867.25,4414.91,77821.08,80868.48,0
16,PAYMENT,6122.94,5449.73,1819.7,12386.09,14795.14,0
16,CASH_IN,6035.15,23657.55,22129.93,14243.87,19740.61,0
16,CASH_OUT,14881.21,4897.95,4626.58,3651.32,8365.35,1
16,PAYMENT,1371.45,13290.93,11733.48,23362.98,23947.04,0
16,CASH_OUT,25866.2,176442.95,129440.23,8742.26,32496.97,0
16,TRANSFER,2506.79,2281.49,2158.91,26666.09,28831.75,0
16,PAYMENT,2248.74,1379.28,882.35,10631.64,12830.24,0
16,TRANSFER,3249.62,2181.26,1222.19,42638.97,45691.24,0
16,TRANSFER,5088.4,6090.42,4577.46,33579.52,35521.18,0
16,TRANSFER,16419.67,2912.4,1955.42,11363.1,13967.83,0
16,PAYMENT,1677.39,5103.73,4000.76,5944.4,6238.34,0
16,TRANSFER,3962.87,19222.19,12733.94,6049.76,7940.95,0
16,CASH_OUT,1657.75,13415.53,5916.61,1081.85,1264.94,0
16,CASH_OUT,4433.14,973.85,848.11,14209.46,16733.91,0
16,PAYMENT,1353.97,2106.32,1406.25,31145.42,31293.01,0
16,TRANSFER,3239.96,5031.61,3002.64,27304.83,28217.5,0
16,CASH_IN,1872.56,12952.85,12521.62,29723.88,31319.55,0
16,TRANSFER,2301.62,7591.72,4404.68,6908.98,8323.91,0
16,CASH_OUT,5025.55,2944.08,2063.63,2690.44,5056.61,0
16,CASH_IN,4525.86,3985.23,3317.77,45206.65,47948.07,0
16,CASH_OUT,6820.53,5151.05,3653.17,6323.14,7999.71,0
16,PAYMENT,2534.42,20972.58,11292.99,23065.99,24468.79,0
16,CASH_OUT,1938.91,548.82,514.01,108762.17,110082.87,0
16,CASH_OUT,12128.04,15267.23,8799.74,4938.3,8295.39,0
16,PAYMENT,1259.72,14108.08,12145.12,8269.73,9295.56,0
16,TRANSFER,4219.92,27611.87,21725.91,104965.69,106381.83,0
16,PAYMENT,1154.59,8417.02,7493.95,18342.65,19266.02,0
16,CASH_OUT,4906.49,14684.79,13167.14,6315.79,10964.62,0
16,CASH_OUT,4086.88,247512.53,175878.46,17415.02,21251.48,0
16,CASH_OUT,6304.31,54023.82,38438.0,2964.35,6657.83,0
16,CASH_IN,8843.92,2329.55,2253.54,1634.68,6165.66,0
16,PAYMENT,2314.47,5362.26,3381.4,23282.89,24782.84,0
16,CASH_OUT,34641.09,9095.55,5645.17,4845.19,35175.07,1
16,CASH_OUT,5699.64,13865.92,8663.05,9783.12,11159.62,0
16,TRANSFER,9046.23,16288.22,11458.6,27873.35,35328.46,0
16,PAYMENT,471.27,31770.77,28470.44,14501.36,14614.56,0
16,CASH_OUT,3701.02,32686.45,30533.59,134543.19,135116.64,0
16,TRANSFER,2626.6,9048.03,5936.73,2076.9,3460.55,0
16,PAYMENT,1274.8,24938.75,12115.9,4617.01,5379.47,0
16,CASH_OUT,2841.25,33941.06,24164.9,1843.88,4146.69,0
16,PAYMENT,6194.44,13518.58,6975.96,9503.09,14101.54,0
16,CASH_OUT,1085.19,6399.91,4134.82,4015.92,4629.52,0
16,CASH_IN,6832.95,8877.83,5987.94,29315.27,31751.98,0
16,PAYMENT,3650.15,5671.13,5006.67,4255.28,7261.48,0
16,CASH_IN,2181.97,8253.14,6260.49,19336.59,20301.22,0
16,CASH_OUT,1118.96,3171.14,1972.28,5581.11,6114.45,0
16,TRANSFER,6850.12,11297.41,9348.49,11173.16,12332.73,0
16,PAYMENT,3871.18,43548.65,25836.47,6698.22,10203.79,0
16,TRANSFER,18074.35,5894.26,5561.82,3358.01,5910.64,1
16,PAYMENT,1308.63,33737.6,27558.34,1862.68,2927.46,0
16,PAYMENT,1686.4,22978.02,21257.85,1459.61,2089.12,0
16,TRANSFER,3680.72,21719.41,15242.18,43247.44,46303.13,0
16,DEBIT,6691.7,490.63,484.14,39777.65,42919.25,0
16,PAYMENT,1569.93,9065.78,8307.57,3105.17,4647.45,0
16,CASH_OUT,497.65,20491.46,19240.78,15050.77,15212.04,0
16,CASH_IN,1934.43,7210.74,6525.13,35570.37,36663.66,0
16,PAYMENT,1685.75,13537.89,13097.85,8662.77,10002.63,0
16,DEBIT,248.06,4793.37,3049.59,60289.86,60386.28,0
16,PAYMENT,7822.73,5096.71,3540.41,22416.14,26353.43,0
16,PAYMENT,1716.96,11530.96,10902.7,2919.2,3412.6,0
16,TRANSFER,1945.94,135331.32,126930.66,12045.81,13810.93,0
16,TRANSFER,4905.69,2272.15,1620.79,4407.88,5269.63,0
16,PAYMENT,633.87,10405.45,9466.18,33745.83,33966.09,0
16,TRANSFER,3008.67,2298.97,1302.46,56267.41,56933.56,0
16,TRANSFER,3530.48,10402.48,8321.63,9272.38,9895.92,0
16,PAYMENT,162.2,4841.7,4386.4,36297.91,36455.05,0
16,TRANSFER,8715.33,3685.81,3425.77,2366.16,10907.57,0
16,PAYMENT,9044.45,7585.56,6133.99,7822.24,12334.32,0
16,CASH_OUT,5109.74,1131.06,805.74,118007.6,120448.84,0
16,CASH_OUT,13192.69,14699.26,10510.71,11511.43,22704.88,1
16,CASH_OUT,1617.85,35324.58,27701.7,35937.66,36362.19,0
16,CASH_OUT,5150.14,2411.59,1385.92,15591.48,17270.57,0
16,CASH_OUT,5818.53,2368.47,1265.9,28388.71,29543.37,0
16,CASH_OUT,1554.12,19440.04,14234.07,5106.55,6515.92,0
16,PAYMENT,348.97,6227.89,4012.35,64041.03,64285.82,0
16,PAYMENT,12879.56,122580.53,90254.45,33665.31,42678.55,0
16,PAYMENT,12085.63,22005.31,11512.38,39054.07,42967.01,0
16,TRANSFER,4399.38,3915.96,1851.39,7006.77,11093.14,0
16,CASH_OUT,4429.22,24947.59,19662.94,4259.32,4875.54,0
16,TRANSFER,992.77,18397.36,13810.45,23099.93,23383.95,0
16,CASH_IN,3828.05,2904.27,2426.09,4009.12,5278.94,0
16,CASH_IN,4476.91,3452.24,2521.1,64659.69,67800.33,0
16,PAYMENT,2089.71,3401.87,2626.15,2516.64,4312.59,0
16,CASH_OUT,5116.67,13521.31,7226.11,24647.56,28958.95,0
16,CASH_OUT,2642.59,4415.53,2877.32,14705.46,15106.22,0
16,TRANSFER,980.6,11228.5,7154.38,51275.62,51536.33,0
16,CASH_OUT,11340.77,1636.75,1517.96,12472.27,14528.08,1
16,TRANSFER,2878.11,15928.02,10971.62,4390.03,7198.33,0
16,TRANSFER,10780.24,32082.36,20325.3,56953.74,62280.56,1
16,PAYMENT,1456.46,14319.18,13704.22,19516.73,20337.6,0
16,TRANSFER,4927.42,2803.78,1705.77,14147.04,16725.77,0
16,PAYMENT,13914.69,12683.02,5937.69,44794.51,57205.91,0
16,TRANSFER,18590.78,5893.75,5585.61,3425.66,18588.19,0
16,CASH_IN,5606.42,5908.57,4818.54,6563.87,8346.53,0
16,CASH_IN,6097.69,879.27,773.0,9052.37,11184.01,0
16,PAYMENT,3177.35,8745.74,6085.26,27958.5,28867.77,0
16,TRANSFER,1919.99,16517.39,14580.75,2614.8,3554.05,0
16,CASH_OUT,17461.15,10459.3,8273.34,5469.87,15704.73,0
16,PAYMENT,6284.39,5711.5,4442.0,9365.68,15231.94,0
16,DEBIT,4278.5,12431.58,10531.77,7123.1,11029.15,0
16,CASH_OUT,7402.6,9300.7,7420.08,11616.38,17280.2,0
16,CASH_IN,13640.82,18494.03,8491.38,9827.46,15832.56,0
16,CASH_IN,9704.36,127302.14,58222.6,5991.54,10024.31,0
16,PAYMENT,3633.92,99192.13,80552.1,12916.37,14097.09,0
16,CASH_OUT,1913.82,4801.15,4426.21,32333.56,33193.28,0
16,PAYMENT,5309.03,5378.05,2067.3,42463.47,47356.52,0
16,CASH_IN,1923.55,4403.07,1828.2,18555.92,18750.46,0
16,PAYMENT,13121.09,25689.27,22554.68,87366.66,97358.0,0
16,CASH_OUT,3806.73,24213.68,19200.5,10092.37,10838.6,0
16,CASH_OUT,21589.8,2641.9,1910.17,8253.94,10816.02,0
16,TRANSFER,2442.88,1282.25,1100.52,2644.01,3754.27,0
16,CASH_IN,23300.79,3460.14,2830.93,4248.71,27484.89,0
16,PAYMENT,2677.19,7101.18,5894.28,15289.29,17236.96,0
16,CASH_OUT,5266.3,6535.88,5767.46,3402.1,4684.2,0
16,CASH_OUT,5203.52,3785.7,3169.56,5340.95,9915.16,0
16,CASH_IN,1719.88,6410.76,4109.02,3096.82,4000.25,0
16,CASH_IN,2952.53,2351.97,2066.81,17973.58,18924.8,0
16,CASH_OUT,15862.7,7177.67,5671.38,7915.27,10725.13,0
16,CASH_OUT,1160.51,53707.16,45464.39,7570.58,8707.49,0
16,CASH_OUT,8121.26,13574.3,13073.48,1864.96,8193.78,0
16,CASH_OUT,308.83,27451.04,23338.09,12267.78,12562.53,0
16,CASH_OUT,5457.89,14522.39,11629.65,3936.37,5678.4,0
16,CASH_OUT,7260.09,1645.27,1278.11,17353.75,21748.67,0
16,CASH_OUT,2932.43,62595.29,50632.85,15856.86,18468.98,0
16,PAYMENT,15379.51,20598.86,11892.88,9617.49,24028.61,0
16,CASH_OUT,2636.14,7872.16,4741.44,5752.43,6375.43,0
16,PAYMENT,2201.68,6267.19,5327.5,27486.88,28354.17,0
16,TRANSFER,6471.69,6733.67,5565.87,12497.5,13782.13,0
16,CASH_OUT,5079.74,46287.52,31529.04,17243.23,20599.69,0
16,CASH_OUT,6652.78,4327.25,3015.33,9226.66,12698.8,0
16,PAYMENT,489.38,18908.17,15685.63,5285.2,5383.02,0
16,CASH_IN,2330.12,2118.09,1700.29,9476.37,11440.06,0
16,CASH_OUT,838.9,5920.79,3960.17,15844.14,16577.51,0
16,CASH_OUT,1353.14,2047.85,1855.4,20929.19,21975.45,0
16,CASH_OUT,1912.58,12938.42,6688.24,9954.12,10878.57,0
16,TRANSFER,1549.64,8022.69,6391.61,11750.91,12132.91,0
16,PAYMENT,910.41,5186.73,3743.87,4244.74,5043.51,0
16,TRANSFER,3582.33,84825.42,58423.16,4093.68,5537.71,0
16,PAYMENT,2209.93,30942.12,24888.49,21414.32,23238.83,0
16,CASH_OUT,3188.41,12381.89,6090.18,7859.93,9023.95,0
16,PAYMENT,3462.2,3126.52,1810.48,9504.61,12702.09,0
16,PAYMENT,892.39,84564.08,55946.05,6745.0,7000.41,0
16,CASH_OUT,3044.27,2771.04,2562.79,14977.46,16278.45,0
16,CASH_OUT,3013.09,97847.51,56210.09,9129.51,12130.03,0
16,CASH_IN,15550.45,3787.04,3274.87,11290.71,15916.05,0
16,TRANSFER,463.65,3497.03,2884.23,7973.48,8059.26,0
16,CASH_OUT,2789.62,40111.84,29992.41,7006.99,9103.43,0
16,PAYMENT,1040.49,57603.24,55286.87,3709.83,4322.56,0
16,TRANSFER,3058.29,7380.16,5719.01,16340.61,18344.13,0
16,CASH_OUT,4575.8,9773.06,7964.88,26505.51,28689.24,0
16,CASH_IN,3092.77,2009.39,1728.43,9408.04,9837.93,0
16,TRANSFER,1735.26,9305.98,6821.39,3123.55,4749.91,0
16,CASH_OUT,726.53,31306.43,21819.98,40665.02,40860.19,0
16,CASH_IN,945.29,8684.09,7188.97,7337.68,7635.19,0
16,CASH_OUT,1606.47,5024.76,4502.16,6865.41,7411.82,0
16,PAYMENT,3448.19,3548.82,3117.63,16970.85,17823.9,0
16,PAYMENT,3313.97,21947.25,12425.33,3530.13,6404.28,0
16,TRANSFER,2779.26,17933.89,14489.74,5309.26,5688.97,0
16,CASH_IN,1696.14,5942.24,5819.61,3595.17,5220.51,0
16,PAYMENT,2010.88,12416.86,8499.31,12512.09,13748.02,0
16,CASH_IN,2928.05,14427.58,11230.76,11327.74,14228.58,0
16,PAYMENT,1349.03,24247.85,16423.71,22465.84,23762.79,0
16,TRANSFER,1567.22,30680.59,20317.69,12613.48,14118.37,0
16,TRANSFER,131.22,37690.4,31174.5,136091.15,136142.24,0
16,CASH_IN,3106.5,5072.73,3392.14,29288.7,31716.01,0
16,PAYMENT,3898.65,2660.45,1426.86,4133.08,5235.8,0
16,CASH_IN,6409.06,4498.69,3111.0,6250.31,7947.54,0
16,CASH_IN,11056.88,86660.16,74997.03,7689.25,10377.34,0
16,CASH_IN,706.96,9711.1,7684.42,19872.95,20139.2,0
16,CASH_OUT,689.17,2002.61,1538.66,51257.14,51563.44,0
16,PAYMENT,3882.34,14998.0,12039.83,11097.4,14848.37,0
16,CASH_IN,6455.98,24328.87,19443.23,5929.55,8207.77,0
16,TRANSFER,656.29,17732.57,13323.34,32623.58,32894.81,0
16,TRANSFER,9365.68,3537.51,2215.01,11343.8,15439.36,0
16,PAYMENT,4297.23,2611.77,2403.49,46730.64,48343.63,0
16,PAYMENT,806.03,3365.95,2589.6,11443.89,12038.65,0
16,CASH_IN,1370.59,8922.27,7671.42,51399.24,52026.83,0
16,PAYMENT,6057.69,18743.19,17660.32,10356.97,14797.25,0
16,CASH_IN,1357.14,2188.03,1840.42,34857.44,35831.08,0
16,TRANSFER,1154.92,11962.02,7851.89,8670.05,9438.02,0
16,TRANSFER,2371.66,2736.64,1334.16,24482.08,24783.98,0
16,CASH_OUT,3607.3,8470.07,5877.59,5214.91,7950.33,0
16,TRANSFER,2114.99,55753.1,52602.32,21187.82,22230.97,0
16,DEBIT,21637.61,3810.29,2665.29,53449.99,73826.11,0
16,CASH_OUT,4845.39,18127.14,16169.07,14148.57,17538.0,0
16,CASH_OUT,5375.94,5370.59,3701.39,6801.11,7350.09,0
16,PAYMENT,551.39,1861.46,1709.11,6263.74,6671.08,0
16,CASH_OUT,2110.88,6043.25,5768.71,17724.31,18055.93,0
16,PAYMENT,1082.6,12723.99,7696.31,7384.93,7971.01,0
16,CASH_OUT,5787.91,9221.93,8808.28,3703.19,5119.65,0
16,DEBIT,416.71,27099.58,22865.01,7923.28,7965.32,0
16,CASH_IN,1295.32,13217.07,7999.85,2374.92,3441.15,0
17,TRANSFER,1567.35,6542.55,6314.44,2616.56,3217.87,0
17,PAYMENT,3218.04,5139.99,4534.04,13487.23,14612.39,0
17,CASH_OUT,2506.45,6277.83,3461.87,28754.74,30562.02,0
17,CASH_OUT,626.67,8452.77,6360.94,142759.48,142966.74,0
17,TRANSFER,3854.5,2604.42,1632.45,17288.92,20661.66,0
17,CASH_OUT,4262.65,10932.24,10837.95,89389.54,91137.73,0
17,PAYMENT,1752.48,20091.99,15121.24,24044.85,24288.35,0
17,TRANSFER,11473.31,20851.42,15342.34,5177.45,10383.42,0
17,CASH_OUT,4722.21,4152.31,3331.29,7183.91,8777.76,0
17,PAYMENT,1174.2,14579.29,12778.04,36331.79,36837.44,0
17,PAYMENT,2537.82,4068.94,3546.36,16937.73,18862.71,0
17,CASH_IN,1189.07,11644.86,10370.72,40085.45,40361.83,0
17,PAYMENT,667.04,1636.65,1225.41,9251.48,9557.08,0
17,PAYMENT,16364.95,24225.44,9000.34,8942.08,17516.2,0
17,CASH_OUT,1675.37,15298.4,8610.05,14669.32,15353.8,0
17,TRANSFER,3473.03,5200.13,4668.02,13932.98,15669.34,0
17,TRANSFER,432.45,3179.8,2207.6,14655.65,14758.24,0
17,PAYMENT,1725.12,4171.4,2761.27,15382.18,16206.91,0
17,CASH_OUT,1720.7,16771.67,9438.23,30444.46,31823.47,0
17,PAYMENT,9943.85,2179.11,1882.21,36644.84,46436.76,0
17,CASH_OUT,19542.29,14150.27,5404.94,20178.74,22587.52,1
17,DEBIT,6285.67,4883.73,3678.48,24037.16,29176.52,0
17,TRANSFER,2514.69,3888.42,3120.6,7458.14,9916.74,0
17,CASH_IN,915.7,2188.13,1560.3,12676.93,13285.56,0
17,CASH_OUT,1650.96,4200.86,2841.25,11851.22,12957.2,0
17,PAYMENT,3735.5,49193.6,37591.84,7194.61,8776.59,0
17,PAYMENT,1542.22,39514.96,25375.64,68553.58,69578.51,0
17,CASH_IN,16646.73,34576.79,30354.66,3103.77,11529.3,0
17,TRANSFER,1421.52,5745.28,4492.91,3737.34,3966.52,0
17,PAYMENT,2621.89,2958.02,2112.19,4762.53,7009.5,0
17,CASH_IN,40270.47,28149.59,26587.29,1219.37,24868.83,0
17,CASH_OUT,573.91,7724.68,6475.95,28709.55,28844.77,0
17,CASH_OUT,2916.74,5790.49,5117.14,15972.61,16444.16,0
17,PAYMENT,10995.52,27494.56,21598.3,11516.62,19160.12,0
17,CASH_OUT,995.85,1416.21,750.32,4558.91,5165.37,0
17,TRANSFER,11081.07,1712.47,1388.84,3124.73,13685.7,0
17,CASH_OUT,6173.55,14440.69,11145.81,2901.62,7553.68,0
17,TRANSFER,8423.34,955.82,695.45,5725.43,11679.54,0
17,CASH_OUT,1468.26,10236.27,8779.38,5463.75,6785.88,0
17,PAYMENT,766.38,22830.95,21398.32,3278.6,3871.63,0
17,PAYMENT,1663.36,2299.43,1800.73,79755.47,81202.29,0
17,CASH_OUT,1265.34,3253.56,2362.89,3542.86,4107.66,0
17,CASH_OUT,4266.1,25852.06,21322.62,2976.59,6226.69,0
17,CASH_OUT,1254.86,138.37,84.92,13859.83,14412.75,0
17,CASH_OUT,744.37,10373.26,7419.07,3060.91,3196.67,0
17,TRANSFER,3152.23,8542.5,7004.68,6426.56,8089.72,0
17,PAYMENT,4500.28,107922.31,81022.16,2879.77,6457.01,0
17,CASH_IN,1921.86,10125.52,5081.86,139438.9,139981.28,0
17,CASH_IN,2026.15,16848.49,12895.37,28519.37,30009.04,0
17,PAYMENT,3850.03,3453.84,2652.97,42507.32,44123.51,0
17,CASH_OUT,2594.31,8088.4,3777.66,10253.25,10592.5,0
17,PAYMENT,1811.51,5550.18,4059.59,11167.42,12364.45,0
17,TRANSFER,2387.96,14299.85,13431.23,7884.25,8497.26,0
17,TRANSFER,2314.7,889.4,714.76,13104.0,14872.42,0
17,TRANSFER,8307.19,850.55,760.58,93469.46,98487.0,0
17,CASH_OUT,18776.17,34425.81,25327.67,19083.08,28389.51,0
17,TRANSFER,14590.23,26820.37,20824.43,17580.34,22244.14,0
17,TRANSFER,11800.38,2722.25,2021.85,22428.91,31131.14,1
17,PAYMENT,5333.37,7909.56,6945.28,7649.95,11999.57,0
17,CASH_OUT,3609.82,6439.76,5790.14,30982.82,34300.98,0
17,TRANSFER,1973.14,14378.45,10101.29,16512.28,18138.1,0
17,CASH_OUT,1532.46,3909.04,2840.25,11448.92,12120.63,0
17,CASH_IN,3120.34,10509.27,8096.78,16406.39,17997.31,0
17,CASH_IN,5563.02,24132.5,12545.07,107143.42,109811.51,0
17,CASH_OUT,1581.51,834.39,537.59,1380.84,2124.28,0
17,CASH_OUT,10545.15,27265.69,11697.95,32392.29,35672.65,0
17,TRANSFER,1659.06,7133.37,3735.7,5749.11,7022.03,0
17,TRANSFER,9899.4,7869.04,5741.92,28899.53,33614.98,0
17,CASH_OUT,787.74,15136.7,6763.67,3797.12,4311.3,0
17,PAYMENT,19162.37,3726.39,3015.17,13811.15,21793.2,0
17,CASH_IN,438.85,3891.57,3339.17,3491.03,3674.18,0
17,CASH_OUT,1204.79,58925.69,55415.76,24580.12,24795.66,0
17,TRANSFER,1528.88,12442.05,11347.29,19598.52,19865.89,0
17,TRANSFER,2237.11,8116.29,6231.64,31908.75,33429.42,0
17,TRANSFER,11756.88,1506.45,1181.93,19015.71,28107.97,1
17,CASH_OUT,1958.04,834.3,653.08,2644.03,2926.08,0
17,CASH_OUT,2078.01,10406.98,9126.84,95546.23,95765.07,0
17,TRANSFER,2401.86,14220.88,10681.7,5787.54,6652.69,0
17,CASH_OUT,8854.09,30940.98,26593.01,47149.77,53272.94,0
17,CASH_OUT,1023.38,3261.02,2733.76,6417.4,7262.17,0
17,CASH_OUT,9015.58,5642.13,5223.44,8600.15,10498.45,0
17,CASH_OUT,8293.8,1923.51,1421.63,3341.07,8839.97,0
17,DEBIT,15429.04,14791.77,13931.45,1516.28,16632.8,0
17,PAYMENT,2664.41,8802.57,7099.04,61793.25,62200.57,0
17,CASH_OUT,1760.99,5687.68,4630.65,29746.33,31074.28,0
17,TRANSFER,747.95,9233.48,7819.63,2577.85,3013.37,0
17,CASH_OUT,2070.87,34145.84,24981.4,10795.16,11314.55,0
17,CASH_OUT,1777.22,1491.72,1469.15,5196.36,6784.37,0
17,TRANSFER,1970.62,21936.45,21332.12,1464.38,2860.08,0
17,TRANSFER,15371.1,749.46,472.34,7477.24,11543.01,0
17,DEBIT,4243.37,12088.15,7397.76,36293.29,39053.23,0
17,TRANSFER,1636.77,6068.91,5926.4,3575.03,3851.52,0
17,TRANSFER,2013.56,8878.25,7823.2,34627.46,34877.2,0
17,TRANSFER,2661.55,6113.19,2969.56,4344.51,6074.1,0
17,PAYMENT,19955.24,1761.6,1677.83,20357.22,33828.37,0
17,PAYMENT,1618.52,18326.92,12260.8,3929.23,4751.03,0
17,CASH_IN,2371.31,21654.33,15918.56,4213.91,6364.33,0
17,PAYMENT,477.51,109256.23,83179.31,17601.28,17979.3,0
17,CASH_IN,13301.06,13936.79,13419.74,12331.43,18242.48,0
17,PAYMENT,2545.71,18093.38,13180.75,4167.71,4736.02,0
17,CASH_IN,533.41,4298.31,3328.15,77099.59,77575.0,0
17,CASH_OUT,5199.36,6921.19,5147.03,54574.71,55719.7,0
17,PAYMENT,595.4,3636.35,3064.67,6740.44,6987.51,0
17,PAYMENT,5283.44,13158.4,11309.35,4665.02,8347.88,0
17,CASH_OUT,1258.12,1603.42,1585.5,2514.76,2717.05,0
17,CASH_OUT,4137.23,8081.86,5301.38,5161.27,7670.22,0
17,CASH_OUT,578.59,63078.54,32156.88,29026.39,29419.24,0
17,TRANSFER,1785.83,24931.86,16799.74,11164.74,11398.54,0
17,TRANSFER,3187.52,2346.19,1926.83,7744.4,8351.87,0
17,PAYMENT,676.46,2372.61,1392.09,11040.12,11301.14,0
17,PAYMENT,602.34,2456.12,1564.7,10271.96,10384.68,0
17,PAYMENT,412.61,12401.23,8832.69,18918.08,18995.25,0
17,CASH_IN,1879.76,4970.17,3318.87,6332.85,6717.18,0
17,TRANSFER,2025.37,50009.91,46155.12,3616.35,4706.72,0
17,PAYMENT,1673.09,4679.98,2998.28,4286.85,4544.76,0
17,TRANSFER,2558.58,8691.61,4155.64,7321.42,8775.85,0
17,CASH_OUT,2025.45,2375.07,2251.22,21869.68,22147.6,0
17,CASH_OUT,4138.1,6438.99,4210.27,29645.14,30295.15,0
17,CASH_IN,5674.57,6250.71,5038.57,10868.17,15416.1,0
17,CASH_OUT,4136.77,29863.2,15550.42,6438.51,9468.56,0
17,CASH_OUT,1885.01,5637.03,3778.55,20710.63,20960.3,0
17,TRANSFER,3212.34,4235.02,3563.9,46096.27,49239.9,0
17,TRANSFER,2631.47,48749.77,39857.33,11312.57,12588.21,0
17,CASH_OUT,3833.98,31615.47,21903.57,89337.93,90856.63,0
17,PAYMENT,474.07,3454.27,3423.27,6581.55,6705.82,0
17,PAYMENT,2210.93,19718.58,13269.47,10268.69,11349.38,0
17,PAYMENT,1674.83,10143.41,5796.62,11825.13,12945.2,0
17,CASH_OUT,9223.94,6231.32,4930.54,3181.66,6286.21,0
17,PAYMENT,15903.39,13153.66,10838.56,12417.77,20437.99,0
17,PAYMENT,6106.99,25593.72,19965.23,19276.82,20601.09,0
17,CASH_OUT,2522.7,4131.37,3705.86,9767.53,11972.85,0
17,TRANSFER,5394.5,52587.3,33228.65,17109.33,22142.82,0
17,TRANSFER,3497.5,3920.2,2227.7,13981.2,17298.32,0
17,TRANSFER,2826.35,1940.89,1514.14,5044.46,5525.25,0
17,CASH_OUT,6440.58,1198.51,961.66,40531.07,43436.89,0
17,CASH_OUT,10716.88,15723.99,11610.79,1804.87,7651.79,0
17,TRANSFER,7382.23,49904.07,36394.08,5261.05,9558.37,0
17,CASH_OUT,4528.62,4301.91,3821.14,4421.52,8125.38,0
17,PAYMENT,10956.73,2114.52,1289.63,1926.12,9079.96,0
17,CASH_OUT,2744.98,11728.41,5280.57,10088.36,10431.27,0
17,CASH_IN,4526.22,6923.46,4128.67,97055.02,98661.98,0
17,CASH_OUT,1625.63,19256.79,13451.79,6958.41,8173.31,0
17,CASH_OUT,3421.23,4475.33,2737.55,3693.42,6503.2,0
17,CASH_OUT,2172.68,12847.99,10217.62,13848.84,15332.45,0
17,CASH_OUT,8415.07,7163.01,5064.31,9086.37,15056.75,0
17,CASH_OUT,36937.13,46322.09,30130.8,40935.48,73424.59,1
17,CASH_OUT,9359.51,4103.57,2646.39,12142.01,20296.88,0
17,PAYMENT,15824.81,14100.79,12810.89,8970.65,18705.02,0
17,PAYMENT,12225.49,13436.78,10971.83,106296.04,114937.71,0
17,CASH_IN,2491.1,1966.71,1347.25,67764.17,69189.18,0
17,CASH_OUT,2433.5,5063.89,3767.41,9391.37,10605.75,0
17,PAYMENT,4584.04,10583.71,8964.86,19982.54,24278.64,0
17,TRANSFER,2272.6,3214.0,1999.66,29059.16,29397.23,0
17,CASH_IN,3330.29,1934.74,1559.42,16014.14,17169.85,0
17,CASH_OUT,1720.65,14049.91,9070.22,19361.29,20987.29,0
17,PAYMENT,815.61,5723.17,5323.2,4886.96,5424.72,0
17,PAYMENT,910.51,8363.28,5130.23,9020.85,9918.69,0
17,TRANSFER,1192.26,6356.4,4107.66,10826.83,11670.45,0
17,CASH_OUT,573.69,8282.28,7532.39,11463.35,11566.28,0
17,CASH_OUT,1321.74,15200.43,14774.84,7643.07,8005.95,0
17,TRANSFER,6002.14,6196.67,5778.59,921.43,3954.23,0
17,CASH_OUT,2612.65,102695.13,96084.07,12498.94,14143.54,0
17,CASH_OUT,2333.37,6389.94,5879.44,1671.53,3977.3,0
17,CASH_OUT,700.98,17475.0,12830.42,2114.92,2734.25,0
17,CASH_OUT,1411.52,22410.24,16606.74,10966.84,11327.07,0
17,CASH_OUT,4002.38,49626.05,25924.2,13997.84,17245.47,0
17,CASH_OUT,552.56,2051.63,1246.95,13973.06,14505.47,0
17,TRANSFER,868.11,11398.98,6339.85,20501.86,20778.45,0
17,CASH_OUT,421.83,2156.27,1962.7,8066.6,8434.73,0
17,PAYMENT,1861.12,910.22,695.14,17308.51,18946.14,0
17,PAYMENT,3992.21,9534.13,5945.2,39351.18,41821.85,0
17,PAYMENT,3410.15,1675.05,1381.86,12399.68,14673.26,0
17,CASH_IN,1278.1,19965.14,15299.6,8460.11,8919.31,0
17,CASH_OUT,979.99,3463.58,2978.1,9715.33,10374.36,0
17,CASH_OUT,668.39,3127.89,2580.93,28387.62,28536.4,0
17,CASH_OUT,3101.88,6905.96,6249.63,6204.77,7003.72,0
17,PAYMENT,1787.52,844.48,517.56,1264.42,2752.89,0
17,CASH_OUT,2101.37,5557.18,5183.56,101667.3,102707.03,0
17,CASH_IN,3007.84,37007.11,29378.96,113979.07,116603.3,0
17,CASH_OUT,4294.97,37830.4,26651.81,7984.93,8480.6,0
17,PAYMENT,4331.86,8390.79,6223.35,58028.75,59366.72,0
17,PAYMENT,462.49,19913.85,15490.73,6138.18,6255.01,0
17,CASH_OUT,2450.89,43647.24,33989.72,13302.45,15056.42,0
17,CASH_OUT,2041.14,2999.67,1871.8,44417.98,45072.12,0
17,CASH_OUT,5918.79,12194.21,10206.18,28282.55,32872.29,0
17,CASH_OUT,1842.5,840.35,608.9,5866.2,7099.52,0
17,CASH_OUT,2826.49,6938.39,5688.27,12402.12,15030.46,0
17,PAYMENT,666.58,27577.36,14930.73,7231.2,7592.67,0
17,CASH_IN,4094.84,976.2,673.91,33752.88,37443.61,0
17,PAYMENT,1330.31,3886.93,3288.07,13840.84,14630.48,0
17,PAYMENT,3170.54,17994.61,14454.12,6965.7,8070.61,0
17,PAYMENT,2201.34,13313.21,6788.22,18542.75,19796.87,0
17,CASH_IN,1408.63,13076.37,11751.03,7841.38,9098.81,0
17,PAYMENT,60558.23,2875.04,2263.48,6841.58,55448.99,0
17,PAYMENT,2309.85,21904.74,15585.49,20828.29,22368.77,0
17,CASH_IN,1435.67,38573.16,24846.65,16376.56,16820.53,0
17,PAYMENT,2487.5,28355.35,23752.1,2767.04,3584.9,0
17,DEBIT,1349.17,20364.87,16593.23,29599.31,29765.93,0
17,TRANSFER,1294.53,9481.96,9045.16,3060.6,3202.7,0
17,CASH_OUT,7529.5,5080.64,4870.8,1306.28,5371.88,0
17,DEBIT,295.2,1058.05,889.55,21739.65,21799.14,0
17,CASH_OUT,2682.64,40479.41,37455.95,73196.51,74018.53,0
17,CASH_OUT,718.47,4728.04,4496.54,18084.23,18666.73,0
17,CASH_OUT,1206.85,7300.1,5580.02,14585.52,15762.95,0
17,DEBIT,8156.12,4812.25,3433.32,852.74,2007.09,0
18,PAYMENT,2116.58,5894.35,3062.12,3171.41,4186.16,0
18,CASH_OUT,2387.47,6446.65,5151.08,5167.9,7287.39,0
18,PAYMENT,10494.26,16985.62,13946.54,6179.7,10896.24,0
18,CASH_IN,4483.76,60281.29,53606.39,24414.97,25327.81,0
18,PAYMENT,939.66,55205.29,35915.03,20345.09,20866.89,0
18,CASH_IN,923.49,8628.98,5984.82,5314.03,5435.18,0
18,TRANSFER,5713.81,19543.38,11588.28,75472.04,79634.81,0
18,PAYMENT,8517.91,37278.5,20383.73,25369.21,27564.36,0
18,TRANSFER,2649.66,12453.42,5495.42,8318.71,9356.43,0
18,PAYMENT,5079.63,6298.15,5671.56,13943.03,15207.53,0
18,PAYMENT,7558.73,18735.22,12165.34,13357.2,19913.56,0
18,CASH_IN,5005.99,3739.14,3036.72,14089.73,18257.97,0
18,CASH_IN,3816.46,6561.17,4622.25,46212.27,49066.21,0
18,CASH_IN,766.0,12098.86,9870.34,743.28,990.41,0
18,CASH_OUT,999.0,54026.14,30612.2,30272.42,30548.31,0
18,PAYMENT,721.39,7128.88,6291.87,5994.56,6117.7,0
18,TRANSFER,4165.36,51181.26,35285.77,14123.09,18244.1,0
18,CASH_IN,4623.29,6257.8,5011.65,23485.41,24679.15,0
18,CASH_OUT,3288.56,3790.55,2058.26,6839.2,10006.58,0
18,CASH_IN,1709.9,16186.9,13866.13,11225.79,11990.18,0
18,CASH_OUT,4076.29,4525.74,3688.56,39731.31,42744.27,0
18,PAYMENT,11911.67,13789.26,10647.81,1395.01,4699.39,0
18,DEBIT,2033.73,35462.58,26828.52,19304.79,19859.16,0
18,PAYMENT,12315.32,9484.73,6811.74,24204.84,31478.21,0
18,CASH_IN,36093.72,33406.84,26241.71,18768.87,30505.22,0
18,PAYMENT,3637.41,4844.22,3451.04,125703.67,129022.25,0
18,CASH_IN,6480.6,12059.68,6533.95,10809.68,13517.93,0
18,CASH_OUT,1595.18,2516.78,2199.56,33646.82,34425.96,0
18,CASH_IN,6629.45,4138.37,2356.0,3675.46,4696.47,0
18,TRANSFER,1751.45,1389.95,1042.48,4788.46,6023.75,0
18,CASH_OUT,771.15,3704.99,3121.58,1463.28,1832.02,0
18,TRANSFER,5485.98,3498.81,2836.05,115591.09,116856.68,0
18,CASH_IN,6041.46,63622.4,58336.88,7673.63,11009.03,0
18,PAYMENT,1610.43,16144.08,14832.76,6475.08,7360.95,0
18,CASH_IN,2590.16,3570.84,2233.82,20589.44,22912.02,0
18,CASH_OUT,3213.78,14144.96,10297.53,8200.7,11289.11,0
18,TRANSFER,1736.85,12358.1,7801.29,34669.97,36362.48,0
18,CASH_IN,3868.13,18497.84,14251.78,9905.15,11739.81,0
18,TRANSFER,2910.77,9359.97,3889.64,4745.87,7624.52,0
18,PAYMENT,2377.49,1913.86,1700.25,20985.96,21718.97,0
18,PAYMENT,11160.58,3170.66,2839.66,18566.32,29316.6,0
18,PAYMENT,9764.83,16245.01,12819.71,17264.02,20978.31,0
18,PAYMENT,5061.63,30157.43,23831.42,7218.68,10359.82,0
18,CASH_OUT,1473.58,12746.64,9385.62,6607.92,7404.97,0
18,CASH_OUT,9769.32,1764.59,1243.7,1496.84,5676.53,0
18,CASH_OUT,207.85,6152.01,4406.94,1181.14,1208.94,0
18,CASH_OUT,17753.47,13131.08,8859.93,13918.47,22744.74,1
18,TRANSFER,2116.55,14360.59,8377.05,7952.83,8741.51,0
18,CASH_OUT,2473.68,11476.83,8902.33,26746.72,28869.26,0
18,PAYMENT,3440.31,8028.89,6915.15,29064.88,31024.1,0
18,PAYMENT,3074.59,8644.65,6574.23,18013.17,18693.53,0
18,CASH_OUT,4354.38,5254.24,4510.24,6615.11,10559.33,0
18,CASH_OUT,1473.44,21430.3,19613.56,4846.48,5828.32,0
18,TRANSFER,2069.15,4704.94,3682.52,72839.17,74209.97,0
18,CASH_OUT,12924.54,9570.47,6582.72,10745.11,22941.42,0
18,CASH_IN,1297.05,124812.68,60460.58,8030.29,8871.29,0
18,CASH_IN,3099.32,20355.87,16150.69,8953.39,10486.57,0
18,PAYMENT,16397.72,51387.34,44488.72,4664.94,14201.44,0
18,CASH_OUT,1141.14,5922.88,4341.15,21627.04,22346.9,0
18,PAYMENT,9325.88,45325.48,20016.05,5704.34,11898.76,0
18,CASH_OUT,29780.35,7196.5,3580.15,8497.77,28831.0,0
18,CASH_OUT,5579.08,8551.62,5034.22,85390.65,87686.46,0
18,TRANSFER,2115.97,5881.47,5356.32,3632.74,4895.59,0
18,CASH_OUT,906.8,4961.61,2379.93,39279.01,40078.37,0
18,PAYMENT,20819.36,12318.97,8916.95,3122.31,9974.33,0
18,CASH_OUT,646.51,561.55,550.97,3893.67,3971.41,0
18,CASH_OUT,1617.67,11490.95,5045.22,8576.07,9877.67,0
18,TRANSFER,1786.74,15816.16,11816.44,5139.97,6170.35,0
18,TRANSFER,5191.28,2753.75,1903.38,5334.94,7384.23,0
18,CASH_OUT,1208.77,1675.14,1372.64,14320.88,14751.59,0
18,PAYMENT,2843.81,12120.2,7978.39,9543.73,11792.57,0
18,CASH_OUT,896.3,1636.47,1002.49,1966.23,2272.33,0
18,CASH_OUT,4598.56,9772.92,8185.14,19448.63,23158.76,0
18,CASH_OUT,650.79,11067.46,8047.02,15860.17,16122.63,0
18,CASH_IN,5199.04,48447.52,46300.08,2680.06,3588.0,0
18,PAYMENT,37335.21,3435.49,2517.45,81356.41,116202.45,0
18,TRANSFER,9526.82,6079.91,5060.7,11171.52,12772.79,0
18,TRANSFER,2373.32,3141.04,2378.59,4583.92,6146.54,0
18,CASH_IN,490.93,4645.35,3179.05,51894.45,52114.67,0
18,CASH_OUT,4435.64,17559.88,16139.36,60250.79,64173.89,0
18,PAYMENT,9019.62,6698.36,2813.01,5568.13,7819.18,0
18,PAYMENT,1545.67,32818.77,25751.0,18438.05,19837.48,0
18,CASH_OUT,7357.04,7447.73,6644.67,13254.13,16192.06,0
18,TRANSFER,4826.8,342.45,287.31,42212.97,45638.27,0
18,PAYMENT,1669.69,15975.04,12377.05,280868.38,281729.34,0
18,CASH_OUT,5275.94,90650.74,85802.39,17558.16,19286.53,0
18,PAYMENT,3035.75,55912.85,40516.91,67191.36,68451.65,0
18,PAYMENT,2503.12,48262.95,36973.73,23833.45,24164.26,0
18,CASH_OUT,19027.18,7716.79,4463.15,39916.59,50342.82,1
18,PAYMENT,2505.52,7367.72,5848.01,4944.53,7001.01,0
18,CASH_OUT,5832.03,9041.77,7129.01,27979.12,32712.32,0
18,CASH_OUT,1832.93,16854.14,11218.03,6848.31,7114.86,0
18,CASH_OUT,1377.53,7012.62,5265.42,2454.61,3653.99,0
18,PAYMENT,2784.35,57352.19,56755.55,11142.88,11474.75,0
18,PAYMENT,3066.44,6350.88,4324.66,25449.6,26510.51,0
18,CASH_OUT,1089.74,890.74,840.1,16739.59,17562.13,0
18,CASH_OUT,6939.51,1664.74,1274.16,13850.88,19399.91,0
18,CASH_OUT,4115.03,2673.77,1226.68,7756.76,8417.76,0
18,CASH_OUT,1040.74,11818.21,9632.76,7530.52,8257.0,0
18,CASH_OUT,11789.38,33517.84,28747.53,6690.52,15560.54,0
18,TRANSFER,4371.96,9589.03,5072.97,12151.97,15598.81,0
18,CASH_OUT,4250.8,816.48,590.01,57966.6,61513.81,0
18,CASH_OUT,4217.51,9629.04,9076.26,1636.18,2719.91,0
18,CASH_OUT,1302.84,10516.66,7013.48,18593.95,19437.61,0
18,DEBIT,1982.72,8800.28,4535.61,11023.85,12074.47,0
18,TRANSFER,10132.09,15230.22,12556.19,33283.23,35253.66,0
18,CASH_OUT,11729.03,2616.13,1533.04,9732.7,20217.14,0
18,PAYMENT,1147.66,4021.09,3017.56,3194.24,4139.3,0
18,DEBIT,225.27,4408.3,2689.18,13341.16,13500.09,0
18,DEBIT,1357.63,22569.05,21248.92,11781.95,12711.08,0
18,PAYMENT,4694.55,18149.05,9197.87,15171.22,16659.02,0
18,PAYMENT,7123.72,12522.47,10220.58,7918.52,13143.56,0
18,TRANSFER,1599.58,1113.41,907.79,5872.46,6882.49,0
18,CASH_IN,6724.41,2848.13,2305.89,532.51,6706.55,0
18,CASH_OUT,2693.66,8054.3,5654.23,5373.78,6980.64,0
18,TRANSFER,1723.95,43422.49,32965.54,34946.4,35754.92,0
18,PAYMENT,2014.38,24882.96,21537.07,28337.67,29372.79,0
18,CASH_IN,2610.6,4672.47,3899.22,5378.98,7598.18,0
18,PAYMENT,6354.16,2113.24,1133.39,26277.13,28179.95,0
18,TRANSFER,1004.45,19824.67,13694.77,39122.54,39497.68,0
18,PAYMENT,10161.45,126504.39,89127.67,31986.56,40218.12,0
18,PAYMENT,4067.1,1942.29,1619.64,5069.52,8040.68,0
18,CASH_IN,907.05,6158.18,4950.32,2754.46,3572.11,0
18,PAYMENT,5604.23,44660.51,37972.8,6413.48,11499.61,0
18,PAYMENT,7325.56,3055.2,2338.97,30782.03,34425.07,0
18,DEBIT,3417.15,4647.61,3750.53,86538.27,88919.28,0
18,CASH_OUT,6521.9,13844.23,10018.96,13498.28,18719.59,0
18,CASH_OUT,1633.34,2441.57,1892.42,9237.92,9677.83,0
18,TRANSFER,7183.55,273831.24,194130.18,7172.55,13862.46,0
18,TRANSFER,2451.7,3837.52,3628.08,13621.06,15003.1,0
18,PAYMENT,1694.0,2443.67,1977.44,6727.85,7519.24,0
18,CASH_IN,9064.49,7362.4,4801.78,161712.72,167972.77,0
18,CASH_IN,2483.0,3827.93,3578.97,31250.85,31818.69,0
18,TRANSFER,1265.89,1837.1,1172.41,8813.49,9391.02,0
18,CASH_OUT,1458.72,9448.54,7417.62,50767.28,51980.49,0
18,PAYMENT,3782.9,29836.34,25024.94,6310.22,6701.85,0
18,PAYMENT,28754.65,13594.82,11344.89,112884.93,127978.52,0
18,CASH_OUT,1502.09,5180.39,3820.33,1924.38,3408.0,0
18,CASH_OUT,2207.42,28192.1,21234.01,5048.25,6400.44,0
18,CASH_IN,1712.5,15685.45,6116.89,8810.86,9498.76,0
18,CASH_IN,3932.73,14546.08,13110.31,1340.67,4021.18,0
18,TRANSFER,1753.04,2247.19,1771.93,5504.61,6889.31,0
18,CASH_IN,761.1,13177.32,9161.95,20349.08,20718.96,0
18,PAYMENT,4426.12,38580.37,18789.12,21763.72,25907.11,0
18,TRANSFER,10531.53,7800.42,6238.2,30130.01,39707.85,0
18,CASH_IN,1002.98,37593.37,36657.63,38412.43,38670.23,0
18,PAYMENT,2104.36,12859.94,5196.37,12866.4,14580.02,0
18,PAYMENT,4006.21,1323.29,1312.22,7180.53,10491.52,0
18,PAYMENT,3069.52,2917.61,2003.47,6361.08,7109.37,0
18,PAYMENT,1681.03,10574.63,8941.44,15892.88,17134.57,0
18,CASH_OUT,2714.34,5329.54,4516.36,17490.81,18915.4,0
18,CASH_OUT,15501.74,13160.25,10706.18,31554.51,42817.26,0
18,DEBIT,2571.55,3334.57,1956.41,15294.98,17700.3,0
18,TRANSFER,18631.56,8513.28,6135.41,15898.6,28414.02,1
18,PAYMENT,851.24,10530.38,6960.48,21158.96,21390.38,0
18,CASH_IN,3217.65,57457.52,43227.84,28484.33,29299.39,0
18,TRANSFER,6961.1,31017.79,26513.44,9177.14,15953.91,0
18,PAYMENT,10882.12,6968.41,4465.45,7754.05,14579.84,0
18,CASH_IN,10881.43,7090.82,5862.11,9648.56,19004.07,0
18,TRANSFER,1229.39,1170.44,824.43,16783.43,17269.04,0
18,PAYMENT,11391.66,6829.09,5384.15,15563.67,24574.0,0
18,CASH_IN,5631.33,1871.29,722.67,83135.49,88043.18,0
18,PAYMENT,29103.98,7695.76,5938.72,4638.57,13862.65,0
18,CASH_OUT,6885.91,5372.4,2414.78,38620.16,40150.22,0
18,CASH_OUT,3583.04,458.27,268.61,8945.58,12476.41,0
18,CASH_OUT,1435.73,3217.41,2104.97,7160.44,7702.88,0
18,PAYMENT,757.33,3836.23,2198.19,42547.2,42680.42,0
18,DEBIT,1184.35,5506.93,4149.78,61998.21,62835.27,0
18,CASH_IN,382.71,23427.53,15961.64,9282.88,9488.39,0
18,PAYMENT,2662.77,21085.71,14563.08,6993.3,8591.58,0
18,DEBIT,2909.3,6424.1,4763.18,19357.57,20868.68,0
18,TRANSFER,832.3,3131.19,2461.62,8979.05,9474.38,0
18,PAYMENT,5993.79,4446.51,3910.16,5381.18,6024.32,0
18,PAYMENT,854.16,1993.58,1640.58,18249.78,18430.46,0
18,TRANSFER,1356.65,3216.62,2714.73,7565.38,8442.2,0
18,CASH_OUT,10495.12,13686.51,11675.25,25363.23,34194.22,0
18,TRANSFER,318.44,3045.35,2509.91,11736.27,11770.38,0
18,PAYMENT,2219.58,5574.02,4946.5,29841.23,30350.41,0
18,TRANSFER,10388.82,3421.44,2625.82,13628.37,15280.47,0
18,CASH_IN,3148.3,22443.67,16198.56,7722.87,10242.24,0
18,CASH_IN,7215.93,31434.82,22923.88,36828.36,41374.26,0
18,TRANSFER,5268.83,3878.21,2964.75,25198.62,29249.25,0
18,CASH_OUT,2105.35,3675.76,3016.02,7108.02,8920.4,0
18,CASH_IN,2204.66,5051.84,4485.06,4109.99,5142.57,0
18,PAYMENT,12103.51,32121.55,24354.28,9734.53,20878.5,0
18,PAYMENT,7235.09,5457.3,4315.74,2005.62,5500.77,0
18,TRANSFER,1015.13,57118.42,45363.32,6618.4,6774.06,0
18,CASH_OUT,3505.11,21204.74,18913.4,52352.43,54838.93,0
19,PAYMENT,64204.3,18711.07,14319.01,2863.5,53799.42,0
19,CASH_OUT,1744.31,4139.8,3695.61,28030.18,29378.12,0
19,PAYMENT,6723.02,14354.85,12653.42,28305.85,31174.47,0
19,PAYMENT,1650.8,9006.92,7184.56,12756.65,12983.62,0
19,TRANSFER,9455.83,17499.98,14509.15,6992.95,12136.78,0
19,PAYMENT,496.55,2716.24,1806.1,40824.21,40950.39,0
19,CASH_OUT,10365.29,29344.84,18857.35,6080.89,14163.33,0
19,TRANSFER,2585.53,5665.85,4240.31,10891.84,12253.28,0
19,PAYMENT,1054.87,3058.25,2762.57,2269.46,2683.2,0
19,CASH_OUT,1303.68,10918.02,9097.1,8427.36,8749.32,0
19,TRANSFER,346.14,19961.21,9497.11,4908.81,5205.07,0
19,PAYMENT,3435.34,6735.45,4361.07,4193.23,5119.06,0
19,PAYMENT,15734.74,24516.02,21577.52,16481.2,19256.39,0
19,TRANSFER,5476.96,3092.61,1060.31,16052.02,18383.89,0
19,PAYMENT,5435.71,3938.68,2539.49,9030.84,9798.91,0
19,CASH_IN,509.82,3726.86,2527.3,7168.43,7402.69,0
19,TRANSFER,1084.79,9348.3,5262.85,9698.37,10511.72,0
19,CASH_IN,2776.62,2803.69,1614.3,17080.06,18583.3,0
19,PAYMENT,1492.73,19228.82,13705.44,8749.71,9141.94,0
19,PAYMENT,10129.88,2736.33,2365.55,1294.3,8108.15,0
19,CASH_OUT,1648.22,38499.07,36024.12,23455.47,24285.48,0
19,TRANSFER,4205.16,10845.72,5932.05,8403.21,10454.03,0
19,PAYMENT,7415.57,9015.5,5763.8,28702.89,34392.87,0
19,PAYMENT,1494.49,14861.69,7573.02,143912.72,145109.5,0
19,CASH_OUT,4820.11,7707.79,6856.47,10046.99,11158.55,0
19,PAYMENT,4407.86,12822.8,11569.93,13799.15,14776.18,0
19,PAYMENT,5411.51,8224.51,7493.01,14859.09,15605.82,0
19,CASH_OUT,10740.57,11287.39,6136.24,17183.91,26150.51,1
19,TRANSFER,2346.46,2956.38,2543.92,6577.76,8229.23,0
19,TRANSFER,398.46,73104.21,48414.73,73953.18,74064.41,0
19,CASH_IN,639.11,11588.55,9583.41,1922.46,2550.13,0
19,PAYMENT,2794.64,13322.49,8185.38,11365.69,13484.68,0
19,PAYMENT,461.02,5812.08,4524.23,18419.62,18707.22,0
19,TRANSFER,9121.94,28639.75,21098.99,29034.17,32216.05,0
19,DEBIT,15764.23,13430.67,11236.47,9416.42,19964.85,0
19,TRANSFER,2488.13,6038.62,4532.77,11981.74,13862.57,0
19,CASH_OUT,6312.96,30381.21,27823.84,10096.25,12811.78,0
19,CASH_OUT,2236.4,4762.13,4489.12,37108.53,38003.99,0
19,CASH_OUT,1969.87,920.79,852.82,17812.94,19754.38,0
19,PAYMENT,542.79,21316.71,19521.63,4290.49,4652.48,0
19,PAYMENT,1037.81,59348.23,52937.67,11420.95,12404.18,0
19,CASH_OUT,560.07,2291.66,1705.57,33176.26,33249.97,0
19,TRANSFER,2069.22,6222.75,5918.92,11799.53,12924.68,0
19,DEBIT,4468.63,8179.17,7105.48,41231.67,45312.17,0
19,TRANSFER,8255.93,16663.66,16039.81,27451.19,35336.63,0
19,PAYMENT,3131.94,24227.07,19272.2,2824.95,5411.28,0
19,TRANSFER,742.06,10489.44,7111.65,6357.36,6605.52,0
19,PAYMENT,2162.61,3821.47,3603.49,6450.84,7753.17,0
19,PAYMENT,2822.3,22975.4,19968.04,111076.3,112515.87,0
19,TRANSFER,8211.96,24037.87,10412.36,12083.43,16586.08,0
19,CASH_IN,6324.64,37453.38,17366.99,33127.74,36132.22,0
19,TRANSFER,2156.69,24462.63,14038.77,85768.87,87846.53,0
19,CASH_OUT,4324.41,7862.65,5779.39,8024.54,10426.73,0
19,TRANSFER,2092.25,1142.85,966.8,5767.87,6329.15,0
19,PAYMENT,6162.09,15715.5,10983.11,6233.09,11747.88,0
19,PAYMENT,5897.03,3781.65,2800.37,2255.08,6995.99,0
19,PAYMENT,3569.08,5585.47,2466.35,73471.26,75006.8,0
19,CASH_OUT,1996.13,41227.56,31440.81,9690.85,10183.48,0
19,TRANSFER,1141.19,6022.27,3953.44,20644.82,21294.26,0
19,DEBIT,1710.95,62632.89,50594.4,14235.23,15149.63,0
19,TRANSFER,1421.13,21549.67,20243.29,10480.64,11435.84,0
19,PAYMENT,661.53,970.4,599.12,8444.02,8726.8,0
19,CASH_OUT,6141.54,1443.35,1311.85,26072.68,29180.22,0
19,PAYMENT,2243.72,726.73,517.49,9037.55,9940.56,0
19,TRANSFER,2495.4,23008.08,14909.04,17524.83,18416.11,0
19,PAYMENT,683.25,26389.2,22850.66,11595.47,12118.32,0
19,TRANSFER,1648.15,41259.8,12307.67,25357.65,25943.85,0
19,TRANSFER,2508.1,1559.54,970.39,1986.11,2741.16,0
19,CASH_OUT,1842.83,27226.2,24488.67,3300.9,4392.1,0
19,CASH_IN,9593.76,17391.63,13748.1,5086.25,7971.83,0
19,CASH_IN,1502.28,9981.52,8863.56,10026.84,11273.39,0
19,CASH_OUT,8792.67,66466.53,60641.5,5267.82,9046.19,0
19,PAYMENT,7439.06,6989.86,5142.91,10226.73,17382.82,0
19,PAYMENT,17950.49,9294.48,8439.05,14170.96,25347.66,0
19,CASH_OUT,2329.93,4428.92,2249.5,6466.55,7700.68,0
19,CASH_IN,4029.29,33804.59,29562.12,5126.95,8102.63,0
19,PAYMENT,20951.88,7063.69,6759.87,44645.41,64753.65,0
19,PAYMENT,6016.44,25693.42,19401.39,25029.21,27584.67,0
19,CASH_OUT,956.35,9647.26,7704.56,6291.14,6773.58,0
19,DEBIT,3961.41,9149.85,4634.98,7715.8,11595.91,0
19,CASH_OUT,3162.87,7351.19,5859.85,10381.58,10949.92,0
19,TRANSFER,9737.82,9420.26,6773.0,14070.83,18573.47,0
19,PAYMENT,25386.23,8315.13,5761.47,51419.19,54957.97,0
19,PAYMENT,3510.86,11207.33,10670.19,9817.71,12595.15,0
19,DEBIT,1593.66,8103.64,7946.61,13442.39,13601.91,0
19,CASH_OUT,3391.65,4343.83,3767.3,11738.29,14022.15,0
19,DEBIT,6934.76,10957.92,5575.46,1912.36,3722.48,0
19,CASH_OUT,3054.82,4777.03,2047.61,13482.82,15352.46,0
19,CASH_OUT,2707.37,11753.27,6770.69,8462.41,9934.79,0
19,CASH_OUT,19338.86,7757.22,6199.07,7226.04,15395.5,0
19,PAYMENT,5965.29,1368.6,1168.8,4236.95,6080.59,0
19,PAYMENT,903.59,5958.57,5300.39,21710.43,21945.98,0
19,PAYMENT,3926.4,39128.6,28881.66,9947.62,11092.04,0
19,TRANSFER,4018.36,5866.9,5361.87,25603.67,28318.83,0
19,CASH_OUT,790.23,10850.06,9709.73,17848.73,18156.83,0
19,PAYMENT,1597.07,5657.89,4242.15,18345.5,19518.55,0
19,CASH_OUT,2931.15,43387.97,16412.56,4184.89,5052.62,0
19,CASH_IN,720.7,8460.62,7633.96,25974.73,26111.73,0
19,CASH_OUT,6247.98,1486.38,1285.89,4713.49,6257.45,0
19,PAYMENT,1543.07,8902.49,7484.9,452991.87,453235.34,0
19,DEBIT,2629.63,2574.25,1963.61,5738.29,6946.84,0
19,DEBIT,3003.64,7601.64,7030.76,16351.06,16781.06,0
19,PAYMENT,2232.46,737.85,645.47,21653.57,23258.42,0
19,PAYMENT,11189.9,2440.98,1428.83,1661.32,8304.79,0
19,PAYMENT,4921.27,11719.49,7932.12,18776.22,21173.71,0
19,PAYMENT,1245.98,16881.19,11692.03,4782.64,5371.41,0
19,CASH_OUT,4779.03,67757.93,66917.64,6570.07,9691.65,0
19,PAYMENT,2459.9,2123.6,1806.21,2296.67,4006.04,0
19,PAYMENT,2461.23,36936.9,20087.99,2762.52,3757.41,0
19,DEBIT,4551.96,3160.61,2113.71,5569.98,7514.2,0
19,PAYMENT,1091.14,10522.59,7388.53,8693.15,9440.45,0
19,CASH_OUT,893.71,3178.21,1904.46,336.69,563.29,0
19,CASH_OUT,6650.85,30243.79,25818.37,19090.79,23866.99,0
19,TRANSFER,681.32,6659.14,2823.18,5816.47,6448.12,0
19,DEBIT,540.79,6469.25,5934.46,4178.4,4364.09,0
19,PAYMENT,1459.44,4165.12,3448.52,6385.15,7139.0,0
19,PAYMENT,1415.01,38365.88,22756.37,5498.02,6587.88,0
19,CASH_OUT,7557.94,1166.83,1015.57,16832.52,24040.44,0
19,TRANSFER,2858.13,3589.06,3181.89,1997.93,3666.88,0
19,PAYMENT,8133.92,2018.72,1756.44,8868.85,14849.95,0
19,CASH_IN,2293.35,5533.38,5340.92,43653.93,45444.36,0
19,CASH_OUT,2936.59,5483.94,4260.71,22292.69,25073.36,0
19,PAYMENT,15129.03,43874.31,36989.46,30263.11,32963.66,0
19,PAYMENT,8410.94,15261.9,7807.74,18957.31,25867.38,0
19,PAYMENT,3158.04,61297.32,48494.35,5778.03,8923.03,0
19,PAYMENT,857.28,36943.44,29108.94,18815.2,19052.91,0
19,TRANSFER,4550.97,6767.3,5809.35,7388.73,8767.39,0
19,DEBIT,4215.33,3279.86,2383.28,2255.06,3186.77,0
19,CASH_OUT,3096.08,13349.75,9551.11,20327.45,21931.0,0
19,CASH_OUT,887.61,2950.79,1933.51,32445.97,32799.71,0
19,TRANSFER,6142.21,10147.97,9655.3,10140.16,15592.27,0
19,CASH_IN,2787.48,24481.99,21109.37,11582.58,12455.39,0
19,CASH_OUT,12603.66,56330.95,52698.87,27525.15,29884.43,1
19,CASH_OUT,642.03,7419.0,5402.72,18537.82,18676.7,0
19,PAYMENT,5569.31,40589.13,36918.68,31718.27,36217.05,0
19,CASH_OUT,1082.23,11271.61,7373.63,4761.71,5672.2,0
19,TRANSFER,1683.52,39284.61,34440.1,7429.63,8291.11,0
19,PAYMENT,1665.65,17461.39,15815.52,5212.13,6455.92,0
19,TRANSFER,1367.76,4706.6,4485.45,15744.6,17087.6,0
19,PAYMENT,7683.19,30727.15,23294.5,10529.25,12312.02,0
19,TRANSFER,1282.78,3076.77,2548.01,16215.11,16440.11,0
19,PAYMENT,3360.32,4649.92,3970.47,47156.99,48214.0,0
19,PAYMENT,2651.62,8182.18,6210.29,3090.6,5286.4,0
19,CASH_IN,2976.64,1201.0,689.88,46064.38,47291.23,0
19,CASH_OUT,9593.84,11541.73,6874.84,9179.77,11491.28,0
19,CASH_OUT,11626.84,20392.26,14712.91,52126.91,55360.28,0
19,TRANSFER,4665.59,7198.85,3699.2,26078.6,27048.19,0
19,PAYMENT,1895.31,26972.17,14799.52,25764.02,26231.61,0
19,CASH_OUT,3654.97,12117.2,10036.07,26891.01,28679.48,0
19,PAYMENT,310.53,8614.76,5969.63,17983.44,18259.61,0
19,DEBIT,3338.95,3085.84,2220.51,3750.01,4780.11,0
19,PAYMENT,1456.33,15010.05,12816.38,25754.12,26678.71,0
19,TRANSFER,1752.85,2424.48,1290.59,2457.39,3993.72,0
19,CASH_OUT,3528.53,13134.87,11283.31,6823.83,7976.68,0
19,PAYMENT,2922.81,12356.26,8196.43,2403.78,4298.94,0
19,CASH_IN,1265.18,6732.52,4555.28,84862.71,85729.88,0
19,CASH_IN,844.51,16669.41,12879.01,16717.96,17433.85,0
19,CASH_IN,2378.32,2832.71,2504.56,7142.69,7979.17,0
19,TRANSFER,1383.99,2901.46,1839.78,16325.95,17176.23,0
19,CASH_OUT,1336.27,6102.65,3014.28,10937.73,11800.86,0
19,TRANSFER,1296.91,13132.95,9024.75,3315.25,4201.99,0
19,PAYMENT,4118.56,23944.25,15043.74,1349.76,2616.41,0
19,CASH_OUT,957.37,2561.78,2015.7,4960.0,5625.73,0
19,PAYMENT,3587.07,1891.76,1700.98,17961.16,19175.33,0
19,PAYMENT,3599.81,4188.51,3657.12,3707.47,5699.45,0
19,CASH_OUT,665.43,22619.83,15583.46,50543.97,50743.91,0
19,CASH_OUT,15163.37,17791.69,14145.6,29571.57,35958.31,0
19,TRANSFER,1535.78,4259.64,2890.79,41339.26,41537.41,0
19,TRANSFER,3367.18,3485.65,3025.97,27949.86,29316.36,0
19,TRANSFER,2312.63,73555.44,71605.79,9389.73,11576.7,0
19,TRANSFER,2223.87,3718.07,3205.34,14161.79,16119.96,0
19,TRANSFER,5191.59,8256.76,7214.44,2258.16,6528.12,0
19,PAYMENT,5290.09,19870.27,16844.4,17102.91,20745.68,0
19,TRANSFER,2653.1,5748.62,4483.18,16245.08,17365.76,0
19,CASH_IN,3169.74,55920.24,47702.57,45159.52,48107.71,0
19,CASH_OUT,2205.51,8761.5,6913.34,9855.19,10201.37,0
19,PAYMENT,31146.9,10435.41,6949.35,9689.61,22803.76,0
19,CASH_OUT,6740.56,8069.92,6993.05,20180.78,25931.33,0
19,TRANSFER,1066.73,51903.18,38182.16,55483.05,56507.35,0
19,DEBIT,6417.41,3052.17,2229.39,75083.84,76860.06,0
19,PAYMENT,11445.53,3827.65,3266.82,3034.69,5196.08,0
19,TRANSFER,2306.36,18683.75,15178.79,31909.93,33121.53,0
19,PAYMENT,6833.46,62493.31,28638.65,3846.48,6514.24,0
19,CASH_OUT,5210.95,8158.46,7665.75,36926.55,41748.07,0
19,TRANSFER,2648.08,30348.67,21694.09,8003.43,9297.41,0
19,CASH_OUT,1009.39,3405.32,2395.83,46760.07,47721.85,0
19,PAYMENT,3286.01,2353.09,2036.99,20287.03,23352.49,0
19,PAYMENT,3000.33,3077.22,2631.37,9147.46,10650.3,0
19,PAYMENT,4970.6,6358.18,4726.15,4151.35,6138.04,0
19,CASH_OUT,3381.7,1272.27,490.03,15286.45,18238.03,0
19,CASH_IN,1062.29,2035.83,1497.25,5051.11,6001.18,0
19,PAYMENT,6119.19,1982.16,1247.32,39425.42,45004.77,0
19,PAYMENT,2624.71,11677.83,7722.22,18448.79,19420.32,0
20,TRANSFER,1358.3,7454.45,6886.25,10549.93,11275.25,0
20,CASH_OUT,1860.29,4496.73,2752.25,50823.43,52383.9,0
20,CASH_OUT,6518.94,12499.78,8403.84,13130.14,14339.29,0
20,CASH_OUT,787.73,36905.12,24937.69,1948.26,2100.1,0
20,PAYMENT,10385.06,1228.22,882.33,2407.64,3672.5,0
20,CASH_OUT,3994.12,49678.9,40188.22,3209.3,6527.64,0
20,CASH_IN,13738.95,14912.49,11572.91,3059.53,10297.32,0
20,PAYMENT,2659.59,11314.05,5249.41,3788.41,6151.36,0
20,CASH_OUT,2162.31,5652.28,3451.3,3026.69,3458.57,0
20,CASH_OUT,1547.94,15143.36,11369.55,8141.67,8950.33,0
20,TRANSFER,3623.94,2782.58,1928.36,29244.62,31389.57,0
20,DEBIT,5174.07,4208.83,3095.9,22603.9,27735.82,0
20,CASH_IN,2158.03,6006.11,3532.18,3701.33,4068.31,0
20,CASH_OUT,5034.96,10984.63,8534.67,7274.17,9000.0,0
20,PAYMENT,3260.45,3324.99,2007.49,32442.8,34547.86,0
20,TRANSFER,8430.99,7170.54,5678.0,33779.3,35040.98,0
20,PAYMENT,2605.5,35681.52,33057.07,49170.62,49860.03,0
20,PAYMENT,9291.76,47619.11,41516.99,25607.62,27554.99,0
20,CASH_OUT,18889.03,2884.77,2225.26,16221.92,20884.74,1
20,PAYMENT,6655.69,7039.44,6126.59,9089.88,13103.77,0
20,CASH_OUT,1601.79,5954.99,4472.25,8012.41,8865.6,0
20,PAYMENT,25131.61,6420.19,4438.15,2717.37,20223.47,0
20,PAYMENT,1255.83,5322.18,4262.67,5820.62,6318.83,0
20,TRANSFER,7625.85,12822.37,9343.99,36364.3,42074.15,0
20,PAYMENT,7785.51,5665.16,4809.6,5651.89,12017.05,0
20,PAYMENT,3390.45,4255.41,3762.26,16363.3,17886.74,0
20,CASH_IN,905.8,38262.73,20986.73,18324.72,18883.48,0
20,PAYMENT,1860.61,9141.72,7979.88,21415.27,22661.24,0
20,PAYMENT,2635.11,2961.47,2328.53,27481.11,28952.46,0
20,TRANSFER,1957.9,9313.66,7621.48,45219.14,46499.5,0
20,PAYMENT,529.25,4921.38,2618.56,2947.1,3009.39,0
20,CASH_IN,1661.57,608.84,575.32,5429.48,6719.08,0
20,CASH_IN,2562.3,7268.65,4079.87,1045.94,2762.08,0
20,PAYMENT,6007.39,45253.51,31559.85,6045.42,9941.92,0
20,CASH_OUT,2674.28,157.04,105.31,12622.92,13764.58,0
20,CASH_IN,312.43,22661.42,22496.53,14755.89,14955.41,0
20,CASH_OUT,3313.71,6428.98,5605.36,9881.76,10801.09,0
20,CASH_IN,3185.96,18945.52,11185.71,2859.45,4277.16,0
20,CASH_OUT,4635.53,1392.65,1131.0,3733.98,6718.86,0
20,TRANSFER,617.75,4423.55,3505.24,8342.5,8802.34,0
20,TRANSFER,10129.0,63586.23,45897.08,6460.54,8247.65,0
20,PAYMENT,11672.34,2556.03,1186.69,12495.39,21325.28,0
20,PAYMENT,1861.34,10799.8,10095.7,4994.1,6736.86,0
20,CASH_OUT,493.91,28506.29,24245.72,3731.53,4105.42,0
20,PAYMENT,1543.1,718.53,516.5,13206.63,13918.69,0
20,TRANSFER,2218.94,8629.95,3666.15,24655.81,26010.04,0
20,TRANSFER,3406.45,33934.65,21717.6,23949.99,27076.36,0
20,TRANSFER,2701.11,17526.15,13542.79,22606.4,24317.17,0
20,CASH_OUT,2456.52,13149.21,11852.32,9286.51,10067.24,0
20,PAYMENT,1148.12,4611.99,2780.28,4405.64,5240.69,0
20,PAYMENT,447.12,3415.45,3265.98,28868.0,28942.6,0
20,CASH_OUT,432.66,26070.21,18182.15,16553.8,16604.01,0
20,TRANSFER,3745.04,69784.9,68401.09,6251.04,7401.15,0
20,TRANSFER,804.41,1728.08,1362.21,17920.15,18304.2,0
20,CASH_OUT,1650.36,22503.67,13301.06,10937.88,11308.63,0
20,TRANSFER,1382.39,1993.17,1718.9,63436.33,64005.63,0
20,CASH_OUT,3714.68,6211.71,4879.86,563.95,3439.49,0
20,PAYMENT,1952.83,4020.75,3215.64,17603.58,18963.74,0
20,CASH_OUT,1196.86,6299.84,4523.47,24698.14,25301.95,0
20,TRANSFER,8494.44,18530.01,16849.62,6045.79,13500.89,0
20,TRANSFER,18055.26,21992.18,10621.38,19485.39,35437.71,1
20,PAYMENT,6328.7,15715.0,13045.75,72161.29,76307.47,0
20,PAYMENT,844.87,5503.1,4237.49,4608.13,4984.37,0
20,PAYMENT,1833.37,3076.5,2117.28,10462.38,10780.44,0
20,TRANSFER,902.9,1000.92,951.84,1584.16,1990.05,0
20,CASH_OUT,1894.25,3460.57,2556.75,22990.76,24258.03,0
20,CASH_OUT,1924.74,8168.36,4211.6,18481.74,19247.79,0
20,PAYMENT,17485.5,2187.74,2024.21,23028.62,35898.25,0
20,DEBIT,5999.14,4573.24,3259.44,26934.35,28662.83,0
20,TRANSFER,2778.43,17315.62,15314.09,20421.62,22364.03,0
20,TRANSFER,2096.82,1197.58,1143.45,2517.27,3915.12,0
20,PAYMENT,2301.48,8132.59,7169.57,11253.3,11872.99,0
20,CASH_OUT,6047.2,3814.8,3299.96,2681.07,3990.68,0
20,CASH_IN,1013.22,34836.9,26627.39,4281.87,4547.82,0
20,CASH_IN,2478.82,4277.97,4079.41,9780.06,10570.97,0
20,TRANSFER,3284.98,16610.38,9963.91,1207.45,2813.74,0
20,TRANSFER,5490.89,6839.89,4751.27,3272.72,6735.65,0
20,CASH_OUT,1812.58,1993.36,1046.01,1438.1,1640.78,0
20,DEBIT,8118.78,2728.53,1800.78,14789.5,21990.15,0
20,CASH_IN,11391.16,9842.48,8097.44,20880.24,30540.89,0
20,TRANSFER,6838.36,1247.39,653.62,24941.92,31524.01,0
20,CASH_IN,1282.59,14989.04,11927.57,1688.9,2056.61,0
20,PAYMENT,4239.7,3167.0,2828.94,8242.34,10148.45,0
20,CASH_OUT,1535.2,5252.55,4420.51,6498.62,7627.41,0
20,CASH_OUT,6980.27,5641.27,2886.26,7243.75,8735.59,0
20,PAYMENT,10728.78,7495.45,6048.99,6594.18,11075.27,0
20,CASH_IN,4907.55,21024.64,16903.33,35934.12,39172.6,0
20,TRANSFER,779.22,23418.29,18136.24,8180.51,8537.7,0
20,CASH_OUT,2356.15,9674.99,6896.56,15832.19,17005.21,0
20,TRANSFER,3001.12,11426.46,3743.99,11217.32,12851.68,0
20,TRANSFER,7195.37,314.69,219.32,14916.66,20389.61,0
20,TRANSFER,9977.76,8654.24,6301.58,9144.9,11662.28,0
20,PAYMENT,2393.84,12821.68,11580.29,3638.42,3932.61,0
20,CASH_IN,383.34,72152.35,61996.33,49889.81,50251.03,0
20,CASH_OUT,793.98,41254.51,28539.27,16877.4,16991.58,0
20,CASH_OUT,5153.03,3528.11,2459.71,3527.73,4629.14,0
20,CASH_OUT,3842.98,266.83,218.71,46044.07,47591.88,0
20,PAYMENT,15498.17,4835.1,2547.16,2913.08,12568.34,0
20,PAYMENT,5984.36,34811.94,28254.54,21415.28,25721.05,0
20,CASH_OUT,15498.45,82904.05,77205.79,277908.53,282506.99,1
20,PAYMENT,16904.11,2174.5,1217.66,8280.07,23667.88,0
20,CASH_OUT,9550.97,2563.76,1417.8,9373.32,15079.52,0
20,PAYMENT,5315.63,21986.84,8681.16,16075.89,17636.37,0
20,CASH_IN,4818.95,7114.34,6076.9,53808.91,55010.66,0
20,PAYMENT,9434.79,2441.88,1452.39,9027.87,10127.07,0
20,CASH_IN,1041.25,3423.98,3313.42,11761.91,12563.05,0
20,CASH_OUT,2989.35,3132.34,2349.4,11618.87,12827.64,0
20,CASH_OUT,1211.43,5705.47,5150.18,7572.41,8391.92,0
20,PAYMENT,24713.62,3470.82,2810.16,5199.9,18448.25,0
20,CASH_OUT,1794.88,18160.0,15683.29,11904.45,12871.21,0
20,PAYMENT,833.56,3524.47,3340.76,69680.89,70434.52,0
20,TRANSFER,10261.02,4110.16,2967.19,2400.03,3749.42,0
20,CASH_OUT,3302.41,12562.5,12379.85,25997.07,28237.72,0
20,PAYMENT,14407.85,16910.03,14783.16,70891.11,84274.28,0
20,CASH_OUT,17020.55,5795.07,4855.42,12120.55,16403.2,0
20,DEBIT,1417.97,1557.19,1458.71,10057.91,10912.62,0
20,TRANSFER,532.52,12249.61,10518.61,7164.91,7681.37,0
20,PAYMENT,3304.96,30950.75,22776.37,32041.46,32767.1,0
20,CASH_OUT,2507.61,43177.33,36701.73,8397.73,10074.03,0
20,TRANSFER,3926.52,10603.21,3586.74,6958.71,9420.68,0
20,CASH_IN,1201.76,2413.63,2206.43,19310.37,19782.04,0
20,PAYMENT,2573.36,11641.91,8766.34,20548.66,21284.01,0
20,PAYMENT,4577.2,5749.37,4403.36,120263.07,121474.11,0
20,PAYMENT,3676.87,5286.67,4858.96,137323.49,139787.59,0
20,CASH_IN,20542.02,7124.52,5304.69,19361.58,26485.41,0
20,CASH_OUT,9155.67,81953.92,59003.11,22637.2,28917.03,0
20,CASH_OUT,10577.46,6499.38,4667.8,2042.03,10465.89,0
20,TRANSFER,18761.8,2138.35,1640.75,31232.75,38435.37,0
20,CASH_IN,4803.66,9986.46,8046.56,9926.43,14378.5,0
20,CASH_OUT,11623.25,13197.19,8351.49,36431.43,39160.89,0
20,PAYMENT,29623.54,6396.56,5871.31,878.69,30076.12,0
20,CASH_OUT,4009.25,4672.18,4082.02,3101.19,6305.73,0
20,PAYMENT,2234.29,4202.25,3196.19,10169.39,11641.94,0
20,CASH_OUT,3843.61,5891.67,4289.67,72123.7,74524.0,0
20,CASH_OUT,1161.8,55586.66,52835.07,3074.91,3478.6,0
20,CASH_OUT,644.41,11722.01,7442.3,5390.73,5509.39,0
20,CASH_IN,944.41,34911.21,22567.48,24401.81,24879.06,0
20,PAYMENT,7227.79,7845.86,6086.83,17937.07,23649.96,0
20,CASH_OUT,4531.96,7006.36,6003.53,96731.1,100385.46,0
20,TRANSFER,1047.66,4389.66,2919.5,18380.13,19301.49,0
20,PAYMENT,10694.09,1876.97,1344.66,19267.48,27797.9,0
20,TRANSFER,6456.33,4281.23,3590.8,20346.56,26110.58,0
20,DEBIT,880.38,6998.47,6898.75,3402.5,3518.62,0
20,CASH_OUT,6240.15,17069.65,12771.53,7336.7,9573.14,0
20,PAYMENT,4184.32,12567.39,3608.88,4697.7,7111.05,0
20,PAYMENT,4389.76,1781.65,990.38,11342.46,13275.25,0
20,CASH_OUT,452.58,681.42,395.43,30996.54,31049.84,0
20,CASH_IN,4477.06,778.71,460.67,15993.25,19282.37,0
20,PAYMENT,4813.58,7068.87,5303.08,18920.85,21755.57,0
20,TRANSFER,3449.51,34082.84,27473.3,4575.72,6880.65,0
20,TRANSFER,2043.76,4475.33,2915.67,5419.77,7450.17,0
20,TRANSFER,15679.37,7424.0,5246.32,15090.59,24837.63,0
20,TRANSFER,771.87,13785.74,13599.63,6673.66,6879.33,0
20,CASH_IN,7267.34,1499.91,1191.85,1465.58,6789.64,0
20,TRANSFER,3861.97,16148.4,10709.17,8724.13,9792.38,0
20,CASH_OUT,6153.42,58420.28,27781.14,4025.07,6748.27,0
20,CASH_OUT,5950.65,9549.49,6597.84,60806.75,64578.18,0
20,CASH_IN,3392.75,2615.5,2000.78,10862.63,11842.03,0
20,CASH_IN,377.95,6735.82,6474.86,86895.63,87199.78,0
20,PAYMENT,908.02,2331.07,2244.61,20618.64,21138.93,0
20,CASH_OUT,15312.95,5044.73,3819.27,34990.71,48492.58,0
20,CASH_IN,5850.22,16250.42,11654.95,2724.09,5912.5,0
20,TRANSFER,3540.97,4867.02,4353.05,9291.78,10487.93,0
20,TRANSFER,538.49,4660.88,4093.52,5700.67,6215.11,0
20,CASH_OUT,662.02,2657.46,2298.53,45479.56,45826.97,0
20,PAYMENT,7685.42,8991.3,8327.75,2731.1,8211.34,0
20,PAYMENT,3887.21,17684.59,15788.77,66652.52,68916.18,0
20,DEBIT,505.15,13814.8,6677.29,82632.05,82805.47,0
20,PAYMENT,35234.22,13728.82,13171.43,17025.42,30003.4,0
20,CASH_OUT,8634.31,31723.3,24351.56,10891.94,16370.55,0
20,CASH_OUT,7398.98,1435.94,1223.41,15676.92,18052.98,0
20,CASH_OUT,11058.94,3574.31,2771.2,3870.77,5892.64,0
20,CASH_IN,901.05,374.67,306.23,10659.89,11032.51,0
20,PAYMENT,533.9,36090.36,21702.26,150519.73,150752.98,0
20,PAYMENT,12700.59,3139.19,2992.72,34935.42,42185.63,0
20,TRANSFER,1183.81,3853.22,3663.94,40094.55,40522.55,0
20,CASH_IN,2522.09,21622.22,13002.65,12650.52,15001.53,0
20,TRANSFER,1347.61,14269.71,11355.17,2596.63,2920.44,0
20,CASH_IN,2050.44,7983.12,6780.13,7144.06,8635.23,0
20,PAYMENT,9050.67,13110.74,8624.69,9478.15,13118.28,0
21,CASH_OUT,2751.27,15654.88,9622.65,6648.33,7960.39,0
21,CASH_IN,25585.39,4382.06,3859.69,20276.61,38568.89,0
21,CASH_OUT,366.87,8319.86,6754.17,6697.92,7062.14,0
21,CASH_IN,4633.25,9454.93,6485.5,6892.53,8558.98,0
21,PAYMENT,30732.99,18937.37,12542.72,36680.19,43422.52,0
21,PAYMENT,5787.5,70729.38,67728.99,11182.41,12916.02,0
21,CASH_OUT,4495.29,1545.72,1237.85,6541.0,8601.45,0
21,PAYMENT,1032.1,3603.99,2988.25,2192.49,2621.92,0
21,CASH_OUT,1742.63,6365.59,4891.51,11942.69,13520.28,0
21,PAYMENT,2769.47,19665.47,14690.22,24562.87,25672.14,0
21,PAYMENT,1620.92,8834.89,7278.66,19680.48,20685.95,0
21,PAYMENT,1562.36,2408.46,1621.48,43450.84,43856.31,0
21,CASH_OUT,1098.24,32208.15,29481.7,6792.61,7318.13,0
21,CASH_OUT,6417.14,2993.82,1282.38,27118.91,29758.23,0
21,CASH_OUT,10056.22,8756.21,6630.41,55857.02,65379.6,0
21,CASH_OUT,1739.6,16866.46,10788.63,14668.45,15624.41,0
21,CASH_IN,614.1,2941.2,1651.3,14070.48,14279.61,0
21,CASH_OUT,1226.2,9417.78,8352.26,6422.12,6783.07,0
21,CASH_OUT,1190.17,4305.95,2600.91,16438.1,16748.68,0
21,PAYMENT,4010.98,7389.38,2907.47,5798.92,8922.79,0
21,CASH_OUT,4997.07,24543.77,23949.71,3534.04,6884.09,0
21,CASH_OUT,433.3,92739.15,86275.35,9825.46,9898.93,0
21,TRANSFER,3221.23,14169.14,5880.21,12778.1,14988.22,0
21,CASH_IN,3406.61,10673.04,8283.71,5339.38,6392.04,0
21,DEBIT,6362.49,2681.32,2425.06,4657.35,10939.21,0
21,PAYMENT,5389.73,62567.13,45735.12,19245.53,23808.65,0
21,TRANSFER,2929.84,36349.05,29008.96,3594.9,4524.94,0
21,CASH_OUT,7192.06,11095.28,7983.14,8165.71,14876.77,0
21,DEBIT,25663.45,18279.45,13067.52,9541.23,25417.64,0
21,PAYMENT,1671.5,3853.49,3135.5,19126.17,20468.47,0
21,PAYMENT,1076.48,21023.61,17266.48,7591.52,8172.03,0
21,TRANSFER,3493.69,2195.96,2102.9,5346.49,7890.42,0
21,PAYMENT,2663.38,1405.18,1182.37,12236.88,13213.93,0
21,PAYMENT,1295.0,33238.86,26451.59,60002.11,61295.64,0
21,TRANSFER,19684.46,2349.75,697.27,25956.6,32874.66,1
21,DEBIT,1417.38,5947.06,5331.5,4653.89,5013.55,0
21,PAYMENT,232.68,3628.56,1556.81,21496.74,21677.55,0
21,PAYMENT,2140.31,2103.28,1755.61,1321.54,2690.09,0
21,CASH_OUT,2207.6,4259.92,3231.89,4775.99,6111.81,0
21,CASH_OUT,6067.8,1141.1,802.67,7085.23,9143.88,0
21,CASH_OUT,3276.26,2799.37,1872.49,126574.76,129433.03,0
21,CASH_OUT,1889.34,17666.58,14860.45,4761.82,5667.85,0
21,CASH_OUT,11788.71,29349.38,22407.18,16868.15,23972.26,0
21,PAYMENT,791.11,6485.46,6061.71,19402.91,19884.79,0
21,CASH_IN,5424.75,7828.89,6080.04,18834.29,22945.74,0
21,CASH_OUT,2135.8,6554.02,4388.08,36381.69,38395.79,0
21,CASH_OUT,1468.01,18615.99,15562.05,21672.36,22279.82,0
21,TRANSFER,2314.42,19894.63,12488.56,10334.12,11170.91,0
21,PAYMENT,24106.2,1780.67,1048.29,16505.75,19875.0,0
21,CASH_IN,1131.96,900.87,543.08,8611.79,8939.05,0
21,PAYMENT,8569.64,4315.59,3571.47,4804.83,13341.41,0
21,CASH_OUT,3318.27,7275.84,4313.79,7053.19,9016.3,0
21,CASH_OUT,2403.4,28340.45,25389.56,26871.48,28810.87,0
21,CASH_IN,4104.58,2456.18,2186.39,4300.47,5481.28,0
21,PAYMENT,332.23,13255.95,9385.23,8550.42,8878.92,0
21,TRANSFER,1464.62,5269.78,3515.6,12294.92,12763.77,0
21,PAYMENT,886.22,454.62,323.56,2960.51,3682.85,0
21,TRANSFER,3663.47,35185.32,18347.75,9513.12,10180.14,0
21,PAYMENT,7573.82,7517.57,4488.18,12334.44,13912.77,0
21,TRANSFER,2674.68,4275.73,1160.49,10826.91,12094.16,0
21,PAYMENT,13967.25,12247.06,10126.37,6767.06,10047.99,0
21,CASH_OUT,24649.74,3242.9,1692.38,1913.88,17571.11,1
21,CASH_OUT,5405.54,2427.14,1681.58,4822.27,5744.88,0
21,PAYMENT,369.11,24667.52,17746.15,14281.18,14370.07,0
21,PAYMENT,9137.6,22781.12,13574.1,22689.19,27028.35,0
21,PAYMENT,1441.14,33612.86,20346.74,37606.69,38942.38,0
21,TRANSFER,1489.01,6389.09,3779.54,4753.85,5450.07,0
21,CASH_OUT,9938.32,57009.43,43369.02,14667.05,20185.03,0
21,PAYMENT,6030.25,4739.22,3877.08,16077.09,19433.04,0
21,CASH_OUT,15040.18,33287.24,20558.96,15410.1,26032.75,0
21,DEBIT,12312.37,34604.91,25978.68,14665.44,26524.67,0
21,CASH_OUT,9737.66,2806.11,2202.32,40656.17,45377.47,0
21,CASH_OUT,5714.98,2977.38,2395.37,5450.71,10182.01,0
21,CASH_OUT,7308.06,4334.5,3011.78,26774.96,31113.59,0
21,PAYMENT,2312.35,1605.16,1549.88,2759.09,4101.06,0
21,CASH_OUT,7439.46,3812.07,3486.19,4304.53,6051.57,0
21,CASH_OUT,45279.75,2786.47,2748.52,5308.88,49390.42,1
21,PAYMENT,3761.98,6427.71,3139.43,9165.06,11815.15,0
21,PAYMENT,1731.44,34241.56,26586.01,14466.69,16180.85,0
21,TRANSFER,11666.39,2021.0,1803.5,20408.49,28493.37,0
21,CASH_OUT,4221.74,44171.63,41128.02,89353.36,90292.77,0
21,PAYMENT,736.82,35306.06,26996.17,6005.94,6357.78,0
21,CASH_OUT,789.61,4489.51,4016.78,26976.89,27333.76,0
21,CASH_OUT,14707.74,1524.04,1069.09,7931.32,11958.09,1
21,TRANSFER,3256.62,13594.34,7166.07,31839.46,32917.45,0
21,PAYMENT,8381.22,15007.77,10951.9,8639.34,10262.06,0
21,CASH_OUT,11147.44,24977.73,16543.92,6927.86,14387.93,1
21,PAYMENT,7172.49,20289.88,11604.43,11690.23,17119.47,0
21,CASH_OUT,7832.95,8335.82,4452.65,25326.13,28684.45,0
21,TRANSFER,654.96,9307.49,6900.1,2996.98,3488.65,0
21,PAYMENT,2244.95,3113.67,2779.61,24333.04,26329.14,0
21,TRANSFER,2419.13,62363.1,57057.8,9521.75,10165.91,0
21,CASH_OUT,3045.04,2920.41,2209.37,5648.78,6301.47,0
21,PAYMENT,2072.75,59445.96,40819.82,2156.98,3916.83,0
21,CASH_OUT,4363.15,4567.81,3451.47,175504.71,178366.42,0
21,TRANSFER,587.22,3393.56,3138.15,13865.8,14187.36,0
21,TRANSFER,1740.02,7055.5,6730.45,11775.45,13210.38,0
21,DEBIT,16445.66,26373.26,24412.02,47992.1,55207.62,0
21,CASH_OUT,2021.91,8967.5,8364.06,11655.95,11976.55,0
21,TRANSFER,3875.28,9401.27,7030.22,3468.66,6021.9,0
21,CASH_OUT,1236.73,14932.74,12625.06,19563.42,20688.72,0
21,PAYMENT,1257.78,14392.27,11406.19,26884.9,27421.15,0
21,CASH_IN,912.95,5522.25,5121.62,3981.0,4588.94,0
21,CASH_OUT,1971.66,4530.04,3517.32,97739.74,98212.68,0
21,PAYMENT,225.24,36462.91,25749.13,13752.34,13950.04,0
21,DEBIT,6821.75,8284.15,5325.26,38020.1,44700.3,0
21,TRANSFER,6032.55,21291.27,18528.91,9874.95,11063.18,0
21,TRANSFER,4355.33,60604.38,37119.57,3275.72,7254.35,0
21,TRANSFER,2310.73,25470.38,23626.23,9385.83,10313.55,0
21,CASH_OUT,9364.12,20058.17,15584.62,36087.31,41023.43,0
21,PAYMENT,12420.33,4472.55,2981.08,9831.05,16950.8,0
21,PAYMENT,6920.13,2710.37,2297.22,11661.05,15952.56,0
21,CASH_OUT,4112.99,3073.51,2434.62,42496.4,43625.82,0
21,CASH_OUT,21955.69,528.39,352.81,11216.19,29467.83,1
21,PAYMENT,2498.28,10987.36,7831.53,42988.64,44080.92,0
21,PAYMENT,1060.8,1104.5,1008.85,43264.83,43941.36,0
21,CASH_OUT,498.55,21327.26,16206.45,18007.08,18239.0,0
21,TRANSFER,935.67,10430.17,5147.58,8558.36,8710.63,0
21,CASH_IN,2951.32,4986.08,3062.79,36538.66,39194.68,0
21,TRANSFER,1660.11,14470.96,11561.1,19858.5,20092.93,0
21,CASH_OUT,1509.16,1254.27,918.66,3749.64,4081.14,0
21,PAYMENT,6257.66,1745.85,1040.35,11228.16,13746.41,0
21,CASH_OUT,3853.29,18918.08,13753.14,180719.88,181430.56,0
21,PAYMENT,2251.98,14379.37,8584.89,922.66,1848.97,0
21,DEBIT,8073.84,24727.36,18440.5,18284.24,20026.82,0
21,TRANSFER,3419.14,3257.65,2354.05,2471.82,2887.53,0
21,CASH_IN,2550.65,4451.93,2976.4,88601.61,89788.95,0
21,CASH_OUT,11049.37,21361.65,17230.39,9962.58,13628.05,0
21,CASH_OUT,873.93,14071.89,13573.56,16564.8,17317.37,0
21,CASH_IN,1393.7,1427.17,1355.76,34593.3,35204.74,0
21,PAYMENT,7264.98,12034.78,9072.68,18831.15,21184.57,0
21,PAYMENT,738.3,16039.14,11520.4,8083.3,8453.62,0
21,PAYMENT,12898.24,14703.43,13769.58,29594.21,38658.34,0
21,CASH_OUT,24810.35,3515.18,3160.55,95350.37,107441.48,1
21,TRANSFER,4398.69,16566.45,15137.53,20456.43,22134.52,0
21,PAYMENT,703.53,6208.56,2447.74,7564.17,8196.43,0
21,CASH_IN,7552.59,11454.07,9697.43,6803.66,8505.19,0
21,PAYMENT,21586.75,7043.07,3200.3,16099.66,28519.39,0
21,CASH_OUT,7596.69,2820.52,2240.43,32420.52,38807.43,0
21,PAYMENT,4819.38,7308.33,4805.52,23951.79,26119.03,0
21,CASH_IN,6507.28,19960.74,19005.1,5775.9,7192.28,0
21,CASH_OUT,1565.77,15594.03,11659.83,10093.09,11079.75,0
21,CASH_IN,357.17,25901.54,21415.2,6274.64,6504.26,0
21,TRANSFER,884.41,10551.78,7008.6,6322.06,6639.1,0
21,TRANSFER,1310.23,3611.94,2901.26,15084.88,15655.08,0
21,CASH_OUT,13086.84,11772.04,11029.25,10371.14,21267.75,1
21,CASH_OUT,6167.74,15843.97,12158.28,6934.94,12388.0,0
21,PAYMENT,3527.63,4721.91,3093.6,4945.82,5451.05,0
21,TRANSFER,942.3,12583.53,9297.83,27395.3,27587.18,0
21,PAYMENT,18304.25,4525.71,2057.11,15022.67,20444.23,0
21,CASH_OUT,4838.08,21531.98,18998.54,1924.98,4436.81,0
21,CASH_OUT,2256.04,12076.8,10489.49,2687.96,3836.85,0
21,CASH_IN,2005.64,90461.33,38133.56,4611.87,5917.47,0
21,CASH_IN,31627.38,6535.6,4534.86,3255.63,24325.65,0
21,CASH_OUT,7081.7,6789.37,4684.71,6050.49,10472.18,0
21,CASH_OUT,3238.1,861.62,535.64,35980.71,36911.98,0
21,TRANSFER,1162.08,10429.92,9663.58,632.74,1252.23,0
21,TRANSFER,1675.34,10508.31,7242.03,9313.4,9842.05,0
21,TRANSFER,5342.91,8220.24,6163.29,17952.18,22201.73,0
21,TRANSFER,4201.74,6432.03,3926.45,23594.97,27131.96,0
21,DEBIT,1678.3,10935.96,7177.77,29999.17,30829.88,0
21,TRANSFER,256.95,9409.79,8344.88,29706.37,29848.65,0
21,PAYMENT,13320.84,19119.12,12544.16,11688.29,13781.95,0
21,PAYMENT,596.27,15936.78,11170.19,11695.91,11933.61,0
21,TRANSFER,1755.62,5345.8,3398.99,6487.44,8107.65,0
21,PAYMENT,22594.65,5879.14,2362.21,21290.45,26121.75,0
21,DEBIT,3705.99,33719.69,16266.62,5900.93,7174.3,0
21,CASH_IN,4821.29,70390.02,52076.8,8258.72,12543.98,0
21,CASH_OUT,1948.37,3361.76,2082.59,4033.63,5515.3,0
21,PAYMENT,1229.79,867.65,531.65,6828.05,7041.04,0
21,CASH_IN,2461.57,28563.17,21521.68,97146.23,99549.29,0
21,TRANSFER,3071.42,3581.59,2888.78,69747.89,70700.05,0
21,PAYMENT,19170.91,16049.75,14343.86,7865.45,14627.88,0
21,PAYMENT,7038.15,4034.87,2764.25,5650.48,12206.47,0
21,PAYMENT,3651.03,3523.5,3183.15,17409.06,20961.94,0
21,CASH_OUT,13962.11,8077.01,7614.02,3419.53,5313.99,1
22,CASH_OUT,9798.44,5217.57,2705.73,23511.59,28367.24,0
22,PAYMENT,1286.15,9168.89,6913.42,17933.05,19164.2,0
22,PAYMENT,961.5,6356.45,3709.8,5994.14,6522.22,0
22,TRANSFER,2118.36,13333.67,11687.6,3601.44,4814.88,0
22,CASH_OUT,6145.75,8842.56,6831.19,22939.54,27158.52,0
22,CASH_OUT,3276.36,12114.65,10019.3,15798.89,16737.9,0
22,TRANSFER,1596.71,21889.36,17247.26,21892.25,22589.06,0
22,CASH_OUT,1010.21,6401.6,4784.66,6920.65,7219.35,0
22,TRANSFER,10730.7,10391.9,5714.48,3593.02,9099.7,0
22,TRANSFER,549.75,47249.41,24420.61,7248.3,7391.08,0
22,TRANSFER,1007.28,4090.21,3884.99,40891.69,41175.29,0
22,PAYMENT,2289.71,20009.62,17078.1,11042.59,12890.17,0
22,TRANSFER,8659.73,6429.61,6211.82,9485.17,16911.53,0
22,PAYMENT,1265.96,10068.1,6807.31,3458.08,4694.9,0
22,PAYMENT,921.44,23329.97,21680.61,11095.91,11506.01,0
22,DEBIT,4557.38,67727.55,58352.31,2352.79,4653.42,0
22,TRANSFER,5967.12,21716.33,10733.89,18489.22,22952.12,0
22,PAYMENT,4528.01,3718.59,3017.49,1173.73,4816.56,0
22,DEBIT,5292.24,11663.55,9099.77,10440.52,11346.47,0
22,PAYMENT,1345.22,5556.32,4409.74,5777.99,5942.56,0
22,TRANSFER,2044.35,6345.96,3874.32,37023.88,39021.53,0
22,PAYMENT,4194.04,3546.24,3527.99,23813.89,25405.8,0
22,DEBIT,1850.42,48640.48,42342.86,30724.18,32532.45,0
22,PAYMENT,1323.51,677.44,575.82,17916.14,18749.21,0
22,CASH_IN,1287.15,20151.65,18388.92,788.72,1804.24,0
22,PAYMENT,2710.22,5874.78,4739.03,31072.84,33212.7,0
22,CASH_OUT,1777.18,4694.44,3009.15,11556.34,13315.1,0
22,CASH_OUT,527.59,16219.15,10790.72,19340.86,19569.95,0
22,CASH_IN,2096.14,1627.58,946.8,7072.88,7817.19,0
22,CASH_OUT,20671.67,5913.6,4121.36,7347.88,27221.23,1
22,CASH_OUT,6206.85,2402.93,1790.04,87161.61,89453.28,0
22,PAYMENT,4678.96,1887.23,1090.32,15522.6,19671.99,0
22,PAYMENT,1649.95,6662.21,4239.33,7380.25,7868.6,0
22,PAYMENT,3399.25,3138.02,1906.0,18133.92,20225.23,0
22,PAYMENT,4121.36,62339.06,43825.42,14531.6,17280.54,0
22,TRANSFER,26370.21,13441.05,12138.09,11563.97,37213.04,0
22,CASH_IN,10096.26,8946.18,7168.71,13737.94,20599.88,0
22,CASH_OUT,8139.47,15549.89,12825.03,1652.18,7691.13,0
22,PAYMENT,45868.6,3544.67,2362.04,24878.27,37215.21,0
22,CASH_OUT,741.47,886.39,719.13,76652.09,77197.52,0
22,TRANSFER,2503.59,5008.81,4702.27,6317.99,7528.05,0
22,CASH_IN,6558.41,11134.06,9190.06,15321.74,20262.82,0
22,CASH_OUT,1453.96,1614.83,1538.86,9319.86,10103.61,0
22,CASH_IN,780.9,453.11,233.81,2727.02,3489.56,0
22,CASH_OUT,967.92,7538.16,6909.91,6261.95,6492.94,0
22,CASH_OUT,14134.93,45310.59,31036.19,6689.54,11014.76,1
22,PAYMENT,2019.54,49986.59,42774.02,16071.39,17604.62,0
22,TRANSFER,2050.37,19924.87,16779.08,7929.07,9840.55,0
22,PAYMENT,1226.2,10595.06,7189.91,33016.77,34128.36,0
22,PAYMENT,3023.29,12250.03,6943.05,11381.99,12397.74,0
22,CASH_OUT,12126.43,3707.58,2996.43,11549.69,20864.92,0
22,TRANSFER,763.33,2742.88,1569.17,1919.15,2497.66,0
22,CASH_OUT,1030.3,14189.06,11409.53,66877.43,67038.52,0
22,PAYMENT,2316.63,6520.02,5327.14,18006.57,18313.28,0
22,DEBIT,20931.85,37535.47,33832.98,5777.47,24037.36,0
22,CASH_OUT,8930.43,2042.17,1502.25,21376.67,29794.99,0
22,TRANSFER,10320.23,503.74,471.54,9100.94,16450.81,0
22,TRANSFER,1008.4,135212.73,70304.16,37507.66,38187.38,0
22,PAYMENT,863.6,42919.54,32106.15,1310.8,1637.72,0
22,DEBIT,584.3,3170.99,1680.58,23714.71,23977.62,0
22,CASH_OUT,1595.37,11266.08,11139.72,55980.99,56765.0,0
22,PAYMENT,4974.03,13631.37,13506.01,33165.61,35965.72,0
22,PAYMENT,12820.65,6022.29,5201.96,7342.91,8826.27,0
22,PAYMENT,2073.98,5500.93,4578.41,5839.85,7819.58,0
22,CASH_OUT,986.21,7616.77,4154.72,43807.99,44156.14,0
22,CASH_OUT,3169.01,6891.04,4985.49,11321.87,13031.49,0
22,TRANSFER,6829.69,10054.83,6427.98,2012.73,3485.89,0
22,CASH_OUT,3235.48,16610.83,13384.54,32282.09,35311.28,0
22,CASH_OUT,1856.04,16756.37,13063.01,17595.54,18787.49,0
22,CASH_IN,1166.93,1293.48,842.45,8516.88,9653.27,0
22,CASH_IN,1400.03,35280.14,27828.75,4867.55,5892.05,0
22,PAYMENT,2364.87,56730.32,40796.09,2625.22,4311.6,0
22,PAYMENT,990.57,3608.36,3339.19,6578.07,6705.58,0
22,TRANSFER,6713.89,14804.12,11256.16,4718.05,7658.38,0
22,DEBIT,629.19,22617.0,12517.69,6712.17,6799.14,0
22,CASH_OUT,6570.75,5687.71,4960.46,13742.58,15694.59,0
22,PAYMENT,564.31,22086.28,12414.18,1467.91,1592.08,0
22,TRANSFER,541.23,15605.47,7321.22,16422.63,16836.18,0
22,CASH_IN,3617.77,16656.8,15179.21,90000.44,91814.35,0
22,PAYMENT,1873.29,5321.12,2151.89,9866.83,11196.55,0
22,PAYMENT,1018.23,33445.14,26431.68,5858.76,6841.74,0
22,PAYMENT,3376.05,6485.66,5556.71,2782.11,3591.22,0
22,CASH_OUT,22809.91,11870.24,8420.9,19282.25,34514.35,0
22,CASH_OUT,2267.52,7451.14,5462.88,49785.53,50820.83,0
22,TRANSFER,1223.78,12415.01,11569.72,5824.53,7024.53,0
22,CASH_IN,2041.68,5698.53,5402.63,16387.99,17548.49,0
22,CASH_IN,3521.56,15319.01,11941.95,1309.07,2943.36,0
22,CASH_OUT,670.88,30014.86,24635.46,14630.56,14929.83,0
22,CASH_IN,77317.81,4764.55,3059.54,2363.06,32570.3,0
22,TRANSFER,7867.09,1051.64,888.03,22016.2,24558.53,0
22,TRANSFER,1897.26,17646.91,12624.62,25811.77,27107.21,0
22,TRANSFER,2070.51,7265.26,5915.49,20773.1,22178.08,0
22,PAYMENT,1227.31,8209.2,4556.25,4792.75,5361.02,0
22,CASH_OUT,1349.14,8301.41,3447.5,2492.45,3312.5,0
22,PAYMENT,5386.81,9928.61,8376.83,22209.27,24121.25,0
22,CASH_IN,20541.49,2145.13,1658.43,6831.79,23922.07,0
22,PAYMENT,671.35,8064.41,5589.01,4685.19,5107.67,0
22,CASH_IN,2998.19,10462.01,6814.37,12203.6,12575.37,0
22,PAYMENT,373.89,1343.93,1031.42,23190.14,23249.05,0
22,CASH_IN,1674.58,31102.73,24193.65,5408.39,6717.32,0
22,TRANSFER,7185.94,21413.71,17084.73,1830.0,6614.08,0
22,PAYMENT,1738.82,12438.94,7208.36,3733.11,4989.4,0
22,PAYMENT,9988.32,5084.34,3618.81,49922.84,58423.7,0
22,TRANSFER,1500.05,2639.41,2100.23,8213.89,8471.1,0
22,PAYMENT,10607.98,6731.12,4515.04,6581.89,14149.94,0
22,TRANSFER,5319.6,17045.6,13119.59,10735.65,11451.51,0
22,CASH_OUT,1198.74,11536.92,7475.97,1975.29,3041.61,0
22,CASH_OUT,3371.43,1099.96,671.32,22814.44,25477.77,0
22,CASH_IN,1756.56,57219.27,49294.23,2152.9,3077.41,0
22,TRANSFER,815.81,26935.09,25068.89,5078.4,5778.7,0
22,CASH_IN,3522.8,11965.5,8323.09,27662.42,30914.27,0
22,PAYMENT,4957.6,27770.84,18795.75,7462.24,10905.36,0
22,CASH_OUT,1831.33,1450.44,848.7,10335.9,10853.91,0
22,PAYMENT,2471.93,2413.64,2251.45,19978.71,20377.84,0
22,PAYMENT,2054.69,2999.74,1994.4,16418.44,17100.12,0
22,PAYMENT,1827.3,2829.25,2289.05,7669.76,8525.91,0
22,PAYMENT,1930.17,127563.47,92099.36,9993.84,10831.49,0
22,PAYMENT,361.93,17168.98,10562.56,7948.79,8208.14,0
22,TRANSFER,1450.48,8176.48,7238.83,11571.3,12403.93,0
22,PAYMENT,2208.06,10605.11,9177.98,11342.77,12685.96,0
22,TRANSFER,1813.05,5002.47,3402.66,52448.41,53619.63,0
22,PAYMENT,1249.73,108975.6,77427.28,21368.68,22419.1,0
22,CASH_IN,1399.89,7136.77,6973.58,7797.1,7957.19,0
22,CASH_OUT,15850.81,7143.13,4880.45,37077.72,41434.14,0
22,CASH_IN,2789.81,14037.28,13379.42,6886.91,9037.07,0
22,PAYMENT,1596.9,1274.26,794.03,15511.86,16386.58,0
22,CASH_OUT,2798.51,3152.6,2515.01,29095.81,31726.89,0
22,CASH_OUT,2743.74,40856.45,38567.7,2438.38,4517.59,0
22,PAYMENT,2546.14,3154.91,2803.7,15975.61,16425.38,0
22,PAYMENT,4000.78,5390.57,4564.9,28529.65,31886.35,0
22,CASH_OUT,12990.31,7677.79,4900.25,23881.84,29018.54,0
22,PAYMENT,578.55,74941.5,55207.8,16558.09,16963.04,0
22,CASH_OUT,2926.46,10023.22,8130.48,995.7,2834.31,0
22,PAYMENT,2800.3,3474.93,3170.69,10669.61,13109.16,0
22,PAYMENT,6144.1,4933.81,2861.45,7718.33,10878.87,0
22,PAYMENT,18165.98,17173.06,16503.31,14375.72,26151.88,0
22,CASH_OUT,415.89,8476.18,6675.98,3445.89,3848.91,0
22,CASH_IN,1629.49,3506.47,2767.22,43111.39,43376.69,0
22,DEBIT,5802.94,6983.97,3501.53,10937.08,13489.58,0
22,CASH_IN,6644.03,391.19,256.35,21717.43,24504.19,0
22,PAYMENT,1032.38,8070.96,7046.52,31876.15,32744.1,0
22,CASH_IN,2982.0,11483.44,8232.48,17859.62,20497.79,0
22,CASH_IN,557.17,10732.94,4288.1,8503.72,8768.27,0
22,CASH_OUT,1681.86,29796.09,22520.41,7628.44,8517.72,0
22,PAYMENT,2657.55,22936.04,14104.59,18618.32,20346.31,0
22,CASH_IN,1204.95,8240.45,7122.98,2567.35,3263.94,0
22,PAYMENT,7759.57,1389.45,1005.34,67028.4,69726.86,0
22,TRANSFER,6438.07,7919.53,7346.32,15102.37,15920.23,0
22,PAYMENT,837.84,4094.67,3333.58,34989.6,35414.03,0
22,CASH_OUT,2319.74,8880.28,5000.26,2193.26,2874.36,0
22,PAYMENT,5921.47,56614.75,31614.62,3029.03,4799.51,0
22,CASH_OUT,709.44,20823.34,14997.6,22284.16,22413.26,0
22,PAYMENT,5121.01,7975.48,5477.98,1978.85,5736.73,0
22,CASH_OUT,11601.25,3409.04,2071.65,23956.1,30104.85,0
22,DEBIT,826.9,12969.7,6361.1,11177.28,11921.87,0
22,CASH_OUT,6337.05,3777.19,3353.82,40621.8,41802.65,0
22,CASH_OUT,6345.75,13355.82,11680.59,5341.87,11262.29,0
22,CASH_OUT,28314.78,17025.56,15305.63,5576.84,15234.54,1
22,TRANSFER,20564.97,2736.25,2689.26,7624.19,26400.7,1
22,PAYMENT,794.88,11639.85,6888.37,27779.22,27919.3,0
22,CASH_IN,1493.54,811.41,509.61,2845.57,3265.44,0
22,TRANSFER,3756.05,36931.92,31704.32,15903.99,16736.95,0
22,CASH_OUT,6867.74,2500.76,1420.87,11054.7,16642.79,0
22,PAYMENT,1346.47,1045.16,726.2,6969.01,7111.5,0
22,CASH_IN,2783.4,25556.19,18663.59,2594.51,3387.39,0
22,CASH_IN,2028.31,31925.25,28633.83,121128.23,122153.44,0
22,TRANSFER,3836.8,3316.51,2945.85,25471.38,27968.91,0
22,CASH_OUT,3260.09,17756.92,13243.11,4689.81,6661.34,0
22,CASH_IN,3532.48,14008.36,12278.68,6633.11,7442.94,0
22,TRANSFER,644.42,4954.69,2229.95,16951.5,17050.83,0
22,CASH_IN,1222.67,20768.77,13594.21,7678.54,8624.27,0
22,TRANSFER,1367.29,6769.84,4056.92,6444.55,6820.98,0
22,TRANSFER,1095.41,35846.13,32652.07,10547.13,11583.04,0
22,CASH_OUT,334.38,5566.33,3535.8,36758.96,36986.58,0
22,TRANSFER,2711.33,8663.94,7185.83,9398.51,11149.68,0
22,CASH_OUT,569.8,5107.28,4344.73,28046.49,28402.0,0
22,CASH_OUT,674.81,3734.2,3029.42,7672.81,8186.17,0
22,PAYMENT,4536.31,4241.9,2949.56,5028.97,8858.91,0
22,PAYMENT,5258.16,1934.31,1754.74,31033.87,32367.03,0
22,TRANSFER,1280.69,523.98,458.03,52287.39,52691.62,0
22,PAYMENT,878.7,123877.45,119369.37,9935.64,10449.03,0
22,CASH_OUT,3702.45,41465.75,28807.75,38313.26,38807.0,0
22,CASH_OUT,3260.16,4784.26,3348.91,27213.72,29058.24,0
23,CASH_IN,368.31,8097.68,7728.65,2476.82,2703.69,0
23,CASH_IN,2634.7,6909.81,4207.4,27143.96,29579.24,0
23,PAYMENT,6201.04,22306.65,5405.56,6164.53,7887.43,0
23,PAYMENT,2061.5,13793.59,8643.01,17713.98,19640.79,0
23,PAYMENT,2440.19,19666.81,19136.43,4415.6,6799.34,0
23,CASH_IN,10146.33,16563.25,14333.18,63451.36,68290.72,0
23,TRANSFER,4846.91,19640.58,16770.86,11545.41,16391.84,0
23,TRANSFER,3439.32,28474.04,20276.94,2838.14,5165.46,0
23,CASH_OUT,6545.16,9020.31,7526.84,49300.29,52390.67,0
23,DEBIT,2261.82,838.86,789.31,2239.22,4181.0,0
23,CASH_OUT,382.59,6454.65,3387.85,17156.13,17465.86,0
23,CASH_OUT,1161.43,3776.71,2920.3,2602.62,3323.89,0
23,CASH_OUT,4493.54,5466.17,4603.65,27014.13,30707.04,0
23,TRANSFER,692.43,15154.38,11633.99,2550.12,2845.42,0
23,CASH_OUT,5435.61,47851.82,37128.77,8024.83,10989.18,0
23,TRANSFER,29692.37,1552.69,868.17,30926.83,50348.63,1
23,CASH_OUT,7932.52,8824.92,4834.68,4911.89,11219.32,0
23,CASH_OUT,2807.06,24111.77,21115.67,8433.72,9861.46,0
23,CASH_IN,1474.93,8280.1,4602.19,1069.2,1250.41,0
23,TRANSFER,2091.64,3476.15,3186.37,34322.32,35019.26,0
23,CASH_OUT,46241.37,14274.88,8283.01,5410.35,42924.47,1
23,PAYMENT,20272.59,22760.5,14817.28,6741.87,17974.03,0
23,CASH_OUT,980.55,24181.28,18218.17,10255.17,10444.62,0
23,PAYMENT,3475.8,1137.07,990.73,14161.66,16172.95,0
23,CASH_IN,838.25,46569.58,31633.45,2902.97,3285.61,0
23,CASH_OUT,310.22,9522.87,8244.1,4864.45,5024.13,0
23,TRANSFER,5297.1,22727.52,20781.57,3319.26,4916.39,0
23,CASH_OUT,22572.25,5605.4,5087.96,37627.61,41637.38,1
23,PAYMENT,260.6,10998.08,5813.97,7583.94,7636.09,0
23,CASH_OUT,512.74,2835.21,2093.42,41017.19,41367.97,0
23,DEBIT,4303.43,18248.69,13825.56,3696.05,5170.18,0
23,CASH_IN,2204.13,51818.54,34821.61,10854.49,11436.66,0
23,CASH_OUT,1623.33,2431.94,1902.32,19782.46,20803.83,0
23,TRANSFER,2817.82,9765.59,7137.4,11690.7,12231.35,0
23,PAYMENT,3280.87,32235.63,23404.52,2410.92,5381.05,0
23,CASH_OUT,1600.66,3264.77,1816.95,4490.54,5542.36,0
23,CASH_OUT,1838.91,1575.03,963.67,63221.67,63793.84,0
23,TRANSFER,1577.54,994.41,929.9,19293.53,20413.65,0
23,CASH_OUT,590.35,12447.08,10671.22,18822.71,19170.2,0
23,PAYMENT,3671.43,10384.79,9352.09,33160.93,33696.48,0
23,TRANSFER,3033.06,7648.16,6479.74,19019.41,21979.29,0
23,PAYMENT,819.52,9423.61,7711.57,1266.51,1749.22,0
23,DEBIT,4284.73,4668.15,2062.49,8304.05,11222.0,0
23,CASH_OUT,8755.73,7152.48,6361.82,23526.57,30611.31,0
23,CASH_OUT,482.27,605.7,428.33,3057.9,3445.77,0
23,PAYMENT,6634.47,7532.77,7278.39,28395.19,31946.62,0
23,TRANSFER,2905.99,5885.33,5559.77,18081.62,20041.15,0
23,CASH_OUT,1457.86,6286.53,2727.0,10174.12,10631.91,0
23,PAYMENT,939.81,17949.58,11568.92,15376.33,15896.67,0
23,PAYMENT,7658.85,16537.59,13775.77,4306.86,6017.33,0
23,CASH_OUT,2876.26,10192.54,8371.27,12173.97,13816.5,0
23,TRANSFER,2099.72,6478.17,2542.67,31990.57,33034.76,0
23,PAYMENT,12964.83,8046.13,6593.44,66703.17,74353.67,0
23,PAYMENT,896.39,2022.79,1818.16,1376.0,2169.97,0
23,PAYMENT,2789.23,21235.38,19752.81,4071.43,5659.82,0
23,PAYMENT,3356.74,51781.61,49798.75,10430.49,13127.21,0
23,PAYMENT,1299.79,3973.03,1751.61,5410.05,6664.1,0
23,CASH_OUT,2188.27,3140.08,2267.24,11233.96,12991.8,0
23,TRANSFER,11335.23,4183.03,3003.46,8676.34,13030.86,1
23,PAYMENT,1373.87,10396.4,9320.21,23502.57,24448.06,0
23,TRANSFER,659.3,17561.7,10182.81,10158.46,10445.01,0
23,CASH_OUT,1251.2,70997.79,25761.6,1983.35,2124.61,0
23,PAYMENT,9611.55,11484.0,8911.7,20688.17,25396.69,0
23,CASH_OUT,1959.56,10332.74,8081.2,28795.81,30046.16,0
23,PAYMENT,2561.87,1957.08,1252.51,10482.41,12087.11,0
23,CASH_IN,4657.01,29041.89,28506.04,23225.39,27092.86,0
23,PAYMENT,8720.58,16527.0,13672.2,19223.5,27445.66,0
23,CASH_OUT,1206.28,2396.44,1584.69,38916.17,39448.4,1
23,CASH_OUT,1186.62,2693.23,2260.21,8825.66,9655.71,0
23,PAYMENT,3866.77,12077.91,9174.92,6105.63,9385.23,0
23,PAYMENT,2215.57,42010.72,26235.69,21792.93,23099.92,0
23,PAYMENT,746.7,4250.67,2984.85,2144.24,2586.47,0
23,CASH_OUT,1943.65,7185.23,5996.94,14209.82,15752.9,0
23,TRANSFER,1939.9,46481.36,42328.71,14024.34,15548.22,0
23,CASH_OUT,830.77,1650.92,1514.78,7549.02,7679.9,0
23,CASH_OUT,4725.8,6389.7,5133.37,3226.25,7853.0,0
23,CASH_OUT,661.4,4328.55,3041.72,26055.9,26448.48,0
23,CASH_IN,3113.48,43727.98,33012.75,4604.64,7385.24,0
23,CASH_OUT,3697.21,6279.43,4495.55,7635.55,10866.26,0
23,CASH_OUT,656.36,14992.65,7799.13,11589.08,12210.89,0
23,PAYMENT,3537.27,108439.21,79248.06,51044.66,53192.33,0
23,CASH_OUT,5310.21,1814.79,1601.55,67781.29,70201.55,0
23,TRANSFER,7360.08,4155.14,2959.7,6893.95,8298.2,0
23,CASH_IN,553.19,10424.44,8091.37,22887.23,23042.06,0
23,CASH_OUT,9208.02,29190.47,16264.41,12662.43,20234.51,0
23,PAYMENT,2528.23,26613.22,13557.0,12233.24,13909.02,0
23,CASH_OUT,1943.93,3198.14,2621.83,4770.69,6255.37,0
23,TRANSFER,14626.12,2613.85,2075.52,198999.72,202760.27,1
23,PAYMENT,15207.88,4049.61,2687.26,21462.38,23284.49,0
23,DEBIT,8110.1,65375.36,55017.56,13767.06,18677.51,0
23,PAYMENT,11756.12,3248.85,2823.8,14365.63,21201.92,0
23,PAYMENT,5009.86,3336.59,3089.56,30102.48,33488.44,0
23,CASH_OUT,10365.25,12760.49,9604.01,50928.63,59397.3,0
23,CASH_OUT,531.72,8048.07,5521.94,5768.01,6097.17,0
23,CASH_OUT,1665.42,18406.35,9568.26,11007.88,11396.25,0
23,PAYMENT,15123.11,1854.89,1491.42,17480.58,27038.65,0
23,CASH_IN,2226.6,7060.57,5903.11,10425.4,12010.07,0
23,PAYMENT,5197.44,13192.36,12079.12,17579.22,18958.95,0
23,CASH_OUT,445.78,3516.88,3251.96,17840.14,17928.01,0
23,CASH_OUT,517.43,22996.73,19139.75,8503.11,8697.17,0
23,CASH_OUT,3953.16,426.0,337.58,53022.54,56900.82,0
23,CASH_OUT,12428.97,7195.57,6871.29,12951.7,18233.88,1
23,CASH_IN,2012.51,1193.92,769.85,10080.85,11960.16,0
23,CASH_OUT,5196.0,15724.38,15041.08,28896.33,32357.05,0
23,CASH_IN,1348.92,3392.94,2789.67,8290.5,9165.28,0
23,TRANSFER,6988.83,8872.71,7549.01,16647.0,20440.96,0
23,CASH_OUT,1458.7,5663.31,4355.21,6127.68,7338.14,1
23,PAYMENT,4302.41,9487.35,8871.04,36043.6,37100.88,0
23,PAYMENT,3358.55,975.64,863.05,5924.62,7250.96,0
23,PAYMENT,3058.45,8324.59,6484.54,12609.6,15408.9,0
23,CASH_IN,2765.52,61770.01,48038.85,29165.25,29766.13,0
23,TRANSFER,1907.6,10636.02,8432.87,4166.48,5058.57,0
23,DEBIT,3057.22,17049.98,9979.22,6864.38,9013.72,0
23,PAYMENT,592.29,22194.48,18030.77,102794.81,102907.91,0
23,TRANSFER,1904.35,15623.5,14362.11,13983.15,15097.62,0
23,PAYMENT,3948.47,21566.35,18785.43,7241.04,9939.92,0
23,PAYMENT,1059.77,6301.06,5641.36,5454.85,5987.33,0
23,TRANSFER,1129.5,22505.97,14091.19,3425.55,4266.68,0
23,TRANSFER,4860.75,2246.34,1969.07,34485.47,37765.06,0
23,CASH_OUT,4826.76,44475.43,34650.7,80451.72,81908.48,0
23,CASH_IN,7873.3,4341.03,3639.93,7269.72,14198.72,0
23,CASH_OUT,18343.53,8824.7,6767.71,8369.92,26120.07,1
23,TRANSFER,2629.6,1656.27,1435.35,12214.12,13756.58,1
23,PAYMENT,2706.81,5307.68,4354.63,8857.03,11448.92,0
23,TRANSFER,889.91,4711.95,1949.42,20272.64,21085.23,0
23,CASH_OUT,4690.57,11622.03,5189.59,18870.61,19866.76,0
23,CASH_IN,9421.5,1774.76,1630.58,43481.12,45963.65,0
23,CASH_IN,2422.87,15351.46,11732.68,38809.32,40993.26,0
23,CASH_OUT,575.13,18137.92,14087.25,7982.54,8195.17,0
23,TRANSFER,2168.44,5678.58,2900.79,10615.47,11251.34,0
23,DEBIT,616.69,3783.22,3687.77,4865.78,5332.91,0
23,PAYMENT,628.83,21437.13,19029.08,35069.49,35179.55,0
23,CASH_OUT,4647.71,65635.44,49999.84,8515.15,11416.41,0
23,CASH_OUT,38246.92,72556.09,43206.53,31095.11,67857.72,1
23,PAYMENT,13782.44,4655.27,3586.17,15357.65,27126.05,0
23,TRANSFER,6456.12,2448.41,2377.0,4451.6,8179.47,0
23,CASH_IN,6172.97,7677.67,7314.45,2589.24,6482.87,0
23,CASH_OUT,22583.39,8186.78,5344.42,9033.07,27146.39,1
23,CASH_OUT,1842.47,21946.29,16310.37,14458.79,15116.23,0
23,CASH_IN,1374.12,5601.13,4519.61,22298.31,23321.11,0
23,TRANSFER,1140.87,2468.59,2015.33,6592.79,6801.38,0
23,CASH_IN,1129.09,12984.56,7056.07,13078.25,14165.22,0
23,TRANSFER,5819.31,7234.13,5731.84,104273.79,110034.72,0
23,CASH_OUT,1883.57,2510.06,1031.11,7703.75,9562.91,0
23,TRANSFER,1331.11,3045.74,1994.17,2312.71,3354.04,0
23,TRANSFER,3316.73,17053.94,10689.52,12597.78,13774.57,0
23,PAYMENT,4114.83,2940.27,1937.73,1157.42,3748.84,0
23,TRANSFER,1057.58,5163.08,5035.7,13378.9,14049.08,0
23,TRANSFER,1520.31,31954.85,21508.64,12683.33,13956.23,0
23,TRANSFER,4554.22,2491.02,2423.57,73126.95,77060.17,0
23,CASH_OUT,5491.51,14419.02,10854.38,20651.4,24491.65,1
23,CASH_OUT,1215.67,17428.06,11609.57,6953.14,7084.06,0
23,PAYMENT,4288.98,43216.08,37794.89,8800.79,9709.15,0
23,TRANSFER,74456.06,9850.41,8346.85,3583.12,77793.09,0
23,TRANSFER,3583.34,20231.64,18999.99,9078.95,10334.19,0
23,PAYMENT,5036.45,3321.02,3106.39,7137.61,9347.07,0
23,CASH_OUT,5026.39,19168.01,18296.4,2382.85,5306.24,0
23,CASH_OUT,1359.51,6045.81,4992.07,9486.89,10052.68,0
23,PAYMENT,710.03,7508.94,5045.38,4273.75,4527.05,0
23,TRANSFER,1124.61,4060.35,3665.23,5696.34,6678.32,0
23,PAYMENT,1124.3,2485.03,1581.05,41203.0,41474.57,0
23,PAYMENT,7381.43,4079.32,3324.9,26413.77,29030.43,0
23,CASH_OUT,7292.02,5908.18,3977.05,16053.77,17906.21,0
23,CASH_OUT,16442.96,3993.1,2812.97,44827.05,48333.06,1
23,PAYMENT,2453.37,15865.06,10093.45,4173.9,6097.8,0
23,CASH_IN,1463.37,12253.46,10558.39,3794.06,4057.36,0
23,TRANSFER,9318.9,7638.34,7240.48,17043.15,19081.51,0
23,TRANSFER,3245.86,31198.61,27356.14,19008.11,20569.01,0
23,PAYMENT,13448.7,3340.08,1734.85,6656.65,9318.38,0
23,CASH_OUT,5243.15,11082.73,6545.89,8497.24,11310.74,0
23,CASH_IN,717.77,1541.93,1200.7,6033.66,6139.34,0
23,CASH_IN,488.37,1404.94,1070.86,1709.63,1829.62,0
23,DEBIT,3352.1,6103.15,3961.81,50910.87,52670.72,0
23,PAYMENT,1483.03,7424.71,5129.8,4926.36,5428.07,0
23,CASH_OUT,14834.04,8352.91,8023.06,7788.89,17786.82,1
23,CASH_IN,2991.67,27318.94,11026.67,7787.82,10475.84,0
23,PAYMENT,1107.44,16934.61,11800.53,27077.79,27899.24,0
23,CASH_IN,5186.58,5645.28,4823.01,49728.76,52430.77,0
23,PAYMENT,2411.38,18098.31,9571.31,12504.68,14242.8,0
23,CASH_OUT,1590.67,13359.0,13193.99,60563.67,61954.6,0
23,PAYMENT,2877.89,12032.61,10785.06,42229.34,44408.12,0
23,CASH_OUT,3225.16,8920.17,7594.54,22677.9,25567.63,0
23,CASH_OUT,7630.94,749.58,322.76,59343.73,66490.61,0
23,TRANSFER,14753.71,18615.94,17525.89,1996.01,16570.46,1
23,PAYMENT,2982.45,5074.29,4517.03,14272.61,17161.14,0
23,PAYMENT,5419.93,531.75,415.43,4459.26,7835.45,0
23,PAYMENT,5199.85,26497.49,25094.24,12379.94,14799.72,0
23,CASH_OUT,2523.2,12309.94,10749.55,13947.15,15988.56,0
23,PAYMENT,5205.87,80430.3,62142.18,18804.1,21009.03,0
23,TRANSFER,6083.42,7971.05,7192.34,27980.43,33209.31,0
23,PAYMENT,3338.31,1575.44,1433.82,4373.43,4770.24,0
23,PAYMENT,2047.36,2888.15,2412.7,38800.36,39910.6,0
23,CASH_OUT,6274.01,1748.63,1413.53,5089.44,9834.89,0
23,CASH_IN,1260.68,1201.17,615.51,16360.92,16504.18,0
23,PAYMENT,2183.63,3936.56,3400.83,74718.23,75415.69,0
23,PAYMENT,2576.74,24082.72,18255.84,8934.24,9405.72,0
23,PAYMENT,7887.06,7018.66,5584.77,19288.34,20140.19,0
23,PAYMENT,2098.3,41845.68,31945.15,5725.92,5947.54,0
23,PAYMENT,2771.18,10957.47,8314.68,2217.52,2977.22,0
23,CASH_IN,990.73,921.97,779.42,5223.28,5369.21,0
23,TRANSFER,186.01,3676.35,2273.85,7359.06,7494.37,0
23,CASH_OUT,847.06,59740.76,27340.06,7544.59,8164.84,0
23,PAYMENT,4225.08,39840.12,29411.11,9025.74,11460.35,0
23,TRANSFER,1202.19,5354.17,3740.74,13721.23,14881.98,0
23,DEBIT,1790.5,663.68,435.4,16535.98,17843.56,0
23,CASH_OUT,2382.86,15240.54,12256.83,32251.41,34612.39,0
23,TRANSFER,37654.9,900.79,574.94,12950.92,29985.41,1
23,DEBIT,8322.21,6663.07,4098.79,9133.66,10005.14,0
23,PAYMENT,9725.7,4292.97,3193.92,5877.32,12139.16,0
23,CASH_IN,1298.23,15829.14,12914.1,4220.53,5240.7,0
23,PAYMENT,975.46,26362.05,24291.24,11500.85,12210.38,0
23,CASH_OUT,506.69,15736.71,11273.5,32216.77,32325.6,0
23,TRANSFER,347.87,24343.2,15020.8,13634.33,13872.37,0
23,CASH_OUT,8847.12,15392.97,12280.48,4500.51,11697.87,0
23,PAYMENT,6193.08,29884.2,22910.53,12679.24,14163.57,0
23,CASH_IN,3416.69,5326.63,5222.44,13221.47,15018.99,0
23,PAYMENT,3379.92,14257.09,13303.65,41786.11,44448.36,0
23,TRANSFER,3327.24,16786.31,13577.07,2877.16,3800.16,0
23,TRANSFER,3981.95,16406.67,11702.94,6825.58,10556.03,0
23,CASH_OUT,3994.09,4193.26,3088.66,15029.89,17343.96,0
23,CASH_OUT,14939.03,16698.86,10617.06,7066.93,9416.6,0
23,CASH_OUT,1354.63,29687.49,19120.53,22265.56,23227.72,0
23,CASH_OUT,844.2,20209.86,16338.78,11887.65,12215.81,0
23,TRANSFER,779.45,24729.05,22467.27,18530.01,19207.1,0
23,CASH_OUT,4623.27,4391.15,3870.87,23813.33,28196.72,0
23,PAYMENT,3737.89,2243.95,2115.03,1346.16,1937.33,0
23,TRANSFER,5438.64,5090.5,4013.65,18007.62,22759.26,0
23,DEBIT,3294.52,3429.75,2796.02,20595.14,22832.65,0
23,CASH_OUT,5774.87,8901.02,8070.83,3459.96,6665.79,1
23,CASH_OUT,3647.44,1438.59,1071.23,17471.62,17941.08,0
23,CASH_OUT,1986.86,2274.49,1199.13,15419.75,15792.46,0
23,PAYMENT,1680.46,27322.27,24513.72,17291.2,17787.43,0
23,CASH_OUT,7620.87,10623.46,7689.04,11073.22,14453.95,0
23,PAYMENT,3287.42,8664.86,7322.98,4627.35,5373.01,0
23,PAYMENT,3777.73,7369.83,7189.74,7373.72,8526.89,0
23,DEBIT,15951.7,4889.18,4020.5,19923.98,25367.04,0
24,CASH_IN,1573.91,4676.84,4120.45,13397.38,14675.12,0
24,CASH_OUT,5177.65,2978.56,2092.95,5162.68,7359.68,0
24,PAYMENT,1721.48,25371.22,21090.3,16560.03,17775.32,0
24,CASH_IN,6992.54,7599.25,5283.87,60579.35,62418.98,0
24,CASH_OUT,8056.19,36013.46,34114.55,8025.81,14948.21,0
24,TRANSFER,2378.58,7108.22,6240.63,40517.32,41396.06,0
24,CASH_OUT,7612.46,62685.28,32313.43,3090.04,6707.52,0
24,TRANSFER,1612.14,11955.97,7679.16,31223.96,32780.79,0
24,DEBIT,5632.91,59916.7,35976.7,17336.42,22909.56,0
24,PAYMENT,1826.62,18080.49,6643.8,4255.09,4710.09,0
24,TRANSFER,1154.28,3188.72,2298.26,9093.15,10033.45,0
24,DEBIT,1065.52,42582.42,30124.4,13954.35,14858.11,0
24,CASH_OUT,2657.96,2100.58,1053.65,5604.0,7987.65,0
24,TRANSFER,2341.48,5425.66,4659.95,6702.98,7733.71,0
24,TRANSFER,632.54,11113.71,8613.15,10433.46,10916.94,0
24,CASH_IN,3639.23,5472.5,3074.12,22474.11,25389.24,0
24,TRANSFER,7662.39,37349.01,35410.15,21258.8,27942.1,0
24,CASH_OUT,2388.72,10003.11,6839.32,29474.99,29866.76,0
24,DEBIT,2043.44,5195.34,2917.03,4302.86,4865.05,0
24,PAYMENT,11302.64,39889.15,33649.55,10881.84,16039.84,0
24,PAYMENT,5500.06,1610.12,1338.81,7446.97,9978.11,0
24,CASH_IN,1764.21,37164.51,27981.58,16009.61,16419.9,0
24,CASH_IN,1493.95,18112.63,17114.82,29077.78,30299.27,0
24,PAYMENT,5317.36,4739.15,3595.15,10880.59,15444.07,0
24,PAYMENT,4664.21,7315.48,6298.78,3495.01,8045.42,0
24,TRANSFER,7599.97,125427.58,111651.64,6278.21,13218.37,0
24,PAYMENT,3803.78,3810.88,2640.47,18163.05,19947.99,0
24,PAYMENT,2328.86,6696.26,5527.95,30237.15,30971.81,0
24,PAYMENT,2225.9,2294.42,1779.24,3924.24,5128.48,0
24,TRANSFER,5286.83,8288.88,7288.0,3124.72,6396.26,0
24,PAYMENT,4032.42,28273.01,26124.94,26056.2,26683.45,0
24,CASH_IN,2810.32,3248.1,2401.86,10528.47,11989.3,0
24,CASH_OUT,600.02,2284.52,1407.3,14657.06,15060.31,0
24,TRANSFER,7589.7,11432.0,7578.83,24339.53,27289.55,0
24,TRANSFER,2123.03,1176.76,1137.16,14720.04,14982.82,0
24,CASH_OUT,4413.88,2584.86,2348.49,74689.14,75592.5,0
24,PAYMENT,1249.28,15579.83,13148.01,3489.8,4266.22,0
24,CASH_OUT,7395.53,1372.5,959.04,10769.46,16424.51,0
24,PAYMENT,10880.35,25712.36,20787.33,33753.79,35923.71,0
24,TRANSFER,9260.81,23765.51,12848.77,9828.9,11174.97,1
24,TRANSFER,8925.23,2373.83,1941.99,11966.88,13258.76,1
24,CASH_OUT,49648.07,24858.18,20869.92,10036.31,32678.85,1
24,CASH_IN,1438.78,36760.93,35590.45,10956.05,12332.26,0
24,CASH_OUT,3015.01,4037.91,3599.84,9690.86,10329.28,0
24,CASH_OUT,6545.83,38886.26,35434.64,18483.08,24330.14,1
24,TRANSFER,15077.76,6822.52,4699.62,6447.87,20858.79,1
24,TRANSFER,2691.89,15973.0,12634.11,23660.74,25974.13,1
24,PAYMENT,13315.4,43360.01,33952.15,7277.17,15644.13,0
24,TRANSFER,4529.67,13013.27,11015.88,14369.15,16671.65,0
24,PAYMENT,13087.27,16056.75,13742.3,6050.09,14944.67,0
24,PAYMENT,6808.52,7425.14,5185.05,48899.27,51706.15,0
24,CASH_OUT,3531.49,7555.8,6802.06,2616.31,3037.08,0
24,PAYMENT,1284.08,46697.45,33727.55,8770.05,8984.23,0
24,CASH_OUT,236.44,33157.44,28168.16,33735.46,33934.59,0
24,PAYMENT,3400.9,3517.37,2235.33,77157.65,78575.61,0
24,CASH_IN,378.53,7748.89,6175.76,4522.17,4850.67,0
24,PAYMENT,1835.97,56272.09,31052.63,7167.22,8266.95,0
24,TRANSFER,2586.69,10648.23,4464.24,50362.77,51681.85,0
24,PAYMENT,2690.99,6832.11,5551.49,30277.85,31713.16,0
24,PAYMENT,1700.61,9767.31,6898.97,4700.11,5838.09,0
24,PAYMENT,4777.74,7889.52,5657.59,48577.89,52362.84,0
24,PAYMENT,1006.13,3075.06,2736.78,26676.81,27464.76,0
24,CASH_OUT,21066.45,1828.33,1428.14,23399.96,40329.47,1
24,CASH_OUT,5187.39,7136.98,5219.32,39448.55,41120.49,0
24,TRANSFER,11447.27,11836.29,9140.81,33133.51,41413.63,1
24,CASH_IN,2686.38,11930.45,9727.85,17513.18,18312.22,0
24,TRANSFER,2415.89,8563.11,7131.84,5439.8,6654.65,0
24,CASH_OUT,25632.17,1756.06,1069.73,30465.34,42357.18,1
24,PAYMENT,1734.58,2984.36,2842.38,27692.72,28101.71,0
24,CASH_IN,5950.7,6020.33,5673.96,13912.29,19595.37,0
24,PAYMENT,2076.23,21752.59,16168.34,11025.7,11882.27,0
24,TRANSFER,5008.7,10471.13,6807.18,2600.73,4208.43,0
24,DEBIT,6920.73,14496.24,13320.71,14283.71,15289.88,0
24,TRANSFER,1393.08,98440.99,43150.94,12502.59,13556.67,0
24,TRANSFER,1110.85,2239.05,1984.24,11221.91,11483.91,0
24,CASH_OUT,12737.05,166210.06,149994.17,7388.63,10096.85,1
24,CASH_IN,727.37,14249.01,10072.41,14192.27,14334.47,0
24,CASH_OUT,6187.77,5841.6,4890.14,6687.01,12412.74,0
24,CASH_IN,881.84,1919.02,1618.02,13623.53,13960.16,0
24,TRANSFER,7932.08,24080.79,21196.8,25376.95,27167.56,0
24,PAYMENT,6830.34,18554.78,13005.47,3851.66,9026.54,0
24,CASH_IN,4299.08,952.45,796.36,5613.9,6806.75,0
24,CASH_OUT,2612.35,1993.98,1245.02,4500.34,6237.6,0
24,CASH_OUT,183.48,1740.51,1166.1,28380.05,28515.73,0
24,PAYMENT,2387.32,53040.71,40546.25,7300.24,8184.58,0
24,PAYMENT,1845.5,3524.63,2331.76,4333.37,6061.25,0
24,PAYMENT,1658.11,6258.2,3708.32,38003.69,39567.18,0
24,CASH_OUT,1534.99,18293.51,13405.34,7264.91,7539.33,0
24,CASH_OUT,18783.59,400.67,302.27,6041.96,9560.13,1
24,PAYMENT,15674.4,9433.72,5132.83,6190.04,8377.79,0
24,PAYMENT,874.0,69641.57,33518.97,36816.29,37473.2,0
24,PAYMENT,440.04,4262.92,3264.71,5877.06,6312.3,0
24,CASH_IN,1671.31,6022.41,1741.79,21263.45,22407.37,0
24,PAYMENT,3616.16,3477.85,2487.42,6348.87,7556.09,0
24,TRANSFER,1834.3,7053.08,4292.74,3347.04,4464.43,0
24,CASH_IN,4115.05,7219.35,2768.57,17821.03,21029.89,0
24,DEBIT,4299.0,9023.22,6420.48,11931.98,16225.72,0
24,DEBIT,2447.17,347.4,190.13,39104.71,41155.95,0
24,CASH_OUT,987.52,13987.87,11864.51,14333.31,15156.02,0
24,PAYMENT,5295.86,53925.03,49667.8,89724.46,93715.07,0
24,PAYMENT,16031.65,1976.63,1825.7,39006.19,50679.97,0
24,CASH_OUT,729.16,1051.06,896.37,18773.79,19233.13,0
24,CASH_OUT,2619.39,14860.82,14041.33,76244.57,77918.27,0
24,PAYMENT,1788.03,15366.71,10998.63,18850.58,20484.2,0
24,CASH_OUT,2140.38,13461.05,10227.25,2504.43,2821.29,0
24,CASH_OUT,645.14,22766.29,19844.55,11591.31,11994.26,0
24,PAYMENT,1568.27,40777.8,31774.37,31864.38,33214.52,0
24,TRANSFER,6746.84,2802.26,2073.9,2742.02,5611.44,0
24,TRANSFER,2575.32,26302.26,22019.21,8878.15,10764.14,0
24,CASH_IN,2406.47,7161.41,6450.38,3573.36,5325.88,0
24,CASH_IN,7943.34,153915.45,145548.65,1546.43,5169.87,0
24,CASH_OUT,3403.97,6072.42,4514.55,14825.89,17537.45,0
24,CASH_IN,8468.84,28352.94,21564.25,6360.89,9812.78,0
24,PAYMENT,5831.76,4478.09,2631.56,53561.96,58314.87,0
24,CASH_IN,1847.71,1757.21,1062.38,90658.56,92186.47,0
24,PAYMENT,4094.19,47682.19,32466.0,5536.64,8122.73,0
24,PAYMENT,8726.66,3794.02,3559.01,11035.48,19308.3,0
24,TRANSFER,6746.94,3952.17,3166.07,3208.03,6999.83,0
24,PAYMENT,21457.78,11719.15,10382.22,10313.41,16846.14,0
24,PAYMENT,2966.77,6970.52,5104.67,25998.46,27747.62,0
24,TRANSFER,2634.76,30715.41,22655.7,5655.44,7272.74,0
24,PAYMENT,2333.76,1270.9,757.12,21541.46,23041.86,0
24,TRANSFER,5249.3,7248.31,5579.17,8178.39,11419.72,0
24,CASH_OUT,2480.28,6260.73,4560.02,26960.66,29346.29,0
24,PAYMENT,2732.59,54514.42,50717.18,6452.09,8416.89,0
24,TRANSFER,9996.14,4200.61,3854.98,12761.91,13903.3,0
24,CASH_OUT,13194.6,13950.17,7923.99,1562.1,8275.41,1
24,DEBIT,436.41,12407.77,7783.74,11764.78,12103.59,0
24,CASH_OUT,11791.9,6222.52,3640.61,2714.31,9745.45,1
24,CASH_IN,573.11,19618.34,11754.76,18916.29,19072.54,0
24,CASH_OUT,3975.68,1636.22,1150.11,2120.84,3431.3,0
24,PAYMENT,15298.63,5567.84,2876.98,5462.32,20037.43,0
24,PAYMENT,14276.25,1358.86,1125.52,19666.08,23794.3,0
24,PAYMENT,14596.41,6016.98,4046.04,26878.06,34902.72,0
24,TRANSFER,15057.12,5402.66,4215.1,5207.94,7281.88,1
24,CASH_OUT,1325.01,9146.32,8082.12,20861.04,22079.38,0
24,CASH_IN,4786.74,9346.22,5882.97,18981.4,20642.75,0
24,PAYMENT,5530.31,11010.95,9717.22,10851.47,15928.1,0
24,CASH_OUT,7002.63,30876.91,21695.39,3519.9,9286.21,0
24,PAYMENT,896.2,843.79,724.09,9018.1,9286.34,0
24,TRANSFER,5070.49,976.81,847.29,84522.74,85090.12,1
24,TRANSFER,23993.37,2937.68,1907.7,11847.1,24806.63,1
24,TRANSFER,10450.73,8056.47,6705.66,40855.27,46042.86,1
24,PAYMENT,22849.51,5220.21,4250.38,11552.22,29570.82,0
24,PAYMENT,2346.07,2085.9,1505.77,3354.92,5315.8,0
24,TRANSFER,3307.54,59360.79,21298.1,6659.54,7834.58,0
24,PAYMENT,2398.95,6377.21,6280.76,4955.74,6599.29,0
24,PAYMENT,1707.26,8090.57,7105.33,7370.26,7593.23,0
24,TRANSFER,2178.75,24502.89,21703.17,63187.69,64192.43,0
24,CASH_OUT,413.46,44418.49,35028.34,6168.72,6528.52,0
24,CASH_IN,433.6,1862.28,982.47,32312.34,32477.8,0
24,TRANSFER,5643.89,15497.06,9620.91,70441.6,74786.32,1
24,CASH_OUT,764.08,7482.17,5679.05,7481.69,7637.61,0
24,TRANSFER,11202.77,9417.76,7864.02,80147.48,89914.95,1
24,PAYMENT,831.79,13086.39,8252.56,23804.29,24213.81,0
24,CASH_IN,12935.76,29718.99,14024.73,15974.47,19042.46,0
24,PAYMENT,2313.54,3108.17,2724.07,46256.93,46862.59,0
24,PAYMENT,361.84,2262.23,2103.33,3072.07,3231.7,0
24,CASH_IN,1197.46,1264.92,1158.89,3044.96,3356.72,0
24,CASH_OUT,257.86,6305.02,5232.81,3257.76,3463.45,0
24,CASH_IN,1052.78,40090.39,25751.51,14914.65,15778.8,0
24,PAYMENT,3313.7,18488.5,15203.76,14924.16,17183.91,0
24,CASH_OUT,3315.21,3953.44,3780.43,9234.0,11865.93,0
24,TRANSFER,9144.04,8181.49,7664.24,71430.94,77953.3,0
24,TRANSFER,1711.37,6409.87,2916.23,4227.3,4513.83,0
24,PAYMENT,1539.67,10907.26,8029.9,1454.46,2534.41,0
24,TRANSFER,3985.34,5896.04,3988.34,11313.76,13682.67,0
24,PAYMENT,4122.82,13550.29,9555.47,3403.86,7338.72,0
24,CASH_OUT,8304.13,9916.65,7079.31,32373.49,33731.36,0
24,TRANSFER,8132.51,3211.44,2622.46,82663.46,87123.92,0
24,CASH_OUT,2732.79,25917.39,12776.43,2527.79,3801.98,0
24,TRANSFER,5558.76,2888.73,2372.83,1639.81,6657.84,0
24,CASH_OUT,1681.57,16951.06,13879.0,25323.87,26499.86,0
24,CASH_OUT,987.01,1377.4,1172.84,18735.15,18996.91,0
24,CASH_IN,520.21,5694.02,4384.68,956.56,1172.99,0
24,PAYMENT,4910.29,2479.32,1951.28,6387.86,10902.0,0
24,TRANSFER,7956.71,10536.94,7914.4,6964.24,11132.71,0
24,PAYMENT,803.31,2705.74,2221.96,5263.67,5768.55,0
24,TRANSFER,2707.34,2716.35,2434.98,1985.09,3947.07,0
24,PAYMENT,5693.91,5297.53,2953.46,19808.47,22313.71,0
24,PAYMENT,6024.66,12659.49,9176.85,3183.69,8434.25,0
24,TRANSFER,3497.59,88141.04,82985.14,12021.96,13074.64,0
24,TRANSFER,6274.51,5306.0,4589.83,17761.91,23436.14,0
24,TRANSFER,356.41,2262.6,2018.26,12522.46,12863.49,0
24,CASH_OUT,14372.75,2812.23,2722.24,13678.02,18845.0,1
24,CASH_OUT,2607.42,4935.1,3614.57,2205.56,4705.53,0
24,TRANSFER,18898.32,17284.93,12048.59,17543.21,31054.07,1
24,PAYMENT,2013.66,7852.06,6947.04,1334.48,2618.25,0
24,TRANSFER,21508.07,7828.71,5281.83,5974.81,8375.83,1
24,CASH_OUT,4205.18,3560.12,2797.45,28228.77,31296.95,0
24,TRANSFER,592.95,6832.12,4095.03,6387.29,6669.31,0
24,PAYMENT,4695.17,2259.75,2141.07,38023.51,41733.88,0
24,CASH_OUT,14829.44,6589.94,4629.87,9864.47,13570.75,1
24,PAYMENT,824.88,2918.37,1251.43,44943.58,45507.14,0
24,CASH_OUT,1204.19,4662.53,2994.07,60704.15,61066.58,0
24,CASH_IN,1056.49,6054.85,5568.1,23187.9,24040.44,0
24,PAYMENT,28235.51,18098.23,9439.41,15961.67,29471.31,0
24,CASH_IN,5594.24,8344.32,5230.13,15141.01,18094.31,0
24,CASH_OUT,1166.83,15117.0,8309.76,19909.0,20575.98,0
24,PAYMENT,14704.07,13642.03,11631.61,28825.54,36858.38,0
24,PAYMENT,17108.35,7557.98,4979.23,13529.61,20621.06,0
25,CASH_OUT,1473.22,1421.63,1050.4,8932.33,10300.12,0
25,CASH_OUT,6213.54,4514.71,3565.25,26578.78,29407.04,0
25,PAYMENT,3611.45,2729.3,2252.03,20824.27,21734.37,0
25,CASH_IN,2947.34,8020.62,5161.17,9830.83,12699.0,0
25,PAYMENT,6270.18,6907.91,6029.27,29851.04,31176.51,0
25,TRANSFER,1910.96,24756.34,13384.57,33051.11,34461.2,0
25,CASH_OUT,1562.64,1895.12,1415.68,7721.0,9097.24,0
25,PAYMENT,2427.06,7335.76,6149.07,134688.07,136483.77,0
25,CASH_IN,11106.94,5889.36,4741.69,6815.54,13110.9,0
25,TRANSFER,3114.46,4349.26,2460.78,15136.67,16033.07,0
25,CASH_IN,799.52,32330.64,28867.69,3511.34,3957.93,0
25,CASH_OUT,5146.74,2556.77,971.8,16061.74,18690.98,0
25,CASH_OUT,22556.25,44873.01,36683.61,21333.6,24438.06,1
25,CASH_OUT,5654.85,5245.06,2830.04,17865.29,22835.56,1
25,CASH_IN,969.43,28458.79,19934.36,4380.24,5309.78,0
25,PAYMENT,1830.69,5871.7,2733.48,3714.48,4898.83,0
25,CASH_OUT,12809.9,3658.77,3235.72,16117.4,26133.24,1
25,CASH_OUT,927.27,74276.93,36292.11,7374.86,8252.55,0
25,CASH_OUT,2042.03,3812.57,3194.99,10500.86,10935.64,0
25,TRANSFER,9307.46,1467.19,1432.2,18906.15,21120.16,0
25,CASH_OUT,5296.82,2440.28,1944.83,25555.36,26748.4,0
25,PAYMENT,1949.05,24686.01,21208.58,31732.2,32527.54,0
25,CASH_OUT,11737.06,10717.86,9468.59,8403.29,16246.3,1
25,CASH_IN,1952.4,1493.25,933.57,19785.88,20522.33,0
25,PAYMENT,738.05,35806.04,30628.46,30113.37,30220.31,0
25,PAYMENT,170.83,10419.06,7147.59,1302.85,1466.52,0
25,PAYMENT,7577.03,41355.76,37499.28,6606.41,13778.3,0
25,PAYMENT,5919.99,8603.68,7602.39,19569.98,20899.58,0
25,CASH_OUT,614.02,3728.03,2647.16,25859.33,26111.64,0
25,PAYMENT,4549.4,16517.29,14890.61,5556.12,9802.56,0
25,PAYMENT,2310.59,15763.34,11339.73,10411.4,11857.32,0
25,CASH_IN,534.98,18064.8,17290.79,8638.61,8699.81,0
25,PAYMENT,1353.29,12018.47,10988.77,25325.54,26506.0,0
25,PAYMENT,2342.27,4895.02,4598.29,7122.11,9368.78,0
25,DEBIT,11265.71,2672.59,2047.47,8227.95,17304.99,0
25,TRANSFER,3961.25,5509.26,4261.37,104527.6,107706.03,0
25,PAYMENT,4274.18,9657.5,6165.65,8334.08,10141.38,0
25,CASH_IN,2183.18,13877.22,12542.33,9102.41,10017.29,0
25,DEBIT,85724.08,30341.83,28832.42,26745.74,99064.02,0
25,CASH_OUT,486.05,2412.52,1771.3,8097.4,8526.88,0
25,CASH_OUT,1791.04,2811.14,2216.39,1923.33,2194.3,0
25,CASH_OUT,1177.5,4002.65,3294.55,21122.58,22215.31,0
25,CASH_OUT,2191.73,13448.28,13371.64,5642.28,6436.63,0
25,CASH_OUT,1969.61,36515.44,31704.71,5435.64,6858.23,0
25,CASH_OUT,3904.67,1904.12,1494.47,12350.7,14062.53,0
25,CASH_OUT,1394.66,6828.41,5197.7,9686.41,10544.2,0
25,CASH_IN,1846.36,1087.52,752.4,34340.41,35917.93,0
25,TRANSFER,21823.73,4878.13,4321.04,23599.08,42870.06,1
25,PAYMENT,761.83,9242.75,6728.67,10962.59,11067.97,0
25,PAYMENT,8711.09,1017.79,915.01,18199.89,20151.4,0
25,TRANSFER,1614.41,2667.96,2549.62,6774.31,7111.59,0
25,TRANSFER,3608.48,1950.86,1601.59,13349.5,15885.43,0
25,CASH_OUT,1639.53,22250.05,16640.91,7208.9,7915.46,0
25,TRANSFER,5268.67,14292.23,12721.83,18685.99,20606.19,0
25,CASH_OUT,117.1,5064.13,4279.91,14229.53,14303.45,0
25,PAYMENT,3612.72,27548.2,18508.53,59304.3,61851.23,0
25,PAYMENT,13402.48,1619.16,1596.66,3479.52,16431.68,0
25,PAYMENT,955.73,11075.77,8764.38,11687.95,12598.41,0
25,CASH_IN,27332.09,13009.44,10024.57,17379.99,25342.06,0
25,CASH_OUT,10736.47,75929.89,51964.33,6114.58,13639.19,1
25,DEBIT,5344.53,19588.41,10827.11,14862.09,16058.52,0
25,PAYMENT,1654.49,61902.11,45300.8,3804.75,5261.46,0
25,PAYMENT,515.53,6838.29,5884.43,5631.24,6037.78,0
25,CASH_OUT,17100.22,14640.72,8106.36,5976.41,18279.33,1
25,CASH_OUT,7726.09,1371.83,1021.01,4302.73,5214.14,0
25,DEBIT,10758.97,7181.66,6341.99,43565.64,46398.56,0
25,CASH_OUT,1244.33,7270.76,3858.6,7475.19,7931.85,0
25,CASH_IN,1819.76,10943.26,9017.25,23854.69,24800.89,0
25,CASH_OUT,2336.29,2018.05,1440.35,17407.17,19047.37,0
25,CASH_OUT,3806.08,13757.97,11308.9,6275.76,8105.68,0
25,CASH_OUT,5869.2,4212.25,2886.27,13879.5,17219.37,1
25,TRANSFER,1373.94,3053.06,2101.68,22809.92,23419.49,0
25,TRANSFER,3615.12,7666.23,6123.9,7568.12,8036.04,0
25,DEBIT,553.38,15542.73,14488.92,58686.86,58914.34,0
25,CASH_OUT,8645.49,3018.0,2171.09,19094.89,27487.44,1
25,CASH_OUT,15815.78,11362.34,9793.79,80231.66,84734.44,1
25,TRANSFER,48286.45,12007.05,10198.62,3194.41,39719.82,1
25,TRANSFER,9237.36,39623.63,37268.81,39244.62,45065.05,0
25,CASH_OUT,3093.98,7964.02,5779.42,8168.23,9700.12,0
25,CASH_OUT,2459.35,35726.58,24189.09,6002.78,6643.42,0
25,PAYMENT,2023.32,28038.61,24397.44,21622.88,22426.85,0
25,TRANSFER,3473.81,4292.28,3451.02,14799.61,16019.08,0
25,CASH_OUT,2172.0,16583.65,12945.18,28176.88,28750.62,0
25,PAYMENT,1862.45,8513.05,7273.43,50276.86,50852.1,0
25,CASH_IN,12294.3,3049.37,1981.54,21734.46,26338.01,0
25,PAYMENT,7679.74,34875.98,28154.36,13070.97,14612.05,0
25,PAYMENT,4936.91,4975.53,3981.29,13322.47,14537.59,0
25,PAYMENT,3976.91,18129.23,16337.07,71985.15,75732.97,0
25,PAYMENT,4741.55,1587.96,1537.92,18334.37,19056.9,0
25,PAYMENT,9305.84,13956.54,11133.28,10070.37,17348.31,0
25,PAYMENT,997.67,4060.29,2493.37,28412.66,29312.79,0
25,PAYMENT,991.86,35934.29,20785.45,22321.15,23187.78,0
25,PAYMENT,5368.55,4754.02,3436.53,23535.86,26361.71,0
25,TRANSFER,546.01,8375.84,7062.39,650.24,780.36,0
25,CASH_IN,1983.91,13501.86,7866.34,14699.27,15226.53,0
25,DEBIT,945.01,5892.23,3820.61,10953.48,11415.01,0
25,CASH_IN,1837.07,14804.73,12796.27,4627.96,6368.34,0
25,PAYMENT,13415.56,2763.88,2183.43,7416.77,15745.34,0
25,CASH_OUT,2249.56,2098.51,1773.9,5408.81,6389.82,0
25,CASH_IN,3700.29,20928.65,17834.94,5629.64,6624.32,0
25,CASH_OUT,803.31,13478.75,6021.26,5003.31,5663.97,0
25,CASH_OUT,17041.35,26350.09,20310.93,43425.33,46511.29,1
25,CASH_OUT,11772.85,11783.77,7110.53,7235.81,10950.18,1
25,CASH_OUT,4884.31,37713.27,24888.13,19141.48,19800.31,0
25,TRANSFER,2871.19,16676.25,9442.15,11702.79,14429.2,0
25,TRANSFER,4581.22,3871.47,3242.57,10360.43,10932.69,0
25,PAYMENT,5434.75,6960.47,4301.81,2218.62,5255.5,0
25,PAYMENT,5330.19,4888.02,3041.85,13900.9,17378.14,0
25,CASH_OUT,1679.36,36640.82,18095.84,4619.2,5994.62,0
25,CASH_OUT,767.0,3818.5,3685.79,4574.12,4666.59,0
25,TRANSFER,7182.13,9696.88,8437.85,38375.29,42025.62,0
25,PAYMENT,1781.29,11954.33,8912.58,24347.38,25438.85,0
25,CASH_OUT,778.73,7615.4,6659.26,12693.67,13177.2,0
25,DEBIT,20538.49,10159.34,9960.61,13396.94,16336.86,0
25,TRANSFER,28953.01,1805.28,1241.13,11157.29,16774.74,1
25,TRANSFER,2446.14,6082.84,5552.68,27919.59,28330.31,0
25,CASH_OUT,909.51,7659.31,4894.91,92540.51,93443.12,0
25,PAYMENT,3595.74,18607.32,13767.01,22114.19,22959.96,0
25,CASH_IN,4706.76,25230.74,24081.23,29969.78,31038.19,0
25,PAYMENT,2116.71,4505.86,3598.72,116521.73,118537.04,0
25,TRANSFER,60196.94,10416.65,8370.79,18846.89,33977.93,1
25,CASH_IN,1568.43,3915.84,1987.09,14483.21,15308.61,0
25,TRANSFER,1629.49,9379.87,5814.95,21598.48,22266.78,0
25,TRANSFER,1903.2,2197.69,2035.2,30445.25,31698.44,0
25,CASH_IN,10408.66,6320.63,4102.93,50545.21,55477.94,0
25,TRANSFER,9056.88,9887.97,6911.91,33859.5,35655.05,1
25,PAYMENT,6642.37,14684.73,8298.87,31395.52,34658.87,0
25,TRANSFER,8273.58,17898.67,16088.47,26720.26,33664.09,1
25,TRANSFER,9367.8,3492.5,2321.41,6172.21,11827.52,0
25,DEBIT,8745.18,12325.99,10236.34,3277.67,8092.37,0
25,DEBIT,4856.7,13973.73,11383.34,4606.28,8900.9,0
25,PAYMENT,2500.0,8398.43,4916.92,25365.07,26529.32,0
25,TRANSFER,1798.44,5042.38,4762.4,13079.95,13305.98,0
25,PAYMENT,2624.98,16631.07,12877.45,18474.41,18993.96,0
25,PAYMENT,2086.88,6216.37,5322.26,10155.43,11455.92,0
25,CASH_OUT,1936.0,15412.84,9492.69,4045.41,5925.37,0
25,CASH_IN,100.87,11648.84,7213.93,94560.17,94584.9,0
25,CASH_IN,1204.95,69761.73,51076.75,6314.73,7151.39,0
25,CASH_OUT,511.5,3509.08,2787.59,17643.51,17843.45,0
25,CASH_IN,7426.36,6768.89,4567.13,2461.28,8146.77,0
25,DEBIT,6339.62,32379.23,22259.61,9721.57,12317.66,0
25,CASH_IN,922.26,135180.07,107697.55,5126.5,5751.85,0
25,PAYMENT,2299.22,14564.43,10729.9,92331.07,92954.69,0
25,TRANSFER,6905.49,570.03,309.0,8821.81,10779.26,0
25,CASH_IN,4664.83,3783.25,2190.7,17676.34,21584.3,0
25,CASH_OUT,6375.41,1289.77,837.69,13734.88,19285.4,0
25,CASH_IN,807.74,1083.41,938.04,3533.47,4063.31,0
25,CASH_IN,3685.94,8464.69,6746.18,68650.35,70403.21,0
25,TRANSFER,2385.22,1684.85,772.09,27510.94,28559.48,0
25,CASH_OUT,1717.77,2454.67,1708.28,1997.88,3449.31,0
25,TRANSFER,6311.22,4820.42,3180.49,9981.98,10650.78,0
25,TRANSFER,2315.23,6010.75,5379.39,24431.37,25281.84,0
25,CASH_OUT,3586.27,24537.71,19073.76,15201.03,17091.82,0
25,TRANSFER,7426.16,66880.91,52040.1,9572.68,16559.09,0
25,DEBIT,7245.38,6010.41,3927.35,23345.15,24553.82,0
25,CASH_OUT,3126.2,4366.61,3837.48,17355.1,20169.78,0
25,CASH_OUT,426.3,4075.74,2086.94,10979.74,11367.19,0
25,TRANSFER,2174.56,14576.07,13962.29,5038.88,5680.5,0
25,CASH_IN,11534.09,5371.53,4392.77,8677.72,14182.78,0
25,TRANSFER,3958.29,8049.24,7732.88,18282.29,22135.09,0
25,CASH_IN,49702.95,2673.59,1837.05,4552.68,40443.81,0
25,DEBIT,505.47,11193.33,10391.73,40565.83,41067.41,0
25,DEBIT,2306.65,11166.59,7487.48,3362.25,4662.09,0
25,CASH_OUT,2320.62,21017.1,15273.12,25479.51,27361.51,0
25,DEBIT,2472.03,134119.15,103250.98,7097.37,7899.84,0
25,DEBIT,812.72,4886.19,3464.54,51339.94,51854.1,0
25,CASH_OUT,2960.46,6149.34,5012.81,3229.23,4282.17,0
25,TRANSFER,13337.34,8093.05,4337.65,6808.9,18335.01,1
25,CASH_OUT,724.92,9027.36,7867.34,31834.01,32316.31,0
25,CASH_OUT,474.06,34903.68,26208.14,6818.18,7043.66,0
25,CASH_OUT,1065.34,3300.89,2667.42,47548.53,48077.5,0
25,CASH_IN,4312.12,154690.15,86533.66,25496.75,26091.66,0
25,PAYMENT,2379.26,20058.46,16502.55,39004.14,40353.93,0
25,PAYMENT,5309.59,2744.18,1854.23,4835.0,6652.94,0
25,CASH_IN,1288.97,2903.93,2306.69,74388.44,75455.17,0
25,CASH_IN,2765.42,5342.66,4350.97,3639.28,6053.49,0
25,DEBIT,3710.19,6227.82,4668.67,14874.86,15568.26,0
25,TRANSFER,8394.14,5215.71,3256.16,49105.92,52632.34,0
25,TRANSFER,2192.37,14351.12,12571.77,5128.48,5508.56,0
25,DEBIT,4011.49,40692.59,17246.38,8879.06,9703.43,0
25,CASH_IN,12150.05,35203.43,30057.38,4137.96,13123.77,0
25,DEBIT,2781.34,14835.75,13114.07,71126.22,71982.02,0
25,TRANSFER,389.84,6258.68,5689.53,7549.72,7588.92,0
25,CASH_IN,4706.66,15133.85,11386.05,5563.22,7192.66,0
25,CASH_OUT,2007.58,8948.09,5788.03,14914.85,16557.53,0
25,CASH_OUT,930.58,5136.12,2616.04,3391.71,3598.91,0
25,PAYMENT,6754.01,10511.15,9990.51,22339.69,28441.61,0
25,CASH_IN,5269.3,17841.52,15786.1,7171.52,9247.8,0
26,TRANSFER,4309.08,9957.69,8625.06,8175.84,11167.77,0
26,CASH_IN,30408.38,23082.32,14505.68,3350.54,13676.89,0
26,PAYMENT,494.86,8980.36,7450.7,1226.15,1435.97,0
26,CASH_OUT,1607.4,14195.92,11376.3,2873.5,3738.33,0
26,TRANSFER,22498.04,12966.93,10459.72,5796.53,21921.59,1
26,PAYMENT,1626.64,15801.45,12250.71,15417.47,15903.6,0
26,TRANSFER,1825.52,5437.67,5211.4,3315.78,3556.8,0
26,PAYMENT,3573.52,11355.82,8413.33,5543.68,6829.03,0
26,CASH_IN,29423.71,3517.46,2343.41,18482.28,40735.49,0
26,TRANSFER,1909.01,266.92,156.88,1120.15,2469.55,0
26,TRANSFER,2972.68,61773.28,48428.42,5039.55,7277.2,0
26,TRANSFER,3512.48,14379.8,13289.37,141811.19,142890.4,0
26,TRANSFER,395.88,36077.12,33304.05,52244.36,52587.2,0
26,CASH_IN,3777.92,12807.77,9380.42,21167.19,23692.13,0
26,CASH_IN,5392.76,3446.65,2551.21,29846.85,31204.09,0
26,CASH_IN,9108.85,11488.92,8177.14,19198.91,20935.9,0
26,PAYMENT,3871.47,27735.73,26718.59,9989.65,13769.63,0
26,PAYMENT,10506.24,15280.24,10237.32,17769.82,19370.8,0
26,CASH_IN,1427.44,9601.77,8565.67,10931.34,11923.1,0
26,PAYMENT,3140.8,14890.54,10032.59,35551.16,38230.96,0
26,TRANSFER,2333.84,3645.85,3133.08,32012.98,33617.03,0
26,CASH_OUT,23902.23,142427.01,99658.11,2006.08,13599.27,1
26,CASH_IN,4995.71,12897.98,11693.19,65061.8,66178.67,0
26,TRANSFER,3296.44,9471.15,7001.47,19292.88,21913.97,0
26,CASH_IN,2282.61,2261.78,1959.07,7469.56,8358.28,0
26,TRANSFER,917.47,7126.76,5406.97,16551.04,17135.41,0
26,PAYMENT,459.53,24099.24,20910.89,1645.72,1915.74,0
26,CASH_OUT,2945.29,2463.51,1952.3,7721.48,10282.03,0
26,CASH_OUT,2367.84,38309.2,34741.25,36063.68,38358.34,0
26,PAYMENT,35439.57,3375.62,2565.78,4649.56,14314.59,0
26,CASH_IN,989.22,3000.29,1771.21,24891.2,25102.9,0
26,TRANSFER,2516.73,11912.84,8771.57,16243.43,17132.5,0
26,CASH_OUT,28654.1,733.95,534.32,31188.44,50653.41,0
26,TRANSFER,7457.7,52326.37,41597.75,11510.18,15057.42,0
26,DEBIT,1759.88,10171.72,8176.33,737.66,1160.05,0
26,PAYMENT,3628.89,2031.92,1454.56,42367.55,42852.5,0
26,PAYMENT,8035.57,22112.64,10635.09,42430.99,46994.17,0
26,CASH_OUT,982.7,19660.58,15360.39,5914.54,6263.62,0
26,CASH_OUT,289.98,58721.23,41355.02,21426.7,21686.62,0
26,TRANSFER,2902.51,3250.54,2198.64,24100.49,26166.88,0
26,CASH_OUT,446.48,194477.04,119801.78,11045.4,11425.72,0
26,CASH_OUT,1195.88,734.29,526.43,12126.9,12523.53,0
26,CASH_IN,490.04,2907.38,2450.93,9982.61,10433.72,0
26,PAYMENT,1647.95,17761.87,9123.01,44500.92,45437.31,0
26,CASH_IN,1290.83,12677.59,11101.42,7558.82,7865.65,0
26,CASH_OUT,9713.83,4026.46,2808.18,9617.03,14541.94,0
26,CASH_OUT,3601.61,11009.4,5195.67,39021.85,41939.61,0
26,PAYMENT,1935.27,10025.28,7601.78,8356.76,9004.0,0
26,PAYMENT,2103.91,24661.62,22902.43,11956.64,12469.98,0
26,PAYMENT,16786.09,6680.93,5869.71,21429.7,23371.61,0
26,CASH_IN,3813.68,34934.93,16500.89,18917.92,19750.15,0
26,CASH_IN,354.03,8023.63,5821.16,4173.46,4352.58,0
26,PAYMENT,4614.29,3609.98,2267.46,27093.0,30893.2,0
26,TRANSFER,6151.22,17718.62,10913.11,53258.97,54086.56,0
26,TRANSFER,6249.42,225.18,213.57,11868.77,18090.41,0
26,PAYMENT,7133.05,25994.43,23685.42,16652.52,23340.57,0
26,CASH_OUT,2011.26,54289.94,35720.73,12030.67,12716.26,0
26,CASH_IN,12728.12,4036.34,3464.89,6946.49,17483.63,0
26,TRANSFER,79418.1,4639.99,2666.13,3150.97,65008.32,1
26,CASH_IN,25281.27,49856.23,34388.18,7851.7,20882.87,0
26,PAYMENT,1634.15,2555.48,2171.46,9740.48,10797.39,0
26,CASH_IN,1524.85,15340.42,10790.73,4737.37,6176.14,0
26,TRANSFER,1306.53,1985.61,1438.18,12878.05,13464.15,1
26,PAYMENT,5547.52,11854.81,5700.36,4318.12,5294.32,0
26,CASH_OUT,3117.2,56680.31,39405.99,6179.45,7364.61,0
26,TRANSFER,5197.78,14897.62,5884.33,6047.37,9886.11,0
26,CASH_IN,6872.37,5311.31,3427.41,25448.55,27345.48,0
26,CASH_OUT,1992.53,6531.48,4916.94,35118.03,36022.23,0
26,DEBIT,3741.22,10340.47,8275.4,45436.93,46470.02,0
26,PAYMENT,5339.24,4002.71,2751.75,4813.91,10027.34,0
26,PAYMENT,1036.95,11065.12,9234.41,7878.48,8680.72,0
26,CASH_OUT,11639.61,39545.06,30774.61,4581.76,10157.37,1
26,CASH_OUT,668.86,6222.84,5170.58,6440.2,6752.91,0
26,CASH_OUT,2095.65,24827.18,24095.52,31397.96,32960.48,0
26,PAYMENT,3616.25,6100.63,5950.92,4909.41,6229.02,0
26,TRANSFER,2406.25,19733.94,11840.57,14865.74,15533.73,0
26,DEBIT,4467.45,13687.41,9349.19,1582.29,5825.21,0
26,CASH_OUT,2071.93,44815.24,30876.17,1392.08,2189.3,0
26,CASH_OUT,2568.74,20623.37,18006.49,25173.11,25859.06,0
26,PAYMENT,1988.09,3891.4,2832.63,7921.33,8439.36,0
26,CASH_IN,2609.67,3986.02,3607.91,27762.17,30182.13,0
26,CASH_OUT,3330.23,1708.88,1587.22,23048.3,24435.79,0
26,PAYMENT,529.39,17866.58,16329.9,4607.53,4840.47,0
26,CASH_OUT,1068.86,747.26,690.76,14013.82,14243.01,0
26,DEBIT,4696.01,6194.81,5505.0,6368.08,8490.42,0
26,CASH_OUT,1290.88,14582.78,6095.01,15802.15,15990.14,0
26,CASH_OUT,724.02,29187.98,14170.05,2023.84,2293.06,0
26,PAYMENT,4701.32,3220.18,2251.46,10928.03,14517.96,0
26,TRANSFER,6810.39,44131.26,31151.73,3999.35,9301.05,0
26,CASH_IN,1405.33,5657.06,4218.4,23934.22,24176.8,0
26,CASH_IN,675.91,4713.22,3118.24,3148.71,3395.02,0
26,CASH_IN,2019.81,34862.39,30242.16,20736.84,21279.14,0
26,PAYMENT,1545.94,11580.71,7252.95,6825.55,7083.01,0
26,PAYMENT,10867.42,3506.58,2837.1,22750.59,29972.86,0
26,TRANSFER,21383.19,3967.82,2670.02,5218.24,15148.01,1
26,TRANSFER,646.8,5035.84,3981.33,5915.18,6236.5,0
26,TRANSFER,4856.23,3878.41,2859.85,48281.45,50925.18,0
26,CASH_OUT,2516.27,5052.9,3628.76,17318.68,19833.12,0
26,PAYMENT,1278.46,5143.59,2905.95,18798.42,19716.18,0
26,PAYMENT,1978.56,2581.83,2422.58,68081.97,69276.27,0
26,TRANSFER,12595.13,492.16,404.54,18402.1,28137.25,1
26,CASH_OUT,5449.13,24349.56,16699.08,1520.82,4763.22,0
26,TRANSFER,2967.45,74751.82,67071.8,12135.51,13790.49,0
26,CASH_IN,43544.7,6225.89,5123.53,20534.85,53551.43,0
26,TRANSFER,842.62,27029.8,20876.83,19955.25,20350.8,0
26,PAYMENT,7238.17,10291.92,9011.76,18892.36,25345.02,0
26,CASH_IN,3372.96,1678.64,1647.91,85460.0,88297.08,0
26,PAYMENT,637.5,24931.17,13941.92,13702.78,13807.4,0
26,CASH_OUT,5974.05,8421.19,7922.62,16197.23,19048.81,0
26,TRANSFER,175.43,87586.48,69041.93,12498.91,12630.28,0
26,DEBIT,8690.55,1523.36,1038.46,10926.67,18896.45,0
26,TRANSFER,441.87,8386.89,7523.71,9779.96,9892.5,0
26,TRANSFER,316.73,70899.72,52092.66,29022.28,29255.24,0
26,TRANSFER,3880.71,9199.83,5600.2,39354.06,42749.4,0
26,PAYMENT,23868.78,25018.91,23609.93,18834.95,32707.82,0
26,PAYMENT,2443.16,18450.14,14746.43,7952.03,8562.55,0
26,PAYMENT,1137.76,2628.41,2021.52,5917.66,6958.09,0
26,PAYMENT,1568.94,141341.04,70841.97,7697.39,8352.15,0
26,PAYMENT,7822.5,4981.16,4764.69,2647.19,5253.88,0
26,CASH_OUT,7643.94,54011.58,43623.67,17124.29,23441.47,0
26,PAYMENT,663.21,9457.71,5477.86,23183.68,23708.24,0
26,CASH_OUT,6105.26,6814.58,6012.79,86408.75,89571.4,0
26,CASH_OUT,2175.19,10303.21,7788.29,9375.3,10912.73,0
26,CASH_IN,4861.36,49900.82,37790.83,11524.86,16092.93,0
26,TRANSFER,262.16,6212.3,5553.63,3101.63,3252.68,0
26,PAYMENT,7472.61,12748.94,10608.28,38903.76,42094.68,0
26,PAYMENT,5549.43,5783.74,4839.03,31688.56,32591.83,0
26,CASH_OUT,7265.67,2238.22,1954.93,12612.4,14420.98,0
26,CASH_IN,31713.66,23103.76,20285.69,5212.63,16330.56,0
26,CASH_OUT,909.56,81618.6,69505.9,5098.45,5465.6,0
26,PAYMENT,16064.89,1927.19,1292.06,15388.67,30366.73,0
26,CASH_OUT,2905.45,3021.64,1856.93,37561.42,40244.8,0
26,TRANSFER,5479.67,2939.35,1832.85,25617.54,30236.4,0
26,PAYMENT,6370.3,1607.6,596.93,77144.74,79754.57,0
26,CASH_OUT,2862.54,16015.69,14783.62,9524.2,12343.08,0
26,PAYMENT,2139.74,66176.72,64040.78,21639.69,23264.16,0
26,PAYMENT,3819.25,1846.52,730.65,8949.82,9821.71,0
26,CASH_IN,453.77,4090.27,2962.96,107927.52,108309.75,0
26,PAYMENT,1537.48,11032.94,9274.02,32987.06,33185.19,0
26,CASH_OUT,1434.45,14566.04,12217.27,10092.89,11099.05,0
26,TRANSFER,2081.5,942.55,795.89,44775.09,45843.8,0
26,PAYMENT,252.05,16008.36,11369.79,15516.98,15669.43,0
26,CASH_IN,4823.21,7499.63,6891.37,10358.24,13157.3,0
26,CASH_OUT,972.97,6050.26,3378.52,12740.41,13060.58,0
26,TRANSFER,1765.2,25714.39,6363.46,4852.92,5820.63,0
26,PAYMENT,12333.48,28161.81,18334.31,6885.35,10228.34,0
26,DEBIT,2661.1,7749.15,4824.25,1569.75,4017.01,0
26,CASH_OUT,5584.11,4270.24,2950.68,19694.58,23559.09,0
26,CASH_IN,3735.44,20895.06,12497.11,16525.58,19052.17,0
26,CASH_IN,1929.53,46627.03,45363.3,16911.49,17153.91,0
26,PAYMENT,1224.66,36766.83,24033.71,16148.07,16939.41,0
26,CASH_OUT,2926.64,909.01,563.27,26785.97,27820.53,0
26,PAYMENT,1947.73,48107.23,44441.64,31523.68,31735.95,0
26,TRANSFER,319.11,8009.99,3819.02,9714.76,9811.75,0
26,PAYMENT,6358.09,1882.13,1640.79,15687.62,20325.91,0
26,CASH_OUT,1033.74,11064.15,9116.95,4145.7,4954.79,0
26,PAYMENT,798.32,1645.52,1510.52,13887.64,14505.55,0
26,CASH_IN,16377.11,3750.78,1748.56,11504.63,27301.13,0
26,CASH_IN,3532.82,19708.92,17315.93,5530.8,6800.23,0
26,CASH_IN,1304.47,3731.48,2712.31,5132.91,6289.95,0
26,CASH_OUT,1468.48,3382.73,2992.22,12774.21,13815.14,0
26,TRANSFER,3533.74,609.3,492.39,31250.09,34362.02,0
26,PAYMENT,7760.59,3286.82,2340.43,17216.82,24513.66,0
26,PAYMENT,3465.25,3782.64,3258.45,20389.23,21580.52,0
26,PAYMENT,1800.3,6010.22,4860.08,8098.88,9880.79,0
26,CASH_OUT,4585.92,44660.88,15245.28,4796.52,6861.88,0
26,PAYMENT,15970.51,6382.59,4296.81,29785.72,42166.57,0
26,PAYMENT,1756.58,5527.27,4835.16,62137.5,62709.85,0
26,CASH_IN,500.47,3457.06,2793.57,15232.51,15414.53,0
26,TRANSFER,2750.44,24560.95,21699.77,33972.39,36054.58,0
26,TRANSFER,1753.68,55562.13,50486.85,7902.88,8239.96,0
26,PAYMENT,6326.93,19472.31,10290.36,10151.31,15387.38,0
26,CASH_IN,2403.8,13444.2,10384.71,29884.12,30572.23,0
26,TRANSFER,1836.9,6030.94,3643.98,9093.82,9530.26,0
26,DEBIT,3434.14,2610.76,2022.82,14472.8,17568.51,0
26,TRANSFER,509.97,6667.29,4141.99,2163.27,2440.1,0
26,PAYMENT,3458.22,5433.33,4942.31,58950.62,62379.66,0
26,TRANSFER,4008.62,23793.92,21267.46,12722.26,16311.78,0
26,PAYMENT,1570.97,1589.44,979.03,9198.77,9558.58,0
26,CASH_OUT,6239.75,10926.18,8013.07,37015.35,38878.87,1
26,PAYMENT,21210.99,16016.17,12399.21,17829.62,19974.44,0
26,PAYMENT,3544.19,13626.49,9835.44,9154.22,11186.44,0
26,TRANSFER,2691.36,1861.15,1268.84,12145.64,14799.73,0
26,CASH_IN,696.29,35312.67,26059.21,7108.68,7765.38,0
26,TRANSFER,3033.97,7515.23,6869.43,13760.78,16494.92,0
26,CASH_OUT,2405.6,29805.06,19465.94,5183.3,7204.66,0
26,CASH_IN,10057.55,10990.19,9578.18,66134.0,73435.32,0
26,TRANSFER,797.32,2365.68,1831.62,26568.69,26949.11,0
26,PAYMENT,6185.11,6542.72,5372.93,4798.31,6910.42,0
26,TRANSFER,6423.97,3774.83,3217.79,9793.28,12782.68,0
26,CASH_OUT,8373.58,684.8,588.39,11824.77,16045.41,0
26,DEBIT,2299.14,2362.5,1814.55,2663.42,2996.52,0
26,CASH_OUT,1987.28,14518.42,9446.58,16869.61,17844.16,0
26,CASH_OUT,1276.52,30102.16,29166.85,12746.46,13322.14,0
26,TRANSFER,2232.47,7947.4,7145.66,2068.25,3588.49,0
26,PAYMENT,314.72,34079.8,24575.1,122106.38,122299.13,0
26,PAYMENT,3225.88,1789.0,1530.05,12327.17,14550.97,0
26,PAYMENT,3693.67,4110.9,1352.0,8936.59,11625.31,0
26,PAYMENT,12703.88,4064.02,3653.2,46762.84,57529.99,0
26,CASH_OUT,211.13,1387.14,764.15,14730.06,14755.65,0
26,PAYMENT,9018.15,6537.82,2535.16,15990.12,18097.38,0
26,PAYMENT,5988.5,169617.99,162929.66,84707.89,88476.13,0
26,PAYMENT,2919.15,6501.49,5371.86,5114.67,6603.48,0
26,CASH_OUT,1093.7,106991.29,51454.21,68310.72,68635.64,0
26,CASH_OUT,2090.58,550.34,331.47,24745.22,26783.45,0
26,CASH_OUT,338.81,33954.55,29987.74,81869.66,82166.45,0
26,PAYMENT,427.64,13224.38,11262.4,3992.87,4145.09,0
26,DEBIT,296.78,15448.12,9332.17,3481.05,3584.97,0
26,CASH_OUT,2468.01,3173.37,2540.01,13204.98,15591.2,0
26,CASH_OUT,3621.18,7213.85,6210.9,36176.1,37725.46,0
26,TRANSFER,27376.44,1843.85,1271.63,7410.0,24187.35,1
26,PAYMENT,2249.9,3160.65,2789.38,52345.65,53343.36,0
26,PAYMENT,3918.97,7550.21,3876.27,6170.81,10040.66,0
26,PAYMENT,11097.78,2737.86,2568.76,5944.32,16044.42,0
26,PAYMENT,311.59,17746.66,13674.37,8016.03,8306.11,0
26,CASH_OUT,9089.87,11667.12,9215.92,18226.89,20871.81,0
26,CASH_IN,1026.24,19967.87,15008.34,17437.1,18261.47,0
27,TRANSFER,5003.77,1076.2,974.31,4653.66,7683.46,0
27,PAYMENT,449.06,614.88,440.8,7826.45,8167.29,0
27,CASH_OUT,11219.7,4887.48,3609.32,40294.05,45068.36,1
27,CASH_OUT,1710.74,7184.68,4415.71,6620.96,7340.19,0
27,CASH_OUT,1788.12,2633.75,1992.73,12817.74,13345.81,0
27,PAYMENT,1060.58,147429.34,113710.68,4273.98,5236.05,0
27,CASH_IN,3008.87,17455.04,10878.86,5547.9,5865.38,0
27,PAYMENT,2595.75,257.95,190.2,8787.43,10459.99,0
27,TRANSFER,4731.37,6017.89,2801.89,14547.49,15776.35,0
27,PAYMENT,7962.52,18545.72,16551.88,15288.01,21031.21,0
27,DEBIT,6631.19,3636.26,2129.28,26578.59,29242.22,0
27,PAYMENT,1930.65,5247.11,4692.68,263183.35,264086.23,0
27,DEBIT,2065.57,35842.16,32268.97,114011.65,115091.22,0
27,PAYMENT,3040.99,1987.2,1885.89,7572.82,8487.24,0
27,PAYMENT,4823.98,3485.97,2077.75,12845.14,15912.11,0
27,DEBIT,3572.11,3809.84,2616.64,6483.27,9693.78,0
27,TRANSFER,5526.77,22557.39,18418.61,5026.14,8723.79,0
27,PAYMENT,5597.6,4247.11,2763.57,22909.37,26847.21,0
27,CASH_OUT,7852.86,15793.05,4973.48,739.25,3676.58,0
27,PAYMENT,1572.42,8639.84,7566.35,30635.7,31181.72,0
27,CASH_OUT,5941.56,4361.21,4132.19,17797.24,23581.97,0
27,TRANSFER,3790.49,3802.94,2318.08,71759.13,75399.74,0
27,PAYMENT,455.74,4807.62,4123.24,10007.74,10407.51,0
27,CASH_IN,19613.4,1628.01,1081.12,24735.79,34205.34,0
27,CASH_IN,4892.73,5795.32,3162.6,2841.69,4828.35,0
27,TRANSFER,268.56,3902.81,2269.09,15189.93,15360.79,0
27,PAYMENT,347.8,7846.45,4845.17,4990.55,5130.32,0
27,CASH_IN,7308.72,45435.09,38812.55,3196.33,4326.97,0
27,TRANSFER,1620.63,18458.44,12747.59,3009.13,4440.41,0
27,CASH_OUT,8773.8,11081.58,6083.81,9586.26,15280.38,0
27,CASH_OUT,1393.66,16789.11,8668.95,50031.23,50946.87,0
27,CASH_OUT,4100.72,9848.69,2479.08,6422.89,9474.75,0
27,PAYMENT,2917.72,115195.57,95153.9,28269.48,30914.82,0
27,PAYMENT,1070.42,1758.52,637.7,14532.3,15230.22,0
27,TRANSFER,1750.06,1119.1,912.34,20613.86,21875.42,0
27,TRANSFER,1529.28,3281.71,1990.19,13214.61,14172.78,0
27,PAYMENT,4211.16,8292.38,4311.44,4225.04,8300.93,0
27,PAYMENT,37453.34,72483.09,60781.48,37889.97,63548.11,0
27,CASH_OUT,509.13,3855.08,3662.52,27211.5,27450.75,0
27,DEBIT,12175.63,3887.12,2014.57,20203.27,31713.83,0
27,PAYMENT,20269.14,3114.18,2070.09,4061.73,6260.67,0
27,PAYMENT,5430.4,4935.14,2910.25,333986.4,336254.25,0
27,TRANSFER,715.26,6624.26,5688.07,14763.85,15018.6,0
27,CASH_OUT,2007.51,5331.06,3944.28,7439.7,9276.21,0
27,TRANSFER,2270.24,20201.84,17204.98,13341.35,15049.59,0
27,PAYMENT,9384.32,128356.45,82703.33,17500.76,26478.79,0
27,PAYMENT,1521.29,26779.14,21844.61,15158.25,15647.84,0
27,CASH_OUT,6378.89,2028.38,1362.06,16510.9,20003.03,0
27,PAYMENT,10399.9,19066.38,16705.08,14617.84,16845.76,0
27,DEBIT,947.56,17794.65,15316.75,7350.59,7735.46,0
27,CASH_IN,681.73,5460.02,4837.61,14893.35,15435.73,0
27,TRANSFER,1762.12,5105.98,2646.06,9231.92,10223.69,0
27,CASH_OUT,456.6,13300.62,10099.63,4131.06,4210.84,0
27,PAYMENT,947.25,6898.99,4192.3,4459.68,5169.2,0
27,CASH_IN,4131.18,54020.15,33172.76,24168.41,27486.74,0
27,DEBIT,453.77,6145.67,4462.15,14678.35,14828.74,0
27,PAYMENT,1358.54,1666.51,1338.98,53774.82,54311.42,0
27,CASH_IN,2376.36,4681.3,1769.56,6496.35,7248.62,0
27,CASH_OUT,2169.33,3307.31,1126.9,16626.44,17142.83,0
27,PAYMENT,703.42,6297.47,4625.73,13300.15,13420.07,0
27,PAYMENT,1751.91,38417.97,23677.34,7011.35,8460.95,0
27,TRANSFER,5275.73,12672.96,9247.48,43366.34,46301.67,1
27,CASH_OUT,4015.62,4067.99,2815.05,2421.23,3877.94,0
27,DEBIT,1014.18,3508.68,2923.65,110081.04,110297.92,0
27,PAYMENT,1456.97,5269.82,3982.69,9830.19,10255.84,0
27,TRANSFER,777.29,22256.26,18349.74,4698.98,5029.25,0
27,PAYMENT,2173.57,5783.52,4164.28,8002.28,8299.27,0
27,DEBIT,3303.2,2682.39,2029.44,4929.05,7167.15,0
27,DEBIT,4645.45,1120.37,897.23,5299.56,6261.48,0
27,TRANSFER,502.96,61933.41,41706.01,6944.61,7302.63,0
27,CASH_OUT,5254.59,25743.36,17181.1,47134.04,52290.26,0
27,CASH_IN,685.32,7925.97,4835.36,26350.89,26555.94,0
27,PAYMENT,2346.77,3378.95,3069.23,21905.92,22220.09,0
27,CASH_OUT,2490.13,4484.37,2708.62,8416.24,10260.83,0
27,TRANSFER,2833.95,10588.28,7159.95,1478.07,2251.41,0
27,PAYMENT,7070.36,25378.71,12888.79,18864.47,22908.41,0
27,CASH_IN,1057.62,13687.55,12845.24,19834.08,20355.99,0
27,PAYMENT,2506.23,21334.84,18427.59,3478.87,3799.78,0
27,CASH_OUT,491.71,4122.27,2648.33,16502.6,16939.28,0
27,PAYMENT,2457.05,9199.41,7183.44,38561.6,39346.86,0
27,TRANSFER,22039.45,154109.48,117275.41,18645.1,25909.25,1
27,CASH_OUT,821.19,5235.87,4285.05,15521.6,15681.41,0
27,CASH_OUT,8909.31,2470.4,2165.12,8267.23,12106.87,0
27,PAYMENT,6520.18,10278.12,8666.9,4033.05,4691.18,0
27,CASH_OUT,1844.37,3502.18,3159.37,9553.15,11093.19,0
27,TRANSFER,571.17,7187.1,5699.39,14658.64,14956.35,0
27,PAYMENT,764.95,31471.67,28771.49,13946.35,14152.31,0
27,PAYMENT,3421.27,6693.55,5897.22,8366.3,10941.83,0
27,CASH_OUT,6707.83,16399.27,13840.61,1532.17,4681.92,0
27,TRANSFER,2687.68,3744.33,3494.01,10821.53,11908.12,0
27,PAYMENT,2126.02,660.33,591.21,8568.92,10606.01,0
27,TRANSFER,683.55,35099.0,31008.42,32158.4,32814.08,0
27,TRANSFER,593.05,133151.58,77288.06,1811.16,1988.72,0
27,PAYMENT,481.32,26972.08,25191.21,9932.37,10062.2,0
27,TRANSFER,1419.42,21184.53,16397.4,16305.97,17373.54,0
27,CASH_OUT,957.79,1113.38,580.7,16392.5,16891.92,0
27,PAYMENT,2353.5,987.66,906.2,26939.21,28182.83,0
27,TRANSFER,1323.65,3065.39,2478.42,30640.1,30959.88,0
27,PAYMENT,4627.31,4115.1,3313.89,40395.17,42167.63,0
27,TRANSFER,1607.83,645.19,591.2,51740.57,52696.87,0
27,CASH_OUT,1365.2,7739.37,5174.75,6243.41,6779.92,0
27,TRANSFER,12967.32,1724.81,1572.38,3061.12,6345.76,1
27,CASH_OUT,13165.03,1285.68,1125.24,13136.8,17769.44,1
27,CASH_OUT,722.37,4231.33,2505.33,29845.64,30143.09,0
27,PAYMENT,535.34,10200.63,8155.43,9249.35,9630.01,0
27,PAYMENT,2601.89,2814.63,2665.53,40218.45,41550.23,0
27,CASH_IN,3003.25,10914.06,10341.49,14320.3,16864.0,0
27,PAYMENT,11719.6,11893.21,9052.19,6139.71,9857.51,0
27,CASH_IN,1710.38,3418.5,2976.41,36047.93,37025.36,0
27,TRANSFER,4026.08,82293.69,67166.24,41693.83,44818.44,0
27,PAYMENT,5355.34,8992.7,4525.17,11249.9,14805.03,0
27,CASH_OUT,4657.68,710.49,618.05,2945.84,5523.32,0
27,CASH_OUT,2209.31,7487.52,4792.0,14228.53,14529.95,0
27,PAYMENT,3321.02,9416.08,8510.02,3793.59,5701.83,0
27,CASH_IN,275.25,5666.71,5091.97,24733.41,24851.67,0
27,CASH_OUT,3076.78,522.3,490.65,3231.65,3964.71,0
27,PAYMENT,14075.61,30007.3,27569.81,8739.95,22586.7,0
27,PAYMENT,1855.03,10879.63,8174.03,5019.23,5255.04,0
27,TRANSFER,3001.64,21141.42,15175.51,5637.29,6403.23,0
27,PAYMENT,1835.05,80656.67,75487.79,24671.44,26496.25,0
27,TRANSFER,1088.81,28308.06,21638.74,84835.2,84999.72,0
27,CASH_OUT,986.71,2864.31,1603.28,823.47,1758.34,0
27,PAYMENT,2407.94,1234.46,981.9,65777.07,66334.79,0
27,CASH_IN,829.02,41029.42,37079.47,13754.08,14573.75,0
27,CASH_OUT,4972.9,2460.11,2318.76,4753.2,6457.09,0
27,PAYMENT,9206.53,3471.04,1781.46,47133.92,51264.06,0
27,TRANSFER,1757.46,7883.14,6038.17,7881.66,9238.41,0
27,CASH_OUT,1394.17,18751.05,12728.33,6189.25,7223.34,0
27,CASH_OUT,1439.81,15367.29,10751.44,21131.76,21384.35,0
27,TRANSFER,657.83,9577.52,5934.44,5631.03,5800.85,0
27,TRANSFER,3578.52,30774.37,22808.51,3310.01,5097.47,0
27,TRANSFER,1591.1,8063.91,6316.58,4350.37,4964.21,0
27,TRANSFER,369.32,1749.37,1716.6,5587.79,5889.96,0
27,CASH_IN,7071.36,2119.69,1487.9,17874.48,21407.18,0
27,TRANSFER,3823.08,8599.14,7426.07,45122.29,47451.51,0
27,CASH_OUT,4341.54,4973.65,4229.11,4369.57,8426.91,0
27,TRANSFER,3696.29,19121.7,18102.73,7923.51,9220.61,0
27,PAYMENT,1409.61,3440.29,2583.69,19954.19,20239.95,0
27,CASH_OUT,2277.63,55290.03,36865.33,6888.6,7893.69,0
27,TRANSFER,3300.56,49422.26,36125.23,15124.27,16592.25,0
27,CASH_OUT,12059.36,1590.46,779.56,10331.31,19491.19,1
27,PAYMENT,1359.33,5963.96,5542.41,6208.81,7104.05,0
27,CASH_IN,5525.11,3915.25,3292.59,3372.59,4342.42,0
27,PAYMENT,5219.44,6695.47,6163.39,16473.1,20201.01,0
27,TRANSFER,1106.91,4028.67,3947.84,80144.32,80955.34,0
27,TRANSFER,2467.25,12017.7,8039.96,15985.31,16869.51,0
27,PAYMENT,4646.28,15771.83,15257.55,25391.49,26625.22,0
27,PAYMENT,17051.8,4643.54,3670.02,17007.1,28314.01,0
27,TRANSFER,2031.49,589.75,522.71,15992.5,17311.99,0
27,CASH_IN,1171.09,4029.88,3475.29,26129.81,26849.5,0
27,CASH_OUT,6640.94,1563.08,1370.2,5226.8,8562.99,0
27,PAYMENT,6444.98,9512.07,7069.54,18565.86,20608.88,0
27,PAYMENT,1562.31,35869.41,19308.65,24522.5,25367.58,0
27,TRANSFER,1409.49,16714.45,11755.87,4606.39,4752.45,0
27,CASH_IN,21510.35,5840.71,4037.32,3216.18,14529.67,0
27,TRANSFER,1153.63,8850.41,6095.05,11066.79,11975.25,0
27,PAYMENT,7107.99,14249.68,12490.67,2287.98,5331.06,0
27,TRANSFER,3087.45,2414.64,1003.23,6492.54,7035.14,0
27,PAYMENT,5138.09,42458.23,29829.96,65303.83,65869.86,0
27,TRANSFER,5795.26,8667.87,6167.29,28943.45,32179.82,0
27,CASH_OUT,4667.96,14870.24,9980.23,19025.02,23092.42,0
27,TRANSFER,2658.38,4632.37,3398.39,15842.28,17866.25,0
27,CASH_OUT,324.01,22184.39,21782.03,10655.95,10941.54,0
27,CASH_IN,5936.05,7455.55,2397.54,14058.41,17378.77,0
27,DEBIT,456.69,2166.96,1702.46,17155.8,17549.65,0
27,CASH_OUT,9629.11,22173.42,16320.25,28133.41,35024.54,0
27,CASH_OUT,950.59,29245.5,21008.75,18480.29,18658.24,0
27,CASH_OUT,8897.09,1556.94,1012.19,17687.68,22086.19,0
27,TRANSFER,1817.36,13332.55,12283.03,43471.9,43949.58,0
27,CASH_OUT,5124.93,14769.13,10543.59,68551.84,73229.96,0
28,PAYMENT,10888.69,7974.08,5688.83,45828.04,54870.52,0
28,TRANSFER,893.16,6214.02,4356.39,2651.0,3443.93,0
28,CASH_OUT,2928.56,17723.34,11048.1,3707.26,5639.05,0
28,CASH_IN,8714.75,36506.27,32276.61,5350.35,13121.62,0
28,TRANSFER,8432.31,11951.62,5876.17,6035.97,11265.2,0
28,TRANSFER,508.42,3397.27,2517.57,34315.41,34697.52,0
28,TRANSFER,4870.38,10042.24,6606.38,7448.61,9246.2,0
28,PAYMENT,2541.26,76072.57,62229.23,5381.77,6011.84,0
28,CASH_IN,5820.97,2705.93,1499.05,10188.91,13005.15,0
28,PAYMENT,1435.03,2073.67,1651.54,2713.38,3403.41,0
28,CASH_OUT,1874.1,4985.96,4839.39,1694.11,2913.98,0
28,PAYMENT,715.34,10989.47,8455.72,7470.12,7981.3,0
28,CASH_OUT,2958.77,3467.26,3177.15,16737.52,17931.82,0
28,DEBIT,3157.55,787.35,713.85,1103.72,3730.59,0
28,PAYMENT,2143.82,3884.14,2445.07,47156.89,47774.53,0
28,DEBIT,11441.9,930.68,563.62,14580.53,15972.82,0
28,TRANSFER,9498.33,57292.25,45320.81,12940.86,19684.56,1
28,DEBIT,4166.25,22125.17,10940.03,67476.6,68542.98,0
28,CASH_OUT,2724.92,12376.27,11567.58,817.8,1966.83,0
28,TRANSFER,4803.89,4930.03,3785.13,16663.89,20595.43,0
28,CASH_IN,2439.38,11846.21,9870.89,8658.17,10978.33,0
28,CASH_IN,292.57,10783.07,9678.92,10159.19,10439.24,0
28,CASH_IN,18331.34,4945.99,4345.26,52141.43,59006.57,0
28,PAYMENT,2558.96,24681.24,20606.03,4677.09,6256.5,0
28,TRANSFER,913.92,2553.21,2235.73,8328.22,8427.06,0
28,PAYMENT,9706.66,13696.26,11775.21,2522.61,8311.45,0
28,CASH_OUT,5149.55,4842.43,4587.24,64564.26,66917.23,0
28,CASH_OUT,3130.84,97755.46,91567.37,15375.46,16178.48,0
28,CASH_IN,3182.43,3196.74,2748.56,6609.75,8018.56,0
28,CASH_OUT,4061.43,8622.2,7335.58,20060.44,23988.11,0
28,PAYMENT,1983.28,62035.28,56724.66,30656.36,31491.03,0
28,DEBIT,752.3,42168.46,23575.35,8841.31,9116.88,0
28,CASH_OUT,4033.54,14417.31,9716.04,18241.78,20773.23,0
28,TRANSFER,1019.07,34305.45,32746.05,10678.96,11554.32,0
28,TRANSFER,467.96,5136.83,3179.11,22715.64,23065.88,0
28,CASH_OUT,9303.67,4386.73,2734.61,8364.06,13271.65,0
28,PAYMENT,16335.75,6256.63,5639.49,20317.96,30244.4,0
28,CASH_IN,3143.84,16466.67,9511.42,9323.31,11823.19,0
28,PAYMENT,1098.47,3835.8,2017.27,25539.02,25664.38,0
28,CASH_OUT,4643.6,1189.1,980.26,15174.79,16313.26,0
28,PAYMENT,1546.49,2816.42,1856.43,15112.54,16619.4,0
28,PAYMENT,2854.46,3479.3,3304.52,9223.68,9954.86,0
28,CASH_OUT,2267.81,2461.49,1640.95,19764.27,21034.49,0
28,PAYMENT,3246.84,6635.69,5883.79,55013.31,57897.1,0
28,PAYMENT,647.42,16894.26,12757.63,2555.24,2721.17,0
28,CASH_OUT,433.08,34595.61,27528.96,7414.3,7641.27,0
28,PAYMENT,22388.66,8203.61,5278.45,42652.55,47639.8,0
28,CASH_IN,935.59,4328.54,3049.6,5207.48,5415.81,0
28,TRANSFER,4491.75,201810.34,119465.94,12848.37,15045.82,0
28,CASH_OUT,1730.25,3007.7,2590.09,4604.54,4873.18,0
28,PAYMENT,3033.31,2980.68,2669.1,7351.89,8756.21,0
28,CASH_IN,324.15,9568.87,6585.86,12519.1,12596.19,0
28,PAYMENT,3618.75,21452.05,17538.35,28361.15,31445.44,0
28,TRANSFER,3451.09,18005.19,15097.56,16198.47,17528.92,0
28,TRANSFER,725.54,4529.46,4071.58,15600.89,15916.02,0
28,TRANSFER,524.91,16817.6,13103.56,11143.85,11440.37,0
28,PAYMENT,3342.76,22709.33,18595.94,11063.3,13361.32,0
28,CASH_OUT,2212.65,11982.69,8335.22,6421.85,8594.71,0
28,PAYMENT,5831.79,10495.33,9344.95,18534.74,19121.88,0
28,TRANSFER,1991.89,4764.92,2455.28,10578.38,11050.15,0
28,TRANSFER,6866.8,5068.32,1755.35,52314.23,57092.53,1
28,PAYMENT,4545.26,75305.38,60842.97,9748.02,13766.07,0
28,PAYMENT,7137.63,9142.65,6235.83,12839.77,17971.64,0
28,TRANSFER,1303.55,9250.32,8445.01,32060.84,32220.55,0
28,PAYMENT,2337.51,2358.32,1653.62,13904.11,16068.69,0
28,PAYMENT,464.85,41573.56,38229.69,33679.0,33974.19,0
28,CASH_IN,2473.87,3314.43,2396.98,3080.44,4830.89,0
28,CASH_OUT,7312.52,17640.01,15237.6,5241.18,10717.17,0
28,TRANSFER,2359.78,2089.38,1364.34,3979.36,5441.29,0
28,CASH_OUT,713.56,10296.16,9428.06,38762.3,39224.93,0
28,CASH_OUT,828.74,6108.26,4793.02,8364.0,8463.27,0
28,TRANSFER,24916.98,32508.11,24455.22,27794.14,50603.82,1
28,CASH_OUT,2422.23,25225.43,17010.18,23608.89,23852.52,0
28,DEBIT,3518.55,3260.58,2467.77,1697.63,2537.44,0
28,CASH_OUT,3917.24,19112.18,12730.83,2129.47,4190.35,0
28,PAYMENT,6859.7,8102.04,7034.63,104491.66,109715.2,0
28,PAYMENT,8538.3,21217.72,19786.82,182736.03,187973.59,0
28,CASH_OUT,16320.81,1796.92,1244.76,13558.77,21120.67,1
28,PAYMENT,6827.81,12630.57,6263.64,6889.39,10376.79,0
28,CASH_IN,1697.16,3231.17,2637.24,4277.55,5523.92,0
28,PAYMENT,8770.21,83007.49,81572.93,14557.04,22762.38,0
28,PAYMENT,6411.81,27550.75,22003.83,9046.61,12559.44,0
28,PAYMENT,912.46,3142.24,2542.08,5398.75,6027.72,0
28,TRANSFER,3620.95,6380.4,4509.41,16454.9,18894.51,0
28,DEBIT,620.24,1908.68,1710.09,94645.69,95255.09,0
28,CASH_OUT,5237.9,27990.63,26483.01,7046.25,10041.98,0
28,TRANSFER,5056.0,10937.92,8724.45,26534.68,28762.83,0
28,PAYMENT,2881.86,19405.54,10763.73,6908.02,7451.87,0
28,TRANSFER,1076.47,7115.49,5506.21,22304.37,22868.29,0
28,TRANSFER,2130.18,23178.71,21564.85,27546.99,29054.73,0
28,PAYMENT,2750.92,32428.37,15965.36,6950.38,8255.52,0
28,PAYMENT,4469.3,41054.3,31578.44,13437.8,14374.65,0
28,CASH_OUT,2890.68,2211.59,1631.7,7907.55,9589.51,0
28,CASH_OUT,895.95,10330.69,7904.91,24163.85,24280.29,0
28,TRANSFER,14850.98,10052.68,5287.3,19905.9,34074.03,1
28,TRANSFER,6814.03,1901.06,1310.83,14036.04,15832.16,0
28,PAYMENT,458.39,10601.87,6854.03,5584.35,5694.66,0
28,PAYMENT,4397.24,17094.38,11600.94,4675.06,7186.41,0
28,TRANSFER,21238.08,21182.34,18957.87,16626.75,21818.95,1
28,PAYMENT,3559.53,42286.28,26302.73,28562.83,29968.2,0
28,TRANSFER,2011.74,4238.95,4107.7,9461.88,10954.02,0
28,CASH_OUT,564.56,2771.05,1669.51,28460.95,28577.47,0
28,CASH_IN,1261.12,23746.1,15667.87,34513.67,35651.26,0
28,TRANSFER,2019.93,17522.57,14219.44,12049.48,13598.47,0
28,PAYMENT,623.34,8687.57,4360.62,51042.79,51227.89,0
28,CASH_IN,11421.18,1891.0,1105.4,33575.25,42358.96,0
28,CASH_IN,376.55,3423.34,2421.47,17209.89,17490.99,0
28,CASH_OUT,5179.84,19029.47,12591.14,33637.71,37433.78,0
28,PAYMENT,9249.67,27566.11,25284.77,3036.13,8406.22,0
28,TRANSFER,1158.75,31686.85,18342.35,22375.96,22712.59,0
28,CASH_OUT,2686.37,35820.14,31818.44,3838.87,6350.61,0
28,CASH_OUT,4039.31,13476.46,10456.42,106167.59,107453.17,0
28,PAYMENT,1190.08,1395.26,1309.19,15238.72,16381.98,0
28,TRANSFER,1381.64,3924.61,2789.56,31726.76,32678.8,0
28,CASH_OUT,2850.46,69805.43,53419.68,17934.34,20509.08,0
28,CASH_IN,2948.85,21124.03,14787.99,10162.85,11460.5,0
28,PAYMENT,982.2,14222.28,11209.78,15351.77,15920.55,0
28,PAYMENT,4847.99,4094.84,3701.97,10202.0,13988.03,0
28,CASH_IN,2995.61,9021.27,5324.8,64664.36,66744.62,0
28,CASH_OUT,11407.91,5091.61,3917.96,153658.24,161405.55,1
28,TRANSFER,319.94,17697.5,13749.9,3866.78,4104.59,0
28,CASH_OUT,1075.94,11853.41,11324.24,24429.42,25361.35,0
28,TRANSFER,2066.74,13380.5,10515.37,12472.03,13692.34,0
28,CASH_OUT,538.75,1946.66,1377.38,6244.84,6563.67,0
28,TRANSFER,449.99,6878.34,6503.43,10127.8,10462.72,0
28,PAYMENT,3742.89,5086.39,4141.59,8664.89,12269.16,0
28,CASH_OUT,5524.13,4096.7,3644.07,64070.26,66000.25,0
28,TRANSFER,2484.84,9123.39,7094.12,8533.22,8797.27,0
28,CASH_IN,12294.72,68657.26,61397.83,13103.43,15574.87,0
28,CASH_OUT,3853.95,2779.63,1686.47,19991.97,21896.24,0
28,CASH_IN,2100.68,1521.22,1338.17,18877.09,20837.98,0
28,TRANSFER,2696.2,11423.42,7996.77,23283.66,24397.93,0
28,PAYMENT,124.04,6374.23,3301.86,8555.37,8601.89,0
28,DEBIT,2720.08,19898.72,14859.58,4946.02,7277.73,0
28,PAYMENT,954.83,9549.39,4298.61,11266.13,11933.22,0
28,PAYMENT,1571.51,24419.63,21019.14,6509.56,6996.99,0
28,CASH_OUT,5412.0,6978.18,4915.47,22804.07,24694.75,1
28,PAYMENT,2278.45,11963.67,10304.14,23644.95,25828.19,0
28,PAYMENT,3760.38,29738.5,24520.68,4115.68,7559.05,0
28,CASH_OUT,2400.64,6677.03,5299.24,6353.63,7571.28,0
28,PAYMENT,6849.24,9121.22,7779.54,7957.87,11880.9,0
28,TRANSFER,1032.08,4219.31,3302.59,3930.81,4407.03,0
28,CASH_OUT,2603.28,1719.94,1532.63,4269.12,4815.25,0
28,CASH_OUT,2247.12,2016.95,1757.54,28120.19,29081.43,0
28,PAYMENT,608.13,5158.34,4452.77,34405.1,34779.37,0
28,CASH_IN,480.76,5130.42,5121.43,2854.38,3228.98,0
28,CASH_IN,6616.14,3886.75,3605.51,61435.55,67479.26,0
28,CASH_IN,4524.03,15494.86,13307.36,3639.56,7048.29,0
28,TRANSFER,5254.71,9195.53,7729.91,19081.03,21039.7,0
28,CASH_OUT,2418.67,20238.42,10528.75,24183.64,24609.86,0
28,TRANSFER,6910.21,4990.88,4287.19,38176.39,39480.7,0
28,CASH_IN,3258.59,12206.86,8993.4,11238.79,12995.31,0
28,TRANSFER,15543.11,384.96,337.15,7798.75,11356.75,1
28,CASH_IN,2163.5,4493.35,3456.93,10416.06,12252.94,0
28,CASH_IN,613.27,38034.95,33166.52,71443.59,71548.03,0
28,PAYMENT,37872.69,63639.14,51519.28,8845.55,36703.49,0
28,CASH_OUT,1692.04,5296.4,3410.14,64647.28,65808.3,0
28,PAYMENT,4201.49,1118.92,927.55,2317.0,2964.78,0
28,CASH_OUT,3094.18,13823.63,13269.86,92140.6,94866.67,0
28,TRANSFER,6081.13,6782.94,5553.56,10194.44,12583.11,0
28,TRANSFER,1537.81,9130.8,6180.96,7034.67,8081.53,0
28,CASH_OUT,826.17,3303.21,2693.89,19271.29,20070.12,0
28,PAYMENT,786.3,3979.52,3168.46,27734.62,28127.2,0
28,TRANSFER,6651.46,1183.27,1011.33,45179.35,46787.27,1
28,CASH_OUT,1706.67,10926.22,9307.24,2273.33,3883.05,0
28,CASH_IN,5811.56,1755.09,1519.31,25581.78,30444.38,0
28,TRANSFER,240.67,760.52,660.46,14058.04,14140.0,0
28,PAYMENT,6540.61,15045.09,9961.18,2363.49,8006.52,0
28,PAYMENT,1012.65,3666.61,3512.73,14906.94,15353.84,0
28,CASH_IN,3170.26,10015.87,6587.05,45705.36,46589.25,0
28,PAYMENT,2117.24,5707.03,3694.47,4939.81,5919.78,0
28,CASH_IN,2840.74,8722.88,8020.93,6661.9,7270.79,0
28,TRANSFER,1263.73,10780.78,8125.13,31779.06,32104.74,0
28,PAYMENT,5678.05,10463.91,8081.8,4809.31,5964.01,0
28,DEBIT,1398.36,6704.06,5703.22,15396.58,15815.25,0
28,CASH_OUT,2480.32,32951.46,16966.62,6949.97,7857.39,0
28,TRANSFER,2426.06,2754.02,1806.69,2188.93,3055.97,0
28,PAYMENT,7937.67,6307.03,3090.15,123851.4,129733.64,0
28,TRANSFER,4175.54,11371.23,6278.71,13545.53,15640.93,0
28,TRANSFER,5792.76,1399.44,1184.44,16113.66,18624.19,0
28,TRANSFER,12294.32,5654.49,4285.8,14484.3,18168.31,1
28,PAYMENT,3719.04,12927.46,9644.44,48208.76,50229.38,0
28,PAYMENT,1697.79,15712.14,12057.86,37259.72,37670.55,0
28,TRANSFER,4302.38,2909.39,2653.11,7802.2,10780.56,0
28,CASH_OUT,2401.08,9439.91,7984.8,24502.84,26108.32,0
28,PAYMENT,1650.13,35369.5,19288.63,2834.0,4311.85,0
28,PAYMENT,1286.42,79205.19,66768.57,9422.04,10325.86,0
28,CASH_IN,2981.24,6522.09,6165.03,2142.1,3133.41,0
28,TRANSFER,9794.14,1963.07,1197.23,4732.76,7352.4,0
28,PAYMENT,15912.65,3039.15,2502.25,1729.04,12251.5,0
28,PAYMENT,753.22,12854.32,10351.0,34765.37,35500.41,0
28,PAYMENT,7948.61,5993.77,3468.65,7161.41,13459.98,0
28,PAYMENT,2508.81,5984.51,2504.81,3464.24,3805.63,0
28,PAYMENT,2734.41,7055.45,5875.36,14664.59,15427.41,0
28,CASH_IN,2168.19,1482.65,1174.92,6496.13,7949.35,0
28,PAYMENT,1020.13,37217.03,23327.33,9203.12,9359.61,0
28,TRANSFER,5906.62,38880.8,35250.84,6819.65,9224.68,1
28,PAYMENT,1997.79,22869.36,17857.7,8771.48,10208.85,0
28,PAYMENT,640.46,27584.14,23779.03,6003.4,6491.24,0
28,CASH_OUT,2352.48,55520.28,35654.64,20946.22,22484.02,0
28,CASH_OUT,3365.47,2000.31,1704.9,19966.42,21441.96,0
28,TRANSFER,1211.18,6367.24,4733.78,8514.78,8763.34,0
28,TRANSFER,3671.94,32992.05,25373.83,23249.02,23816.14,0
28,TRANSFER,549.04,3643.46,2466.85,6156.4,6237.74,0
28,CASH_IN,1835.13,1047.7,706.38,104301.47,105437.92,0
28,TRANSFER,4025.12,8754.01,7734.53,6469.78,9018.09,0
28,PAYMENT,1446.25,33534.26,25165.52,3706.32,3922.11,0
28,PAYMENT,1457.54,26166.75,20001.34,9476.22,10859.19,0
28,TRANSFER,9687.05,3939.22,2867.22,13515.44,17097.87,0
28,CASH_OUT,4347.96,4939.5,4484.76,13135.15,15692.04,0
28,CASH_IN,171.99,7435.64,4591.0,54289.85,54379.31,0
28,PAYMENT,5208.01,23226.52,17757.34,3724.71,7064.27,0
28,PAYMENT,1661.19,3894.27,2720.17,4517.41,5453.54,0
28,CASH_OUT,7948.77,3288.02,2727.58,19119.31,25322.65,0
28,TRANSFER,3853.66,8371.89,5567.04,1404.07,2227.31,0
29,TRANSFER,4274.19,3371.22,2938.7,35285.72,38020.19,0
29,CASH_OUT,1257.12,76701.05,51961.55,15072.73,15496.73,0
29,PAYMENT,1694.46,27518.07,25927.25,10258.51,10438.73,0
29,PAYMENT,916.06,10921.54,9123.38,23984.24,24302.54,0
29,PAYMENT,9416.18,1265.78,922.54,3424.2,5525.48,0
29,TRANSFER,4403.58,20490.33,18948.12,10738.89,12460.35,0
29,TRANSFER,1310.82,8175.94,5567.35,13755.03,14989.25,0
29,TRANSFER,1746.47,45516.85,32260.26,33257.14,34941.92,0
29,PAYMENT,1520.58,27035.9,15967.26,3630.05,4356.31,0
29,CASH_OUT,3307.44,15961.61,13129.03,1663.4,3166.38,0
29,TRANSFER,2347.57,12321.99,9486.73,3908.42,4425.35,0
29,PAYMENT,8986.32,33020.36,20707.18,15323.69,21920.18,0
29,PAYMENT,1897.52,10585.78,8039.44,2628.75,2862.36,0
29,PAYMENT,2214.41,21173.25,16106.05,2925.05,3694.3,0
29,CASH_OUT,3582.83,17523.15,14780.34,17988.24,18615.3,0
29,PAYMENT,1660.92,3069.88,2215.54,10131.97,10881.13,0
29,PAYMENT,8106.62,4977.21,4460.22,7781.18,14700.12,0
29,PAYMENT,2674.37,6811.75,3235.78,15679.29,16215.56,0
29,CASH_OUT,4624.01,5800.55,5129.15,2078.58,2611.4,0
29,TRANSFER,1192.66,38364.36,29933.92,16103.45,16909.04,0
29,PAYMENT,228.67,49531.2,48172.34,4529.38,4626.87,0
29,CASH_OUT,20577.12,7743.86,6959.7,54009.24,63234.39,1
29,TRANSFER,4410.38,18009.45,14833.39,8696.62,11956.23,0
29,CASH_OUT,1081.91,5288.21,3818.23,5656.76,6022.59,0
29,CASH_OUT,6263.81,7809.43,4130.09,23141.08,29202.88,1
29,TRANSFER,4274.99,24895.13,23827.52,1527.93,2962.75,0
29,CASH_OUT,1747.92,16144.68,7625.27,23712.37,24531.86,0
29,DEBIT,8759.83,25511.82,23032.34,33345.27,40469.03,0
29,TRANSFER,1618.44,60447.39,54044.02,4657.64,5941.6,0
29,TRANSFER,2093.54,5180.92,2994.57,5394.46,6544.8,0
29,CASH_IN,2575.45,2848.45,1971.84,17118.74,19463.32,0
29,CASH_IN,3691.17,18522.5,16139.74,6558.46,8095.33,0
29,CASH_IN,332.79,16463.56,12466.49,11451.69,11574.94,0
29,CASH_OUT,1732.32,2474.15,2186.48,17004.82,18514.62,0
29,CASH_OUT,1128.93,14694.34,6380.92,17074.18,17571.42,0
29,PAYMENT,3458.91,3881.82,3088.59,65355.82,66076.19,0
29,PAYMENT,5607.2,2867.85,2563.4,7493.86,12033.22,0
29,TRANSFER,2610.6,37232.63,27829.38,4006.46,5348.01,0
29,CASH_OUT,8221.07,1650.09,1370.68,7126.34,7999.02,0
29,CASH_OUT,3154.4,9210.75,8317.44,2411.98,3861.58,0
29,TRANSFER,13257.25,7824.59,6064.49,14549.81,17050.43,1
29,TRANSFER,5319.9,4342.76,3302.81,52053.61,55745.09,0
29,PAYMENT,816.72,9542.42,7859.17,5337.42,5959.94,0
29,PAYMENT,1672.88,7802.0,6675.0,17094.36,17484.25,0
29,PAYMENT,28952.15,16140.45,13679.59,10863.79,36130.84,0
29,PAYMENT,6325.15,8070.0,6796.72,7640.82,12815.19,0
29,PAYMENT,1364.75,32510.78,23969.74,16940.07,17981.46,0
29,PAYMENT,793.27,10228.41,5847.88,15467.04,16045.65,0
29,TRANSFER,2401.57,34216.28,29960.88,1828.32,2378.27,0
29,TRANSFER,7993.82,15562.25,10930.21,4189.11,10979.51,0
29,DEBIT,5129.5,2124.42,1509.11,1050.24,4224.95,0
29,PAYMENT,6941.39,1270.53,1066.84,25475.32,28316.65,0
29,CASH_OUT,3934.56,9881.5,7781.83,37596.88,40839.16,0
29,TRANSFER,4521.77,6518.18,5387.18,2341.85,6608.28,0
29,CASH_OUT,574.49,3630.57,1592.86,33030.36,33555.0,0
29,CASH_OUT,3331.51,24890.02,19474.68,54737.23,55889.43,0
29,PAYMENT,1936.45,2807.42,2560.81,89985.67,91624.22,0
29,CASH_IN,3207.82,10842.53,9061.17,9678.65,11604.62,0
29,PAYMENT,7589.24,17331.58,11666.36,20159.91,23019.48,0
29,TRANSFER,8608.05,3159.52,1168.03,3374.84,9595.21,1
29,CASH_IN,2527.91,9637.22,7725.98,7237.38,9306.69,0
29,PAYMENT,2834.4,18215.11,8634.89,2916.75,5067.57,0
29,TRANSFER,8584.71,40943.98,40356.06,1846.39,2896.05,1
29,CASH_OUT,509.32,7170.0,4068.57,8528.47,8974.58,0
29,CASH_IN,1539.83,8034.07,6621.17,34632.13,34951.63,0
29,TRANSFER,7432.11,41644.67,34079.59,19885.0,23367.98,0
29,CASH_OUT,1169.79,2353.1,1228.63,5593.58,6014.7,0
29,TRANSFER,689.54,7914.54,7185.84,1439.16,2072.37,0
29,CASH_OUT,3255.43,789.84,461.19,8164.62,11110.11,0
29,CASH_IN,4060.07,25011.09,19319.32,54770.08,57606.27,0
29,CASH_IN,1688.79,146818.9,95321.74,6605.56,7632.04,0
29,TRANSFER,5332.37,2214.61,1986.77,8779.75,13994.65,0
29,TRANSFER,6816.17,88395.96,72539.84,9749.48,15829.04,0
29,PAYMENT,2015.4,7251.21,3990.48,55688.42,57646.09,0
29,CASH_OUT,2398.81,45559.57,35327.79,1012.86,2745.11,0
29,TRANSFER,1060.44,11272.2,8416.86,18978.76,19101.38,0
29,PAYMENT,2052.39,22482.6,14922.75,5230.69,6673.37,0
29,PAYMENT,937.43,9850.68,8219.51,16258.46,16990.81,0
29,PAYMENT,4847.0,24030.99,11954.04,14478.27,16778.2,0
29,CASH_OUT,2299.8,6143.7,4147.18,35022.15,35318.04,0
29,PAYMENT,762.75,42115.35,31973.88,24386.97,24629.38,0
29,CASH_OUT,8454.73,6469.48,4581.77,1603.55,3607.41,0
29,TRANSFER,4557.34,4080.43,1924.44,15503.93,19619.59,0
29,CASH_OUT,526.71,6179.88,4407.49,24967.58,25476.47,0
29,TRANSFER,3558.52,10308.35,9206.97,3358.01,3758.36,0
29,TRANSFER,9807.75,2645.69,1907.22,19529.13,28646.12,0
29,CASH_IN,13149.61,5537.95,2263.13,7605.87,13350.75,0
29,CASH_IN,1135.41,31862.29,27972.22,2691.4,3509.62,0
29,CASH_OUT,811.22,19386.34,14010.1,6934.2,7526.44,0
29,PAYMENT,4762.67,14638.84,10496.25,9043.5,10327.65,0
29,DEBIT,2690.02,39797.1,37897.96,92779.09,93515.5,0
29,CASH_OUT,2949.74,16715.7,14402.37,6945.7,8143.13,0
29,CASH_OUT,555.87,19333.93,12253.35,4875.55,5255.58,0
29,CASH_IN,5481.25,29919.42,27419.98,2846.44,6488.25,0
29,CASH_OUT,1002.99,15330.73,11229.19,32798.18,33791.98,0
29,CASH_OUT,1854.26,19433.34,11380.06,47087.82,47359.73,0
29,TRANSFER,4257.38,6886.63,4338.3,6102.75,7494.42,0
29,PAYMENT,3417.12,18910.1,17181.49,2890.01,4635.02,0
29,CASH_OUT,1334.79,3524.1,2334.83,3773.65,4462.56,0
29,PAYMENT,1533.73,13425.1,9589.4,17435.99,17637.05,0
29,CASH_OUT,50871.92,4694.18,3558.77,6652.89,28075.29,1
29,CASH_OUT,1828.12,16433.85,11744.95,24707.23,25722.8,0
29,PAYMENT,585.97,2183.81,1753.26,20821.37,21044.4,0
29,PAYMENT,1570.84,827.78,682.86,10148.94,11640.33,0
29,DEBIT,4781.52,3387.17,2324.47,6810.66,7706.72,0
29,CASH_IN,1141.68,11320.71,10144.7,19398.57,20240.76,0
29,CASH_IN,7002.08,6570.05,5647.65,14788.79,19341.75,0
29,TRANSFER,3659.47,22311.92,19864.06,14575.49,15170.53,0
29,TRANSFER,10587.47,12637.03,9887.87,62668.58,63783.59,1
29,DEBIT,544.31,2178.81,1258.66,12405.92,12638.33,0
29,PAYMENT,1474.0,24772.52,16368.43,3662.32,5066.35,0
29,DEBIT,7335.97,39049.74,19105.27,43245.84,44253.08,0
29,CASH_IN,1385.02,22039.61,19033.76,13236.73,14137.87,0
29,TRANSFER,2273.32,8776.69,6307.49,14449.05,14974.29,0
29,PAYMENT,2676.77,6755.34,4244.08,15740.94,18220.57,0
29,PAYMENT,801.41,6663.15,5576.52,16636.68,16846.5,0
29,TRANSFER,1151.61,72060.65,43215.99,8917.79,9259.17,0
29,TRANSFER,1619.83,4379.41,4202.48,5123.91,6410.59,0
29,PAYMENT,2309.83,18765.45,17581.13,2742.81,4667.26,0
29,CASH_OUT,4065.29,47948.22,43792.54,18605.17,19587.18,0
29,CASH_IN,2173.81,9091.29,8801.64,20946.98,22785.48,0
29,PAYMENT,7003.53,4985.29,3267.34,7653.25,14078.27,0
29,CASH_OUT,1084.57,6602.79,3316.13,15916.48,16791.86,0
29,CASH_OUT,790.95,5406.67,3385.57,19761.23,20288.38,0
29,PAYMENT,1816.99,2163.85,1682.07,16253.84,17573.53,0
29,TRANSFER,820.91,5356.94,4782.63,11914.22,12524.37,0
29,TRANSFER,3928.66,3791.24,2367.42,5671.4,8946.54,0
29,DEBIT,1396.37,5178.03,4772.76,2267.12,3437.85,0
29,CASH_OUT,2167.87,37757.15,29355.45,3566.53,5367.68,0
29,PAYMENT,2969.47,3710.61,1945.6,97845.75,99476.4,0
29,PAYMENT,4893.4,14773.04,10272.15,6906.07,11526.65,0
29,CASH_IN,1647.68,19933.53,15188.33,8277.02,9529.69,0
29,CASH_OUT,1063.56,23779.29,16429.3,2269.03,3123.16,0
29,CASH_OUT,2642.97,33447.85,26806.7,20165.03,22406.67,0
29,PAYMENT,1486.49,73229.3,51587.3,16790.71,17316.12,0
29,PAYMENT,2323.06,26337.33,12091.95,14133.18,15207.56,0
29,TRANSFER,3467.49,17357.36,14868.79,11053.24,12705.9,0
29,CASH_OUT,1795.67,1328.62,1267.5,18392.12,20123.36,0
29,TRANSFER,1644.16,1891.27,1734.07,8690.31,10022.84,0
29,PAYMENT,7196.62,13409.08,11926.22,11087.79,12319.03,0
29,CASH_OUT,18022.17,666.13,460.71,12693.5,17191.33,1
29,TRANSFER,1001.23,5417.74,2697.88,7635.22,8253.88,0
29,PAYMENT,2908.69,35790.45,14377.9,6485.08,8373.39,0
29,CASH_OUT,470.38,2191.22,1019.29,35129.51,35349.76,0
29,CASH_IN,1773.68,3619.1,3513.99,30524.64,32014.29,0
29,TRANSFER,819.86,2050.63,1962.63,26977.22,27288.97,0
29,TRANSFER,8544.6,3395.85,2751.98,5229.72,6418.24,0
29,CASH_IN,23954.95,693.19,540.45,7480.76,20983.59,0
29,CASH_IN,2558.53,1282.82,641.27,12188.21,14281.54,0
29,TRANSFER,1605.2,5450.67,3248.23,19133.15,19445.5,0
29,CASH_IN,832.27,42977.05,24773.74,3373.97,4022.04,0
29,TRANSFER,5316.29,12120.08,8870.74,6819.01,12029.47,0
29,PAYMENT,1274.01,5362.02,4291.96,34267.58,34843.65,0
29,TRANSFER,701.19,9553.18,5254.95,9453.19,10075.68,0
29,PAYMENT,1264.4,9643.53,3731.91,1584.5,2761.15,0
29,CASH_OUT,2153.23,16315.83,9451.19,7479.42,8790.94,0
29,PAYMENT,694.27,4447.07,3815.46,3442.78,3707.07,0
29,TRANSFER,5253.88,58579.65,29707.83,15259.97,19401.1,0
29,PAYMENT,6086.16,4693.0,4304.05,13234.05,14821.52,0
29,CASH_IN,6874.0,1211.33,989.79,50382.94,56153.72,0
29,TRANSFER,3489.24,8891.31,8702.63,4147.25,5207.99,0
29,PAYMENT,3601.31,2117.02,1617.74,3359.38,4779.72,0
29,PAYMENT,5472.47,469.59,377.59,9309.66,14509.56,0
29,PAYMENT,1319.59,20241.59,12442.62,3197.27,3513.51,0
29,CASH_OUT,2460.22,955.97,526.91,2312.29,4435.72,0
29,TRANSFER,4538.78,16397.03,11486.06,4459.72,7603.21,0
29,CASH_IN,3381.9,11877.88,10265.19,42244.97,44438.14,0
29,PAYMENT,2961.4,1803.51,1610.31,5639.41,7022.04,0
29,CASH_OUT,1019.48,17299.29,14641.11,16112.03,16460.47,0
29,CASH_OUT,10296.45,9418.04,8636.4,16205.5,23136.49,0
29,CASH_IN,14821.36,8160.16,7660.42,31407.05,34468.49,0
29,CASH_IN,1118.64,9922.76,6655.43,14710.12,15015.73,0
29,TRANSFER,1937.69,1238.62,1053.22,7898.36,8239.67,0
29,PAYMENT,1190.74,4143.29,3681.65,5186.21,5979.96,0
29,PAYMENT,1130.99,2830.0,2186.19,2328.47,2917.82,0
29,CASH_OUT,13610.96,992.22,920.63,16674.27,22900.45,1
29,PAYMENT,15542.8,3574.1,2043.73,14276.5,29216.59,0
29,CASH_OUT,21086.5,6383.47,5060.46,12918.51,18590.28,1
29,CASH_IN,12589.5,5542.96,3028.92,4892.34,13119.33,0
29,CASH_OUT,10530.82,94841.98,81233.0,7416.59,13644.58,1
29,CASH_IN,3578.7,7334.48,5604.15,34133.63,34886.53,0
29,CASH_IN,327.95,20308.5,17329.26,37972.01,38208.62,0
29,CASH_OUT,5283.19,22682.71,15466.5,4707.33,9663.96,1
29,TRANSFER,980.07,23732.44,18507.63,152109.7,152963.74,0
29,CASH_IN,4183.11,6319.36,3976.02,22072.18,25312.98,0
29,PAYMENT,4380.36,5640.43,5033.49,3735.45,6787.22,0
29,CASH_IN,942.07,7150.11,6634.37,3708.13,3861.98,0
29,TRANSFER,2752.65,64561.51,49639.42,16066.52,18476.75,1
29,CASH_OUT,2244.52,13287.06,11538.58,5860.68,6149.22,0
29,CASH_OUT,9612.13,10528.6,8290.96,1679.9,9090.37,0
29,DEBIT,667.56,6484.9,5437.74,6824.29,7459.49,0
30,TRANSFER,1336.88,5350.64,3057.75,1793.69,2621.08,0
30,CASH_IN,7022.29,1641.81,1132.83,5146.74,8509.35,0
30,PAYMENT,736.45,922.64,524.22,31719.41,31945.14,0
30,CASH_OUT,5237.75,121593.72,63777.26,7604.09,9489.52,1
30,TRANSFER,2675.66,16519.16,13685.77,23689.98,24805.65,0
30,TRANSFER,4791.61,4993.97,3285.94,3063.07,7060.44,0
30,CASH_OUT,554.41,2124.82,1667.81,15485.76,15816.43,0
30,DEBIT,11651.82,17291.36,9493.84,19615.86,21801.68,0
30,CASH_IN,16227.11,3552.8,2873.09,14310.36,16542.07,0
30,CASH_IN,12171.76,586.7,327.01,5994.8,13426.71,0
30,PAYMENT,5148.4,7093.36,5984.6,18645.26,19334.94,0
30,PAYMENT,12688.03,36799.74,24042.67,2335.51,11909.79,0
30,CASH_OUT,2253.37,91838.81,51186.75,2848.01,3766.79,0
30,TRANSFER,7580.13,57586.5,56286.17,36412.73,42945.05,0
30,CASH_IN,1717.16,17583.41,14706.92,20071.3,21165.93,0
30,DEBIT,527.05,37439.44,31086.92,68348.59,68773.22,0
30,CASH_OUT,1102.07,2082.65,1478.23,50150.37,51017.07,0
30,CASH_OUT,1801.6,20683.45,17278.55,50324.42,52003.83,0
30,PAYMENT,3120.52,4794.98,3870.97,6049.52,8680.55,0
30,TRANSFER,311.33,48000.78,26070.8,20175.1,20338.07,0
30,PAYMENT,2803.75,41274.21,31777.88,9577.06,10017.45,0
30,PAYMENT,341.18,16423.56,14645.79,17704.07,17811.33,0
30,PAYMENT,6938.99,7194.04,5698.96,11326.25,14579.9,0
30,CASH_IN,762.53,3337.65,2898.27,52307.86,52570.06,0
30,TRANSFER,1661.22,3516.84,3230.02,7236.66,8567.85,0
30,CASH_OUT,686.53,3083.95,1751.75,9157.58,9522.74,0
30,CASH_OUT,7702.45,8620.55,3126.33,12846.15,19045.86,1
30,CASH_IN,1419.14,21762.53,15722.41,9874.18,10813.47,0
30,CASH_OUT,1711.35,3284.74,2019.76,94023.08,94362.57,0
30,CASH_IN,4097.0,1685.13,1464.6,18749.27,21845.52,0
30,PAYMENT,1311.02,15850.83,14371.77,4281.17,4679.8,0
30,TRANSFER,1618.24,19424.35,18595.79,4755.98,6162.93,0
30,PAYMENT,1635.56,7578.49,5631.98,5917.57,6506.67,0
30,CASH_OUT,2252.26,7379.18,5637.96,13542.57,14049.67,0
30,PAYMENT,57772.8,3254.36,2433.71,31895.61,76267.23,0
30,CASH_OUT,1535.51,2350.29,1298.17,8074.16,8549.09,0
30,PAYMENT,8553.82,7959.36,5824.13,14905.02,18583.18,0
30,CASH_IN,10333.39,14637.1,10737.33,22440.26,27111.37,0
30,TRANSFER,3555.02,6305.02,5728.95,4718.25,6888.55,0
30,CASH_OUT,3800.11,2064.78,1721.04,21380.28,23065.59,0
30,CASH_IN,6532.07,1967.2,1813.47,3509.82,6522.96,0
30,CASH_IN,1917.08,31854.32,26943.75,12219.73,13996.36,0
30,CASH_OUT,790.03,4954.86,4658.32,7353.72,7825.68,0
30,CASH_OUT,5889.05,1006.88,973.38,8110.01,11654.15,0
30,TRANSFER,17657.38,2721.65,2455.3,12868.95,29578.47,1
30,PAYMENT,3428.29,10702.72,5148.59,5443.71,7433.09,0
30,TRANSFER,2603.59,11788.76,8155.05,58475.65,59580.43,1
30,TRANSFER,932.08,3545.0,2550.02,7419.65,7660.15,0
30,TRANSFER,1298.65,1780.44,1478.55,4052.66,4637.02,0
30,CASH_OUT,2988.84,3171.21,2447.32,19262.55,20460.62,0
30,CASH_IN,3289.02,24958.79,20784.0,107923.99,108846.87,0
30,CASH_OUT,544.36,8276.54,5493.35,8006.36,8530.3,0
30,PAYMENT,2953.86,1575.09,1029.77,28469.25,28784.15,0
30,CASH_IN,3665.9,1500.13,1420.03,4032.43,6096.48,0
30,TRANSFER,2760.9,18133.94,12071.34,45638.18,47294.23,0
30,CASH_IN,3166.23,15544.4,11837.13,46459.94,48361.18,0
30,PAYMENT,7216.7,712.95,529.91,16362.0,19370.71,0
30,CASH_OUT,4068.41,7703.45,4789.33,51066.08,51805.67,0
30,CASH_OUT,2465.66,2962.42,1417.67,17392.85,17745.33,0
30,CASH_IN,1643.58,12515.57,9909.83,70194.09,70386.43,0
30,TRANSFER,3238.75,8501.88,6874.49,4386.14,5758.71,0
30,CASH_OUT,2970.95,14726.67,7928.55,30337.49,31446.15,0
30,CASH_OUT,57937.4,5028.27,4506.39,54574.08,72185.2,1
30,PAYMENT,552.02,37542.44,27504.39,1666.02,2008.21,0
30,PAYMENT,2284.89,2220.28,1324.2,2402.03,2797.58,0
30,TRANSFER,3897.82,11184.68,3599.68,10398.72,11784.76,0
30,PAYMENT,3605.79,2022.99,1923.66,7186.17,10267.66,0
30,CASH_OUT,4675.8,7181.94,3831.36,5917.91,7424.61,0
30,TRANSFER,2881.07,15793.03,11250.26,12235.44,14113.37,0
30,PAYMENT,9914.63,68348.72,66591.88,13038.62,14068.11,0
30,TRANSFER,16281.01,3099.7,2268.07,8430.76,13924.67,1
30,TRANSFER,3016.83,4109.67,3484.19,42915.09,44257.07,0
30,DEBIT,2796.92,6069.32,5014.09,42970.37,43647.39,0
30,TRANSFER,6990.82,4928.8,3602.49,12957.06,14033.88,0
30,CASH_OUT,657.64,49454.25,39205.81,15524.64,15710.88,0
30,DEBIT,1055.62,5267.61,4776.12,80095.27,80552.26,0
30,TRANSFER,3612.67,2153.45,1730.93,17335.64,18433.26,0
30,PAYMENT,4051.03,2449.4,2284.02,9182.72,11751.67,0
30,PAYMENT,2592.67,36579.26,23608.5,6149.74,8417.62,0
30,CASH_IN,4714.84,4003.73,2490.67,2284.19,3634.47,0
30,CASH_OUT,729.24,21345.73,12375.13,6551.3,7227.4,0
30,CASH_IN,2793.09,3847.37,3561.7,4216.93,6147.1,0
30,TRANSFER,2156.14,16699.24,14189.88,11894.03,13290.22,0
30,TRANSFER,1384.51,42038.9,19868.47,6683.99,7475.11,0
30,CASH_OUT,535.62,1638.59,1276.48,10939.29,11256.13,0
30,PAYMENT,9168.94,5990.16,3707.88,13745.34,20474.35,0
30,PAYMENT,2777.37,7062.28,3530.67,6761.29,8788.3,0
30,CASH_OUT,419.84,3780.8,3346.62,9052.09,9388.85,0
30,PAYMENT,18475.81,20241.47,15921.85,7969.8,21493.81,0
30,PAYMENT,488.44,41964.77,26836.26,7883.58,8173.12,0
30,PAYMENT,6250.64,28582.34,25397.03,9918.47,12580.44,0
30,CASH_IN,2107.85,2100.49,1548.74,6569.77,8650.61,0
30,CASH_IN,2494.45,33914.39,30417.78,3291.08,5181.34,0
30,PAYMENT,496.3,5601.53,3858.28,6415.41,6758.63,0
30,PAYMENT,9186.09,2860.39,1735.6,9016.88,16276.78,0
30,PAYMENT,5315.5,4268.32,1387.58,2108.11,5138.48,0
30,CASH_OUT,1064.43,1430.44,1335.56,7243.75,7556.95,0
30,PAYMENT,937.98,24331.1,15432.45,18614.42,19447.5,0
30,PAYMENT,5173.08,8487.71,5765.8,7477.85,8217.68,0
30,CASH_IN,957.17,11626.55,8699.54,12629.47,12800.92,0
30,TRANSFER,4675.15,32094.46,20490.28,10755.35,12243.08,0
30,CASH_OUT,3078.09,5507.9,5241.28,43253.54,44070.04,0
30,PAYMENT,1856.6,69374.35,58718.31,22343.2,22641.35,0
30,CASH_OUT,5349.52,106691.09,69845.17,53951.51,56307.65,0
30,TRANSFER,3661.72,7393.6,5302.24,12721.31,14598.34,0
30,CASH_OUT,16536.19,1453.58,1124.89,2311.85,18193.48,1
30,CASH_OUT,21996.38,11966.44,4708.95,5020.63,15552.18,1
30,DEBIT,2461.49,1833.51,1541.72,7559.75,8016.2,0
30,CASH_OUT,2257.54,9534.87,7649.08,14558.97,15913.2,0
30,CASH_OUT,4903.69,45883.85,34092.1,2320.31,5577.29,0
30,CASH_OUT,29183.01,2677.1,2599.27,9001.24,37713.8,1
30,DEBIT,14216.7,6233.79,4313.78,9445.84,22532.11,0
30,PAYMENT,38492.33,9950.75,8079.79,6644.8,26324.32,0
30,PAYMENT,528.54,17486.61,16033.65,11702.26,12198.16,0
30,PAYMENT,4091.87,3802.33,3377.27,17385.01,20550.15,0
30,PAYMENT,16382.73,10296.5,7955.18,940.04,9874.92,0
30,PAYMENT,274.3,5409.14,3991.33,12324.12,12456.25,0
30,CASH_OUT,19131.59,10775.66,8589.07,3605.29,17143.49,1
30,CASH_IN,54436.46,23439.61,19550.07,12831.22,64483.61,0
30,PAYMENT,2386.61,8262.48,6953.58,11750.34,12809.52,0
30,CASH_OUT,257.65,8903.52,7945.96,4412.92,4525.54,0
30,PAYMENT,1830.29,11764.09,7351.66,124589.72,126159.5,0
30,TRANSFER,1616.9,14304.34,12970.58,20894.74,21726.64,0
30,CASH_OUT,1394.0,5405.25,3495.94,36907.36,37514.81,0
30,DEBIT,6211.54,11003.1,10032.35,12074.9,13315.91,0
30,PAYMENT,464.39,8393.74,6499.04,5572.71,5888.98,0
30,CASH_OUT,2249.29,3119.78,2850.46,34894.78,36221.27,0
30,PAYMENT,18151.9,39608.32,35492.08,2169.56,19890.9,0
30,PAYMENT,5332.56,5487.28,4201.78,5146.31,6954.45,0
30,CASH_IN,3622.56,473.42,405.23,4940.83,7037.41,0
30,DEBIT,533.98,3967.98,1758.86,7716.6,8225.13,0
30,CASH_OUT,3341.36,7613.22,3297.75,50895.55,53056.28,0
30,CASH_OUT,4461.95,5868.25,5346.22,5979.53,8471.18,0
30,CASH_IN,1052.97,19984.11,12799.62,23320.77,23790.69,0
30,CASH_OUT,1525.57,10255.12,8995.34,4475.07,5784.27,0
30,CASH_IN,1294.88,11051.46,9410.01,10787.39,12034.13,0
30,CASH_OUT,8661.13,3673.29,2891.65,17035.89,21058.17,1
30,TRANSFER,859.61,18725.66,14563.76,8334.91,8878.39,0
30,PAYMENT,1062.43,8477.28,6431.53,1381.57,2259.28,0
30,PAYMENT,378.5,11590.43,6112.57,108889.28,109201.45,0
30,CASH_OUT,4128.25,6519.08,4566.86,89005.85,91332.13,0
30,TRANSFER,1088.61,4302.42,3427.85,6101.37,6810.86,0
30,PAYMENT,524.48,36409.42,31392.5,12194.2,12712.78,0
30,TRANSFER,3429.77,9746.57,9628.43,5224.69,6200.34,0
30,TRANSFER,522.72,27011.1,21844.02,32605.28,33060.49,0
30,CASH_OUT,1011.24,67562.12,47028.19,15367.08,15542.14,0
30,PAYMENT,8303.73,2848.74,2611.0,13771.05,15778.77,0
30,TRANSFER,1340.2,175732.39,136633.38,65303.7,66271.92,0
30,CASH_IN,1761.4,15158.27,10886.24,7967.74,8934.97,0
30,CASH_OUT,2033.33,635.95,444.55,20908.1,22365.55,0
30,DEBIT,664.35,19255.18,12072.26,9456.63,9858.92,0
30,TRANSFER,1818.74,3018.2,2670.45,35509.18,35830.18,0
30,DEBIT,2645.03,6676.2,4187.25,13358.11,14533.26,0
30,CASH_OUT,1850.6,2992.75,2195.97,10873.63,12195.41,0
30,CASH_IN,6373.14,11685.02,4792.92,2621.75,4576.93,0
30,CASH_IN,3040.5,19760.19,15289.63,27773.33,29299.13,0
30,PAYMENT,4399.18,8850.57,5593.82,40315.12,43409.37,0
30,CASH_OUT,9088.33,25237.67,14909.84,17113.49,23215.46,0
30,TRANSFER,1170.49,1799.24,1546.53,6461.86,6938.85,0
30,CASH_OUT,13371.25,1952.11,866.87,11308.15,24443.3,1
30,CASH_OUT,2119.46,9766.92,7026.55,30232.69,31565.4,0
30,PAYMENT,551.93,5921.74,4500.47,36779.5,37261.67,0
30,PAYMENT,6230.73,14937.67,11148.5,5584.53,11371.84,0
30,PAYMENT,8062.42,12607.52,7338.95,7990.95,9926.99,0
30,PAYMENT,854.89,2208.19,1170.74,13188.26,13614.69,0
30,PAYMENT,2287.4,13670.31,9619.77,10345.9,11492.01,0
30,DEBIT,2541.1,753.33,394.44,7020.78,7368.45,0
30,CASH_IN,14027.98,7294.12,5256.2,22855.98,28087.27,0
30,CASH_OUT,4694.27,1637.84,1187.08,11925.95,14172.7,0
30,PAYMENT,1108.04,23600.88,11652.88,11696.24,12312.72,0
30,CASH_OUT,2750.05,12500.68,8852.23,7374.13,8228.49,0
30,CASH_OUT,5575.6,1321.99,1119.99,10846.67,13556.4,0
30,CASH_OUT,5777.12,14580.7,13106.43,50195.96,51513.47,0
30,CASH_OUT,1595.61,18245.6,13061.52,160310.42,160841.16,0
30,CASH_IN,4043.87,13471.23,12471.35,23367.18,26687.09,0
30,TRANSFER,1130.58,4933.51,3238.01,28132.82,29133.23,0
30,CASH_OUT,1230.15,3701.24,2906.73,7730.77,8609.06,0
30,CASH_OUT,3161.4,15729.07,13262.15,13653.73,15759.81,0
30,PAYMENT,2307.41,5552.24,3837.86,4012.41,4827.09,0
30,DEBIT,2748.68,7465.93,6850.75,87993.34,90266.51,0
30,TRANSFER,1830.94,5098.92,3332.32,31502.0,33214.08,0
30,CASH_IN,3012.28,45348.0,37117.98,14177.0,16266.09,0
30,CASH_OUT,1683.61,1925.16,1482.77,166870.3,168027.55,0
30,TRANSFER,5573.1,7765.48,7361.31,5989.42,8593.62,0
30,TRANSFER,9296.02,4749.94,4071.85,10679.92,17521.68,0
30,CASH_IN,2124.29,6521.94,6118.71,39134.71,40946.46,0
30,TRANSFER,4173.32,16372.25,10591.53,73431.19,75050.21,0
30,CASH_OUT,4603.55,4402.7,3453.81,7804.7,9114.56,0
30,TRANSFER,4681.51,111166.07,94644.59,4805.92,7497.8,0
30,TRANSFER,159.74,13085.7,7734.45,3550.96,3585.37,0
30,PAYMENT,1651.7,3419.06,2278.93,8678.2,9600.93,0
30,CASH_OUT,3966.09,14561.76,11390.28,7562.1,10206.42,0
30,CASH_OUT,10202.61,7913.02,4477.12,5356.68,10019.13,0
30,CASH_OUT,1846.96,11115.51,6329.2,12872.81,13227.3,0
30,CASH_OUT,2640.52,1279.76,1108.56,7340.62,8279.92,0
30,PAYMENT,7278.83,17494.87,15950.3,10181.98,15097.11,0
30,CASH_OUT,1970.49,7475.45,6358.92,11636.76,13442.97,0
30,CASH_OUT,1086.44,8517.76,7783.56,4171.21,4579.6,0
30,TRANSFER,474.65,6220.81,5059.51,16658.91,16811.45,0
30,PAYMENT,1987.88,44709.8,32607.75,17763.22,18448.83,0
30,PAYMENT,7942.6,17959.63,16141.04,39621.3,44290.16,0
30,CASH_OUT,932.13,106635.52,87452.24,2004.9,2924.36,0
30,PAYMENT,12554.87,12439.98,6027.3,24766.72,30083.37,0
30,CASH_IN,711.84,32388.14,29466.99,17049.49,17506.51,0
30,TRANSFER,3206.01,62224.75,27416.17,20800.21,22297.35,0
30,CASH_OUT,3977.7,8180.5,5719.53,4926.85,8530.9,0
30,TRANSFER,20589.61,10180.25,9347.77,6205.48,21728.4,1
30,CASH_OUT,417.93,5159.07,3034.7,9204.21,9247.8,0
30,CASH_OUT,2092.84,1962.04,1499.42,12461.37,13398.04,0
30,DEBIT,2333.21,13887.49,12882.8,5523.04,7187.61,0
